<?xml version="1.0" encoding="utf-8"?>
<COLLADA xmlns="http://www.collada.org/2005/11/COLLADASchema" version="1.4.1">
  <asset>
    <contributor>
      <author>Mixamo</author>
      <authoring_tool>COLLADA Mixamo exporter</authoring_tool>
      <comments/>
    </contributor>
    <created>2026-05-22T19:45:55Z</created>
    <modified>2026-05-22T19:45:55Z</modified>
    <revision/>
    <title/>
    <unit meter="0.010000"/>
    <up_axis>Y_UP</up_axis>
  </asset>
  <library_animations>
    <animation id="mixamorig_Hips-anim" name="mixamorig_Hips">
      <source id="mixamorig_Hips-Matrix-animation-input">
        <float_array id="mixamorig_Hips-Matrix-animation-input-array" count="17">

0.000000 0.033333 0.066667 0.100000 0.133333 0.166667 0.200000 0.233333 0.266667 0.300000 0.333333 0.366667 0.400000 0.433333 0.466667 0.500000
0.533333</float_array>
        <technique_common>
          <accessor source="#mixamorig_Hips-Matrix-animation-input-array" count="17">
            <param name="TIME" type="float"/>
          </accessor>
        </technique_common>
      </source>
      <source id="mixamorig_Hips-Matrix-animation-output-transform">
        <float_array id="mixamorig_Hips-Matrix-animation-output-transform-array" count="272">

0.556052 0.072175 -0.828008 0.111145 0.033053 0.993514 0.108799 93.793549 0.830490 -0.087866 0.550060 -0.261245 0.000000 0.000000 0.000000 1.000000
0.548966 -0.263171 -0.793333 2.607343 0.107896 0.963510 -0.244962 78.153969 0.828851 0.048879 0.557330 -3.060234 0.000000 0.000000 0.000000 1.000000
0.553345 -0.358065 -0.752063 3.042645 0.113166 0.926834 -0.358011 70.400520 0.825229 0.112996 0.553380 -3.587083 0.000000 0.000000 0.000000 1.000000
0.564918 -0.346109 -0.749051 2.537895 0.095698 0.929134 -0.357145 68.815620 0.819579 0.130075 0.558006 -3.334931 0.000000 0.000000 0.000000 1.000000
0.576333 -0.313979 -0.754492 1.703258 0.082019 0.940809 -0.328863 69.162506 0.813089 0.127652 0.567971 -2.684355 0.000000 0.000000 0.000000 1.000000
0.583841 -0.264428 -0.767598 0.760481 0.076867 0.959229 -0.271977 71.463409 0.808221 0.099789 0.580363 -1.924224 0.000000 0.000000 0.000000 1.000000
0.580643 -0.206539 -0.787524 -0.228012 0.076409 0.976842 -0.199854 75.561554 0.810565 0.055870 0.582978 -1.135519 0.000000 0.000000 0.000000 1.000000
0.570926 -0.147606 -0.807623 -0.605150 0.081026 0.989033 -0.123482 81.381287 0.816993 0.005061 0.576625 -0.426757 0.000000 0.000000 0.000000 1.000000
0.563322 -0.095563 -0.820692 -0.416589 0.088978 0.994529 -0.054731 88.572380 0.821432 -0.042192 0.568743 -0.210198 0.000000 0.000000 0.000000 1.000000
0.564835 -0.092000 -0.820059 -0.343369 0.086108 0.994912 -0.052307 90.851089 0.820699 -0.041069 0.569883 -0.225401 0.000000 0.000000 0.000000 1.000000
0.568860 -0.081033 -0.818433 -0.288488 0.075766 0.996066 -0.045959 92.317818 0.818937 -0.035865 0.572761 -0.128378 0.000000 0.000000 0.000000 1.000000
0.573862 -0.070594 -0.815904 -0.309331 0.069969 0.996861 -0.037039 92.883720 0.815957 -0.035833 0.577000 -0.162326 0.000000 0.000000 0.000000 1.000000
0.579789 -0.057867 -0.812709 -0.360950 0.061863 0.997722 -0.026907 93.179054 0.812415 -0.034676 0.582048 -0.141827 0.000000 0.000000 0.000000 1.000000
0.585839 -0.044801 -0.809188 -0.443046 0.053032 0.998450 -0.016885 93.338562 0.808691 -0.033021 0.587306 -0.065373 0.000000 0.000000 0.000000 1.000000
0.590991 -0.032551 -0.806021 -0.491051 0.043766 0.999008 -0.008254 93.593803 0.805490 -0.030398 0.591830 0.039725 0.000000 0.000000 0.000000 1.000000
0.594290 -0.023296 -0.803914 -0.495127 0.036164 0.999343 -0.002225 93.714966 0.803438 -0.027751 0.594742 0.118668 0.000000 0.000000 0.000000 1.000000
0.595431 -0.019587 -0.803167 -0.499554 0.032940 0.999457 0.000046 93.726234 0.802731 -0.026484 0.595753 0.158155 0.000000 0.000000 0.000000 1.000000</float_array>
        <technique_common>
          <accessor source="#mixamorig_Hips-Matrix-animation-output-transform-array" count="17" stride="16">
            <param type="float4x4"/>
          </accessor>
        </technique_common>
      </source>
      <source id="mixamorig_Hips-Interpolations">
        <Name_array id="mixamorig_Hips-Interpolations-array" count="17">
 LINEAR LINEAR LINEAR LINEAR LINEAR LINEAR LINEAR LINEAR LINEAR LINEAR LINEAR
LINEAR LINEAR LINEAR LINEAR LINEAR LINEAR</Name_array>
        <technique_common>
          <accessor source="#mixamorig_Hips-Interpolations-array" count="17">
            <param type="name"/>
          </accessor>
        </technique_common>
      </source>
      <sampler id="mixamorig_Hips-Matrix-animation-transform">
        <input semantic="INPUT" source="#mixamorig_Hips-Matrix-animation-input"/>
        <input semantic="OUTPUT" source="#mixamorig_Hips-Matrix-animation-output-transform"/>
        <input semantic="INTERPOLATION" source="#mixamorig_Hips-Interpolations"/>
      </sampler>
      <channel source="#mixamorig_Hips-Matrix-animation-transform" target="mixamorig_Hips/matrix"/>
    </animation>
    <animation id="mixamorig_Spine-anim" name="mixamorig_Spine">
      <source id="mixamorig_Spine-Matrix-animation-input">
        <float_array id="mixamorig_Spine-Matrix-animation-input-array" count="17">

0.000000 0.033333 0.066667 0.100000 0.133333 0.166667 0.200000 0.233333 0.266667 0.300000 0.333333 0.366667 0.400000 0.433333 0.466667 0.500000
0.533333</float_array>
        <technique_common>
          <accessor source="#mixamorig_Spine-Matrix-animation-input-array" count="17">
            <param name="TIME" type="float"/>
          </accessor>
        </technique_common>
      </source>
      <source id="mixamorig_Spine-Matrix-animation-output-transform">
        <float_array id="mixamorig_Spine-Matrix-animation-output-transform-array" count="272">

0.999909 -0.012060 0.006100 0.000900 0.011871 0.999475 0.030161 9.923500 -0.006461 -0.030085 0.999526 -1.227300 0.000000 0.000000 0.000000 1.000000
0.999756 0.019428 0.010543 0.000900 -0.018990 0.999013 -0.040165 9.923500 -0.011313 0.039955 0.999137 -1.227300 0.000000 0.000000 0.000000 1.000000
0.999818 0.017364 0.007893 0.000900 -0.016711 0.996942 -0.076340 9.923500 -0.009195 0.076194 0.997051 -1.227300 0.000000 0.000000 0.000000 1.000000
0.999876 0.014940 0.005061 0.000900 -0.014456 0.996276 -0.084998 9.923500 -0.006312 0.084914 0.996368 -1.227300 0.000000 0.000000 0.000000 1.000000
0.999919 0.012353 0.003041 0.000900 -0.012047 0.996245 -0.085733 9.923500 -0.004089 0.085689 0.996314 -1.227300 0.000000 0.000000 0.000000 1.000000
0.999952 0.009713 0.001630 0.000900 -0.009552 0.996764 -0.079812 9.923500 -0.002400 0.079793 0.996809 -1.227300 0.000000 0.000000 0.000000 1.000000
0.999977 0.006300 0.002674 0.000900 -0.006099 0.997577 -0.069302 9.923500 -0.003104 0.069284 0.997592 -1.227300 0.000000 0.000000 0.000000 1.000000
0.999973 0.002951 0.006777 0.000900 -0.002561 0.998373 -0.056971 9.923500 -0.006934 0.056952 0.998353 -1.227300 0.000000 0.000000 0.000000 1.000000
0.999928 0.000169 0.011978 0.000900 0.000375 0.998968 -0.045417 9.923500 -0.011973 0.045419 0.998896 -1.227300 0.000000 0.000000 0.000000 1.000000
0.999855 -0.002546 0.016866 0.000900 0.003177 0.999292 -0.037492 9.923500 -0.016759 0.037541 0.999155 -1.227300 0.000000 0.000000 0.000000 1.000000
0.999813 -0.008071 0.017588 0.000900 0.008688 0.999339 -0.035308 9.923500 -0.017291 0.035454 0.999222 -1.227300 0.000000 0.000000 0.000000 1.000000
0.999856 -0.006070 0.015842 0.000900 0.006712 0.999145 -0.040804 9.923500 -0.015581 0.040904 0.999042 -1.227300 0.000000 0.000000 0.000000 1.000000
0.999962 -0.005393 0.006893 0.000900 0.005756 0.998532 -0.053855 9.923500 -0.006592 0.053893 0.998525 -1.227300 0.000000 0.000000 0.000000 1.000000
0.999995 0.002262 -0.002078 0.000900 -0.002413 0.997120 -0.075803 9.923500 0.001900 0.075808 0.997121 -1.227300 0.000000 0.000000 0.000000 1.000000
0.999940 0.008150 -0.007347 0.000900 -0.008873 0.994497 -0.104384 9.923500 0.006456 0.104443 0.994510 -1.227300 0.000000 0.000000 0.000000 1.000000
0.999938 0.007905 -0.007879 0.000900 -0.008942 0.989868 -0.141708 9.923500 0.006679 0.141770 0.989877 -1.227300 0.000000 0.000000 0.000000 1.000000
0.999949 0.006961 -0.007275 0.000900 -0.008060 0.986420 -0.164044 9.923500 0.006034 0.164094 0.986426 -1.227300 0.000000 0.000000 0.000000 1.000000</float_array>
        <technique_common>
          <accessor source="#mixamorig_Spine-Matrix-animation-output-transform-array" count="17" stride="16">
            <param type="float4x4"/>
          </accessor>
        </technique_common>
      </source>
      <source id="mixamorig_Spine-Interpolations">
        <Name_array id="mixamorig_Spine-Interpolations-array" count="17">
 LINEAR LINEAR LINEAR LINEAR LINEAR LINEAR LINEAR LINEAR LINEAR LINEAR LINEAR
LINEAR LINEAR LINEAR LINEAR LINEAR LINEAR</Name_array>
        <technique_common>
          <accessor source="#mixamorig_Spine-Interpolations-array" count="17">
            <param type="name"/>
          </accessor>
        </technique_common>
      </source>
      <sampler id="mixamorig_Spine-Matrix-animation-transform">
        <input semantic="INPUT" source="#mixamorig_Spine-Matrix-animation-input"/>
        <input semantic="OUTPUT" source="#mixamorig_Spine-Matrix-animation-output-transform"/>
        <input semantic="INTERPOLATION" source="#mixamorig_Spine-Interpolations"/>
      </sampler>
      <channel source="#mixamorig_Spine-Matrix-animation-transform" target="mixamorig_Spine/matrix"/>
    </animation>
    <animation id="mixamorig_Spine1-anim" name="mixamorig_Spine1">
      <source id="mixamorig_Spine1-Matrix-animation-input">
        <float_array id="mixamorig_Spine1-Matrix-animation-input-array" count="17">

0.000000 0.033333 0.066667 0.100000 0.133333 0.166667 0.200000 0.233333 0.266667 0.300000 0.333333 0.366667 0.400000 0.433333 0.466667 0.500000
0.533333</float_array>
        <technique_common>
          <accessor source="#mixamorig_Spine1-Matrix-animation-input-array" count="17">
            <param name="TIME" type="float"/>
          </accessor>
        </technique_common>
      </source>
      <source id="mixamorig_Spine1-Matrix-animation-output-transform">
        <float_array id="mixamorig_Spine1-Matrix-animation-output-transform-array" count="272">

0.999824 -0.007536 0.017200 -0.000000 0.008982 0.996288 -0.085607 11.732000 -0.016491 0.085746 0.996181 0.000000 0.000000 0.000000 0.000000 1.000000
0.999895 -0.007447 0.012438 -0.000000 0.008488 0.996270 -0.085874 11.732000 -0.011752 0.085971 0.996228 0.000000 0.000000 0.000000 0.000000 1.000000
0.999970 -0.007596 0.001252 -0.000000 0.007675 0.996304 -0.085552 11.732000 -0.000597 0.085560 0.996333 -0.000000 0.000000 0.000000 0.000000 1.000000
0.999971 -0.007590 0.000267 -0.000000 0.007585 0.996308 -0.085515 11.732000 0.000383 0.085515 0.996337 -0.000000 0.000000 0.000000 0.000000 1.000000
0.999969 -0.007569 0.001982 0.000000 0.007711 0.996300 -0.085595 11.732000 -0.001327 0.085608 0.996328 -0.000000 0.000000 0.000000 0.000000 1.000000
0.999968 -0.007584 0.002455 -0.000000 0.007766 0.996307 -0.085513 11.732000 -0.001797 0.085530 0.996334 0.000000 0.000000 0.000000 0.000000 1.000000
0.999971 -0.007607 -0.000232 -0.000000 0.007560 0.996334 -0.085210 11.732000 0.000879 0.085206 0.996363 0.000000 0.000000 0.000000 0.000000 1.000000
0.999963 -0.007623 -0.004062 0.000000 0.007251 0.996375 -0.084765 11.732000 0.004694 0.084732 0.996393 0.000000 0.000000 0.000000 0.000000 1.000000
0.999945 -0.007639 -0.007227 0.000000 0.007002 0.996405 -0.084422 11.732000 0.007846 0.084367 0.996404 0.000000 0.000000 0.000000 0.000000 1.000000
0.999944 -0.007669 -0.007300 0.000000 0.007026 0.996414 -0.084321 11.732000 0.007921 0.084265 0.996412 0.000000 0.000000 0.000000 0.000000 1.000000
0.999961 -0.007736 -0.004261 0.000000 0.007349 0.996408 -0.084362 11.732000 0.004898 0.084327 0.996426 0.000000 0.000000 0.000000 0.000000 1.000000
0.999969 -0.007828 -0.000462 0.000000 0.007761 0.996389 -0.084556 11.732000 0.001122 0.084549 0.996419 0.000000 0.000000 0.000000 0.000000 1.000000
0.999928 -0.007773 -0.009103 0.000000 0.006979 0.996426 -0.084185 11.732000 0.009725 0.084115 0.996409 0.000000 0.000000 0.000000 0.000000 1.000000
0.999804 -0.007749 -0.018209 -0.000000 0.006195 0.996453 -0.083921 11.732000 0.018794 0.083791 0.996306 -0.000000 0.000000 0.000000 0.000000 1.000000
0.999731 -0.007791 -0.021844 -0.000000 0.005928 0.996442 -0.084069 11.732000 0.022421 0.083916 0.996221 0.000000 0.000000 0.000000 0.000000 1.000000
0.999812 -0.007804 -0.017749 -0.000000 0.006272 0.996381 -0.084762 11.732000 0.018347 0.084635 0.996243 0.000000 0.000000 0.000000 0.000000 1.000000
0.999870 -0.007780 -0.014094 0.000000 0.006552 0.996342 -0.085206 11.732000 0.014705 0.085102 0.996264 0.000000 0.000000 0.000000 0.000000 1.000000</float_array>
        <technique_common>
          <accessor source="#mixamorig_Spine1-Matrix-animation-output-transform-array" count="17" stride="16">
            <param type="float4x4"/>
          </accessor>
        </technique_common>
      </source>
      <source id="mixamorig_Spine1-Interpolations">
        <Name_array id="mixamorig_Spine1-Interpolations-array" count="17">
 LINEAR LINEAR LINEAR LINEAR LINEAR LINEAR LINEAR LINEAR LINEAR LINEAR LINEAR
LINEAR LINEAR LINEAR LINEAR LINEAR LINEAR</Name_array>
        <technique_common>
          <accessor source="#mixamorig_Spine1-Interpolations-array" count="17">
            <param type="name"/>
          </accessor>
        </technique_common>
      </source>
      <sampler id="mixamorig_Spine1-Matrix-animation-transform">
        <input semantic="INPUT" source="#mixamorig_Spine1-Matrix-animation-input"/>
        <input semantic="OUTPUT" source="#mixamorig_Spine1-Matrix-animation-output-transform"/>
        <input semantic="INTERPOLATION" source="#mixamorig_Spine1-Interpolations"/>
      </sampler>
      <channel source="#mixamorig_Spine1-Matrix-animation-transform" target="mixamorig_Spine1/matrix"/>
    </animation>
    <animation id="mixamorig_Spine2-anim" name="mixamorig_Spine2">
      <source id="mixamorig_Spine2-Matrix-animation-input">
        <float_array id="mixamorig_Spine2-Matrix-animation-input-array" count="17">

0.000000 0.033333 0.066667 0.100000 0.133333 0.166667 0.200000 0.233333 0.266667 0.300000 0.333333 0.366667 0.400000 0.433333 0.466667 0.500000
0.533333</float_array>
        <technique_common>
          <accessor source="#mixamorig_Spine2-Matrix-animation-input-array" count="17">
            <param name="TIME" type="float"/>
          </accessor>
        </technique_common>
      </source>
      <source id="mixamorig_Spine2-Matrix-animation-output-transform">
        <float_array id="mixamorig_Spine2-Matrix-animation-output-transform-array" count="272">

0.999862 -0.001065 0.016594 0.000000 0.005340 0.965662 -0.259747 13.458800 -0.015747 0.259800 0.965534 -0.000000 0.000000 0.000000 0.000000 1.000000
0.999926 -0.002252 0.011996 0.000000 0.005293 0.965606 -0.259954 13.458800 -0.010998 0.259998 0.965546 -0.000000 0.000000 0.000000 0.000000 1.000000
0.999986 -0.005186 0.001205 -0.000000 0.005321 0.965706 -0.259583 13.458800 0.000183 0.259586 0.965720 0.000000 0.000000 0.000000 0.000000 1.000000
0.999985 -0.005429 0.000248 0.000000 0.005307 0.965717 -0.259543 13.458800 0.001169 0.259541 0.965731 0.000000 0.000000 0.000000 0.000000 1.000000
0.999986 -0.004986 0.001902 0.000000 0.005309 0.965694 -0.259630 13.458800 -0.000542 0.259637 0.965706 0.000000 0.000000 0.000000 0.000000 1.000000
0.999985 -0.004883 0.002362 0.000000 0.005329 0.965714 -0.259553 13.458800 -0.001014 0.259562 0.965726 -0.000000 0.000000 0.000000 0.000000 1.000000
0.999985 -0.005555 -0.000240 0.000000 0.005303 0.965796 -0.259248 13.458800 0.001672 0.259243 0.965811 0.000000 0.000000 0.000000 0.000000 1.000000
0.999971 -0.006492 -0.003954 0.000000 0.005247 0.965917 -0.258801 13.458800 0.005500 0.258772 0.965923 0.000000 0.000000 0.000000 0.000000 1.000000
0.999949 -0.007265 -0.007025 0.000000 0.005203 0.966009 -0.258455 13.458800 0.008663 0.258405 0.965998 0.000000 0.000000 0.000000 0.000000 1.000000
0.999948 -0.007307 -0.007093 0.000000 0.005227 0.966035 -0.258357 13.458800 0.008739 0.258307 0.966023 -0.000000 0.000000 0.000000 0.000000 1.000000
0.999969 -0.006647 -0.004122 -0.000000 0.005356 0.966020 -0.258412 13.458800 0.005700 0.258382 0.966026 0.000000 0.000000 0.000000 0.000000 1.000000
0.999983 -0.005839 -0.000411 0.000000 0.005534 0.965964 -0.258616 13.458800 0.001907 0.258610 0.965980 0.000000 0.000000 0.000000 0.000000 1.000000
0.999930 -0.007901 -0.008798 -0.000000 0.005362 0.966073 -0.258213 13.458800 0.010540 0.258148 0.966048 0.000000 0.000000 0.000000 0.000000 1.000000
0.999794 -0.010083 -0.017633 0.000000 0.005195 0.966152 -0.257920 13.458800 0.019637 0.257775 0.966005 -0.000000 0.000000 0.000000 0.000000 1.000000
0.999716 -0.011003 -0.021147 -0.000000 0.005174 0.966117 -0.258051 13.458800 0.023270 0.257869 0.965900 -0.000000 0.000000 0.000000 0.000000 1.000000
0.999802 -0.010032 -0.017167 0.000000 0.005249 0.965933 -0.258740 13.458800 0.019178 0.258598 0.965795 0.000000 0.000000 0.000000 0.000000 1.000000
0.999865 -0.009129 -0.013626 -0.000000 0.005286 0.965814 -0.259182 13.458800 0.015526 0.259075 0.965732 0.000000 0.000000 0.000000 0.000000 1.000000</float_array>
        <technique_common>
          <accessor source="#mixamorig_Spine2-Matrix-animation-output-transform-array" count="17" stride="16">
            <param type="float4x4"/>
          </accessor>
        </technique_common>
      </source>
      <source id="mixamorig_Spine2-Interpolations">
        <Name_array id="mixamorig_Spine2-Interpolations-array" count="17">
 LINEAR LINEAR LINEAR LINEAR LINEAR LINEAR LINEAR LINEAR LINEAR LINEAR LINEAR
LINEAR LINEAR LINEAR LINEAR LINEAR LINEAR</Name_array>
        <technique_common>
          <accessor source="#mixamorig_Spine2-Interpolations-array" count="17">
            <param type="name"/>
          </accessor>
        </technique_common>
      </source>
      <sampler id="mixamorig_Spine2-Matrix-animation-transform">
        <input semantic="INPUT" source="#mixamorig_Spine2-Matrix-animation-input"/>
        <input semantic="OUTPUT" source="#mixamorig_Spine2-Matrix-animation-output-transform"/>
        <input semantic="INTERPOLATION" source="#mixamorig_Spine2-Interpolations"/>
      </sampler>
      <channel source="#mixamorig_Spine2-Matrix-animation-transform" target="mixamorig_Spine2/matrix"/>
    </animation>
    <animation id="mixamorig_Neck-anim" name="mixamorig_Neck">
      <source id="mixamorig_Neck-Matrix-animation-input">
        <float_array id="mixamorig_Neck-Matrix-animation-input-array" count="17">

0.000000 0.033333 0.066667 0.100000 0.133333 0.166667 0.200000 0.233333 0.266667 0.300000 0.333333 0.366667 0.400000 0.433333 0.466667 0.500000
0.533333</float_array>
        <technique_common>
          <accessor source="#mixamorig_Neck-Matrix-animation-input-array" count="17">
            <param name="TIME" type="float"/>
          </accessor>
        </technique_common>
      </source>
      <source id="mixamorig_Neck-Matrix-animation-output-transform">
        <float_array id="mixamorig_Neck-Matrix-animation-output-transform-array" count="272">

0.995260 0.003543 0.097182 0.000000 0.001303 0.998760 -0.049758 15.027800 -0.097237 0.049649 0.994022 0.877900 0.000000 0.000000 0.000000 1.000000
0.995440 0.015690 0.094087 0.000000 -0.018382 0.999444 0.027809 15.027800 -0.093599 -0.029412 0.995175 0.877900 0.000000 0.000000 0.000000 1.000000
0.995600 0.027194 0.089670 0.000000 -0.036053 0.994463 0.098705 15.027800 -0.086490 -0.101503 0.991068 0.877900 0.000000 0.000000 0.000000 1.000000
0.995673 0.030573 0.087753 0.000000 -0.040682 0.992436 0.115824 15.027800 -0.083548 -0.118892 0.989386 0.877900 0.000000 0.000000 0.000000 1.000000
0.995752 0.031815 0.086407 -0.000000 -0.041778 0.992362 0.116068 15.027800 -0.082054 -0.119185 0.989476 0.877900 0.000000 0.000000 0.000000 1.000000
0.995841 0.032652 0.085052 0.000000 -0.042099 0.992842 0.111771 15.027800 -0.080794 -0.114886 0.990088 0.877900 0.000000 0.000000 0.000000 1.000000
0.995938 0.033255 0.083673 -0.000000 -0.041969 0.993624 0.104644 15.027800 -0.079660 -0.107731 0.990984 0.877900 0.000000 0.000000 0.000000 1.000000
0.996037 0.033686 0.082310 0.000000 -0.041510 0.994586 0.095263 15.027800 -0.078655 -0.098302 0.992043 0.877900 0.000000 0.000000 0.000000 1.000000
0.996136 0.033967 0.080993 0.000000 -0.040797 0.995612 0.084219 15.027800 -0.077777 -0.087198 0.993150 0.877900 0.000000 0.000000 0.000000 1.000000
0.996229 0.034150 0.079758 -0.000000 -0.039942 0.996591 0.072187 15.027800 -0.077021 -0.075100 0.994197 0.877900 0.000000 0.000000 0.000000 1.000000
0.996315 0.034261 0.078626 0.000000 -0.039014 0.997452 0.059734 15.027800 -0.076379 -0.062581 0.995113 0.877900 0.000000 0.000000 0.000000 1.000000
0.996392 0.034311 0.077620 0.000000 -0.038071 0.998146 0.047489 15.027800 -0.075846 -0.050273 0.995851 0.877900 0.000000 0.000000 0.000000 1.000000
0.996459 0.034324 0.076759 0.000000 -0.037178 0.998658 0.036065 15.027800 -0.075418 -0.038791 0.996397 0.877900 0.000000 0.000000 0.000000 1.000000
0.996512 0.034328 0.076064 -0.000000 -0.036407 0.998996 0.026118 15.027800 -0.075091 -0.028796 0.996761 0.877900 0.000000 0.000000 0.000000 1.000000
0.996552 0.034302 0.075546 -0.000000 -0.035775 0.999194 0.018230 15.027800 -0.074860 -0.020870 0.996976 0.877900 0.000000 0.000000 0.000000 1.000000
0.996576 0.034288 0.075242 0.000000 -0.035390 0.999284 0.013356 15.027800 -0.074730 -0.015973 0.997076 0.877900 0.000000 0.000000 0.000000 1.000000
0.996586 0.034285 0.075111 0.000000 -0.035222 0.999317 0.011185 15.027800 -0.074676 -0.013792 0.997112 0.877900 0.000000 0.000000 0.000000 1.000000</float_array>
        <technique_common>
          <accessor source="#mixamorig_Neck-Matrix-animation-output-transform-array" count="17" stride="16">
            <param type="float4x4"/>
          </accessor>
        </technique_common>
      </source>
      <source id="mixamorig_Neck-Interpolations">
        <Name_array id="mixamorig_Neck-Interpolations-array" count="17">
 LINEAR LINEAR LINEAR LINEAR LINEAR LINEAR LINEAR LINEAR LINEAR LINEAR LINEAR
LINEAR LINEAR LINEAR LINEAR LINEAR LINEAR</Name_array>
        <technique_common>
          <accessor source="#mixamorig_Neck-Interpolations-array" count="17">
            <param type="name"/>
          </accessor>
        </technique_common>
      </source>
      <sampler id="mixamorig_Neck-Matrix-animation-transform">
        <input semantic="INPUT" source="#mixamorig_Neck-Matrix-animation-input"/>
        <input semantic="OUTPUT" source="#mixamorig_Neck-Matrix-animation-output-transform"/>
        <input semantic="INTERPOLATION" source="#mixamorig_Neck-Interpolations"/>
      </sampler>
      <channel source="#mixamorig_Neck-Matrix-animation-transform" target="mixamorig_Neck/matrix"/>
    </animation>
    <animation id="mixamorig_Head-anim" name="mixamorig_Head">
      <source id="mixamorig_Head-Matrix-animation-input">
        <float_array id="mixamorig_Head-Matrix-animation-input-array" count="17">

0.000000 0.033333 0.066667 0.100000 0.133333 0.166667 0.200000 0.233333 0.266667 0.300000 0.333333 0.366667 0.400000 0.433333 0.466667 0.500000
0.533333</float_array>
        <technique_common>
          <accessor source="#mixamorig_Head-Matrix-animation-input-array" count="17">
            <param name="TIME" type="float"/>
          </accessor>
        </technique_common>
      </source>
      <source id="mixamorig_Head-Matrix-animation-output-transform">
        <float_array id="mixamorig_Head-Matrix-animation-output-transform-array" count="272">

0.790196 0.101702 0.604357 0.000000 -0.102760 0.994161 -0.032939 10.321800 -0.604178 -0.036075 0.796033 3.142400 0.000000 0.000000 0.000000 1.000000
0.800773 0.106931 0.589346 0.000000 -0.191788 0.977907 0.083160 10.321800 -0.567434 -0.179621 0.803589 3.142400 0.000000 0.000000 0.000000 1.000000
0.815265 0.108274 0.568876 0.000000 -0.258730 0.946968 0.190554 10.321800 -0.518075 -0.302538 0.800043 3.142400 0.000000 0.000000 0.000000 1.000000
0.822903 0.105659 0.558271 -0.000000 -0.267294 0.939031 0.216275 10.321800 -0.501382 -0.327196 0.800974 3.142400 0.000000 0.000000 0.000000 1.000000
0.830471 0.100270 0.547963 0.000000 -0.256074 0.942292 0.215668 10.321800 -0.494716 -0.319425 0.808222 3.142400 0.000000 0.000000 0.000000 1.000000
0.839034 0.093138 0.536048 0.000000 -0.237900 0.948866 0.207502 10.321800 -0.489311 -0.301627 0.818288 3.142400 0.000000 0.000000 0.000000 1.000000
0.848282 0.084710 0.522725 -0.000000 -0.215164 0.957101 0.194068 10.321800 -0.483861 -0.277096 0.830118 3.142400 0.000000 0.000000 0.000000 1.000000
0.857828 0.075323 0.508387 0.000000 -0.189211 0.966009 0.176142 10.321800 -0.477839 -0.247293 0.842921 3.142400 0.000000 0.000000 0.000000 1.000000
0.867302 0.065356 0.493473 -0.000000 -0.161404 0.974706 0.154584 10.321800 -0.470888 -0.213719 0.855914 3.142400 0.000000 0.000000 0.000000 1.000000
0.876399 0.055157 0.478417 0.000000 -0.132994 0.982507 0.130355 10.321800 -0.462858 -0.177870 0.868404 3.142400 0.000000 0.000000 0.000000 1.000000
0.884839 0.045104 0.463708 0.000000 -0.105259 0.988922 0.104661 10.321800 -0.453851 -0.141418 0.879784 3.142400 0.000000 0.000000 0.000000 1.000000
0.892399 0.035578 0.449842 0.000000 -0.079342 0.993728 0.078804 10.321800 -0.444217 -0.106016 0.889625 3.142400 0.000000 0.000000 0.000000 1.000000
0.898895 0.026950 0.437334 0.000000 -0.056273 0.996942 0.054229 10.321800 -0.434535 -0.073356 0.897663 3.142400 0.000000 0.000000 0.000000 1.000000
0.904184 0.019578 0.426694 0.000000 -0.036927 0.998792 0.032423 10.321800 -0.425544 -0.045073 0.903815 3.142400 0.000000 0.000000 0.000000 1.000000
0.908125 0.013868 0.418468 -0.000000 -0.022163 0.999642 0.014969 10.321800 -0.418111 -0.022868 0.908108 3.142400 0.000000 0.000000 0.000000 1.000000
0.910455 0.010385 0.413478 0.000000 -0.013268 0.999904 0.004102 10.321800 -0.413395 -0.009221 0.910505 3.142400 0.000000 0.000000 0.000000 1.000000
0.911468 0.008842 0.411275 -0.000000 -0.009358 0.999956 -0.000759 10.321800 -0.411264 -0.003157 0.911511 3.142400 0.000000 0.000000 0.000000 1.000000</float_array>
        <technique_common>
          <accessor source="#mixamorig_Head-Matrix-animation-output-transform-array" count="17" stride="16">
            <param type="float4x4"/>
          </accessor>
        </technique_common>
      </source>
      <source id="mixamorig_Head-Interpolations">
        <Name_array id="mixamorig_Head-Interpolations-array" count="17">
 LINEAR LINEAR LINEAR LINEAR LINEAR LINEAR LINEAR LINEAR LINEAR LINEAR LINEAR
LINEAR LINEAR LINEAR LINEAR LINEAR LINEAR</Name_array>
        <technique_common>
          <accessor source="#mixamorig_Head-Interpolations-array" count="17">
            <param type="name"/>
          </accessor>
        </technique_common>
      </source>
      <sampler id="mixamorig_Head-Matrix-animation-transform">
        <input semantic="INPUT" source="#mixamorig_Head-Matrix-animation-input"/>
        <input semantic="OUTPUT" source="#mixamorig_Head-Matrix-animation-output-transform"/>
        <input semantic="INTERPOLATION" source="#mixamorig_Head-Interpolations"/>
      </sampler>
      <channel source="#mixamorig_Head-Matrix-animation-transform" target="mixamorig_Head/matrix"/>
    </animation>
    <animation id="mixamorig_LeftShoulder-anim" name="mixamorig_LeftShoulder">
      <source id="mixamorig_LeftShoulder-Matrix-animation-input">
        <float_array id="mixamorig_LeftShoulder-Matrix-animation-input-array" count="17">

0.000000 0.033333 0.066667 0.100000 0.133333 0.166667 0.200000 0.233333 0.266667 0.300000 0.333333 0.366667 0.400000 0.433333 0.466667 0.500000
0.533333</float_array>
        <technique_common>
          <accessor source="#mixamorig_LeftShoulder-Matrix-animation-input-array" count="17">
            <param name="TIME" type="float"/>
          </accessor>
        </technique_common>
      </source>
      <source id="mixamorig_LeftShoulder-Matrix-animation-output-transform">
        <float_array id="mixamorig_LeftShoulder-Matrix-animation-output-transform-array" count="272">

0.227693 0.971481 -0.066191 6.105800 0.171111 -0.106838 -0.979442 9.106300 -0.958581 0.211686 -0.190557 0.757100 0.000000 0.000000 0.000000 1.000000
0.302481 0.943729 -0.133723 6.105800 0.137311 -0.181976 -0.973669 9.106300 -0.943213 0.276154 -0.184629 0.757100 0.000000 0.000000 0.000000 1.000000
0.344466 0.922875 -0.172178 6.105800 0.111994 -0.222489 -0.968481 9.106300 -0.932095 0.314326 -0.179996 0.757100 0.000000 0.000000 0.000000 1.000000
0.356343 0.916323 -0.182682 6.105800 0.104737 -0.233458 -0.966710 9.106300 -0.928467 0.325346 -0.179164 0.757100 0.000000 0.000000 0.000000 1.000000
0.359266 0.914756 -0.184797 6.105800 0.103062 -0.235696 -0.966347 9.106300 -0.927527 0.328129 -0.178954 0.757100 0.000000 0.000000 0.000000 1.000000
0.354206 0.918879 -0.173779 6.105800 0.105420 -0.223876 -0.968899 9.106300 -0.929207 0.324870 -0.176166 0.757100 0.000000 0.000000 0.000000 1.000000
0.343262 0.926981 -0.151254 6.105800 0.108928 -0.199242 -0.973877 9.106300 -0.932902 0.317819 -0.169366 0.757100 0.000000 0.000000 0.000000 1.000000
0.327614 0.936957 -0.121578 6.105800 0.110993 -0.165955 -0.979867 9.106300 -0.938270 0.307524 -0.158365 0.757100 0.000000 0.000000 0.000000 1.000000
0.308768 0.946941 -0.089246 6.105800 0.109030 -0.128451 -0.985704 9.106300 -0.944868 0.294623 -0.142907 0.757100 0.000000 0.000000 0.000000 1.000000
0.288255 0.955573 -0.061558 6.105800 0.099588 -0.093855 -0.990592 9.106300 -0.952361 0.279413 -0.122218 0.757100 0.000000 0.000000 0.000000 1.000000
0.267012 0.962836 -0.040645 6.105800 0.082444 -0.064844 -0.994484 9.106300 -0.960160 0.262188 -0.096694 0.757100 0.000000 0.000000 0.000000 1.000000
0.246740 0.968748 -0.025442 6.105800 0.059055 -0.041236 -0.997403 9.106300 -0.967281 0.244597 -0.067384 0.757100 0.000000 0.000000 0.000000 1.000000
0.224442 0.974371 -0.015062 6.105800 0.031434 -0.022687 -0.999248 9.106300 -0.973980 0.223800 -0.035720 0.757100 0.000000 0.000000 0.000000 1.000000
0.203084 0.978956 -0.020032 6.105800 -0.000741 -0.020304 -0.999794 9.106300 -0.979161 0.203057 -0.003398 0.757100 0.000000 0.000000 0.000000 1.000000
0.183424 0.982622 -0.028447 6.105800 -0.033994 -0.022580 -0.999167 9.106300 -0.982446 0.184238 0.029261 0.757100 0.000000 0.000000 0.000000 1.000000
0.159573 0.986505 -0.036664 6.105800 -0.072677 -0.025299 -0.997035 9.106300 -0.984507 0.161764 0.067659 0.757100 0.000000 0.000000 0.000000 1.000000
0.145049 0.988589 -0.040643 6.105800 -0.095304 -0.026927 -0.995084 9.106300 -0.984824 0.148209 0.090311 0.757100 0.000000 0.000000 0.000000 1.000000</float_array>
        <technique_common>
          <accessor source="#mixamorig_LeftShoulder-Matrix-animation-output-transform-array" count="17" stride="16">
            <param type="float4x4"/>
          </accessor>
        </technique_common>
      </source>
      <source id="mixamorig_LeftShoulder-Interpolations">
        <Name_array id="mixamorig_LeftShoulder-Interpolations-array" count="17">
 LINEAR LINEAR LINEAR LINEAR LINEAR LINEAR LINEAR LINEAR LINEAR LINEAR LINEAR
LINEAR LINEAR LINEAR LINEAR LINEAR LINEAR</Name_array>
        <technique_common>
          <accessor source="#mixamorig_LeftShoulder-Interpolations-array" count="17">
            <param type="name"/>
          </accessor>
        </technique_common>
      </source>
      <sampler id="mixamorig_LeftShoulder-Matrix-animation-transform">
        <input semantic="INPUT" source="#mixamorig_LeftShoulder-Matrix-animation-input"/>
        <input semantic="OUTPUT" source="#mixamorig_LeftShoulder-Matrix-animation-output-transform"/>
        <input semantic="INTERPOLATION" source="#mixamorig_LeftShoulder-Interpolations"/>
      </sampler>
      <channel source="#mixamorig_LeftShoulder-Matrix-animation-transform" target="mixamorig_LeftShoulder/matrix"/>
    </animation>
    <animation id="mixamorig_LeftArm-anim" name="mixamorig_LeftArm">
      <source id="mixamorig_LeftArm-Matrix-animation-input">
        <float_array id="mixamorig_LeftArm-Matrix-animation-input-array" count="17">

0.000000 0.033333 0.066667 0.100000 0.133333 0.166667 0.200000 0.233333 0.266667 0.300000 0.333333 0.366667 0.400000 0.433333 0.466667 0.500000
0.533333</float_array>
        <technique_common>
          <accessor source="#mixamorig_LeftArm-Matrix-animation-input-array" count="17">
            <param name="TIME" type="float"/>
          </accessor>
        </technique_common>
      </source>
      <source id="mixamorig_LeftArm-Matrix-animation-output-transform">
        <float_array id="mixamorig_LeftArm-Matrix-animation-output-transform-array" count="272">

0.897446 -0.411400 -0.159187 0.000000 0.038866 0.433205 -0.900457 12.922300 0.439408 0.801925 0.404767 0.000000 0.000000 0.000000 0.000000 1.000000
0.844678 -0.329522 -0.421823 -0.000000 -0.191269 0.550212 -0.812824 12.922300 0.499936 0.767256 0.401725 0.000000 0.000000 0.000000 0.000000 1.000000
0.747376 -0.364555 -0.555454 0.000000 -0.263837 0.604432 -0.751699 12.922300 0.609770 0.708351 0.355555 0.000000 0.000000 0.000000 0.000000 1.000000
0.726583 -0.395386 -0.561914 0.000000 -0.246561 0.613315 -0.750368 12.922300 0.641315 0.683751 0.348137 -0.000000 0.000000 0.000000 0.000000 1.000000
0.734146 -0.419968 -0.533532 0.000000 -0.213086 0.603571 -0.768307 12.922300 0.644689 0.677738 0.353620 0.000000 0.000000 0.000000 0.000000 1.000000
0.749178 -0.423786 -0.509055 0.000000 -0.201368 0.586440 -0.784563 12.922300 0.631017 0.690285 0.354011 0.000000 0.000000 0.000000 0.000000 1.000000
0.764450 -0.418967 -0.489983 0.000000 -0.203097 0.564827 -0.799826 12.922300 0.611856 0.710941 0.346691 0.000000 0.000000 0.000000 0.000000 1.000000
0.781859 -0.417842 -0.462715 0.000000 -0.199741 0.535178 -0.820785 12.922300 0.590593 0.734161 0.334974 0.000000 0.000000 0.000000 0.000000 1.000000
0.797584 -0.427411 -0.425651 0.000000 -0.184555 0.498900 -0.846781 12.922300 0.574281 0.753935 0.319034 0.000000 0.000000 0.000000 0.000000 1.000000
0.807664 -0.461985 -0.366400 -0.000000 -0.137794 0.456307 -0.879089 12.922300 0.573316 0.760496 0.304884 0.000000 0.000000 0.000000 0.000000 1.000000
0.808398 -0.510303 -0.293401 0.000000 -0.068422 0.413601 -0.907884 12.922300 0.584647 0.754006 0.299438 0.000000 0.000000 0.000000 0.000000 1.000000
0.784236 -0.577597 -0.226619 0.000000 0.008024 0.374652 -0.927131 12.922300 0.620411 0.725270 0.298450 -0.000000 0.000000 0.000000 0.000000 1.000000
0.787259 -0.530325 -0.314609 0.000000 -0.090024 0.405895 -0.909475 12.922300 0.610016 0.744315 0.271802 0.000000 0.000000 0.000000 0.000000 1.000000
0.772289 -0.469249 -0.428223 0.000000 -0.204092 0.455075 -0.866749 12.922300 0.601594 0.756778 0.255679 -0.000000 0.000000 0.000000 0.000000 1.000000
0.748676 -0.442094 -0.494002 -0.000000 -0.262985 0.485971 -0.833469 12.922300 0.608542 0.753913 0.247571 0.000000 0.000000 0.000000 0.000000 1.000000
0.755946 -0.428088 -0.495265 0.000000 -0.271145 0.483854 -0.832085 12.922300 0.595841 0.763300 0.249693 0.000000 0.000000 0.000000 0.000000 1.000000
0.766606 -0.422485 -0.483552 0.000000 -0.266440 0.475876 -0.838184 12.922300 0.584231 0.771394 0.252243 0.000000 0.000000 0.000000 0.000000 1.000000</float_array>
        <technique_common>
          <accessor source="#mixamorig_LeftArm-Matrix-animation-output-transform-array" count="17" stride="16">
            <param type="float4x4"/>
          </accessor>
        </technique_common>
      </source>
      <source id="mixamorig_LeftArm-Interpolations">
        <Name_array id="mixamorig_LeftArm-Interpolations-array" count="17">
 LINEAR LINEAR LINEAR LINEAR LINEAR LINEAR LINEAR LINEAR LINEAR LINEAR LINEAR
LINEAR LINEAR LINEAR LINEAR LINEAR LINEAR</Name_array>
        <technique_common>
          <accessor source="#mixamorig_LeftArm-Interpolations-array" count="17">
            <param type="name"/>
          </accessor>
        </technique_common>
      </source>
      <sampler id="mixamorig_LeftArm-Matrix-animation-transform">
        <input semantic="INPUT" source="#mixamorig_LeftArm-Matrix-animation-input"/>
        <input semantic="OUTPUT" source="#mixamorig_LeftArm-Matrix-animation-output-transform"/>
        <input semantic="INTERPOLATION" source="#mixamorig_LeftArm-Interpolations"/>
      </sampler>
      <channel source="#mixamorig_LeftArm-Matrix-animation-transform" target="mixamorig_LeftArm/matrix"/>
    </animation>
    <animation id="mixamorig_LeftForeArm-anim" name="mixamorig_LeftForeArm">
      <source id="mixamorig_LeftForeArm-Matrix-animation-input">
        <float_array id="mixamorig_LeftForeArm-Matrix-animation-input-array" count="17">

0.000000 0.033333 0.066667 0.100000 0.133333 0.166667 0.200000 0.233333 0.266667 0.300000 0.333333 0.366667 0.400000 0.433333 0.466667 0.500000
0.533333</float_array>
        <technique_common>
          <accessor source="#mixamorig_LeftForeArm-Matrix-animation-input-array" count="17">
            <param name="TIME" type="float"/>
          </accessor>
        </technique_common>
      </source>
      <source id="mixamorig_LeftForeArm-Matrix-animation-output-transform">
        <float_array id="mixamorig_LeftForeArm-Matrix-animation-output-transform-array" count="272">

-0.020372 -0.998091 -0.058309 0.000000 -0.221717 0.061379 -0.973177 27.404699 0.974898 -0.006897 -0.222544 0.000000 0.000000 0.000000 0.000000 1.000000
0.065693 -0.957557 0.280658 0.000000 -0.218271 -0.288244 -0.932348 27.404699 0.973675 -0.000011 -0.227943 0.000000 0.000000 0.000000 0.000000 1.000000
0.072955 -0.948532 0.308164 0.000000 -0.187271 -0.316520 -0.929917 27.404699 0.979595 0.010132 -0.200724 0.000000 0.000000 0.000000 0.000000 1.000000
0.066500 -0.964566 0.255324 0.000000 -0.181340 -0.263312 -0.947514 27.404699 0.981170 0.016710 -0.192424 0.000000 0.000000 0.000000 0.000000 1.000000
0.055557 -0.984238 0.167897 0.000000 -0.176479 -0.175189 -0.968589 27.404699 0.982735 0.024182 -0.183430 0.000000 0.000000 0.000000 0.000000 1.000000
0.055731 -0.989438 0.133812 -0.000000 -0.167821 -0.141396 -0.975625 27.404699 0.984241 0.031916 -0.173929 -0.000000 0.000000 0.000000 0.000000 1.000000
0.053949 -0.995175 0.081958 0.000000 -0.158278 -0.089562 -0.983324 27.404699 0.985920 0.040077 -0.162346 0.000000 0.000000 0.000000 0.000000 1.000000
0.045977 -0.998776 -0.018247 0.000000 -0.157188 0.010806 -0.987510 27.404699 0.986498 0.048271 -0.156498 -0.000000 0.000000 0.000000 0.000000 1.000000
0.035295 -0.989586 -0.139550 0.000000 -0.151486 0.132726 -0.979508 27.404699 0.987829 0.055711 -0.145224 0.000000 0.000000 0.000000 0.000000 1.000000
0.032685 -0.966602 -0.254188 0.000000 -0.119870 0.248697 -0.961135 27.404699 0.992251 0.061885 -0.107737 0.000000 0.000000 0.000000 0.000000 1.000000
0.016948 -0.955176 -0.295552 0.000000 -0.176447 0.288098 -0.941205 27.404699 0.984164 0.068100 -0.163655 -0.000000 0.000000 0.000000 0.000000 1.000000
0.034426 -0.949585 -0.311615 -0.000000 -0.133342 0.304648 -0.943085 27.404699 0.990472 0.074018 -0.116132 0.000000 0.000000 0.000000 0.000000 1.000000
0.057945 -0.976608 -0.207075 0.000000 -0.123053 0.198855 -0.972273 27.404699 0.990707 0.081820 -0.108652 0.000000 0.000000 0.000000 0.000000 1.000000
0.079715 -0.993359 -0.082972 0.000000 -0.109194 0.074034 -0.991260 27.404699 0.990819 0.088078 -0.102568 0.000000 0.000000 0.000000 0.000000 1.000000
0.092111 -0.995744 -0.003119 0.000000 -0.097776 -0.005927 -0.995191 27.404699 0.990937 0.091973 -0.097906 0.000000 0.000000 0.000000 0.000000 1.000000
0.098361 -0.994088 0.045985 0.000000 -0.084623 -0.054397 -0.994927 27.404699 0.991546 0.093971 -0.089474 0.000000 0.000000 0.000000 0.000000 1.000000
0.100676 -0.992563 0.068428 0.000000 -0.076748 -0.076320 -0.994125 27.404699 0.991955 0.094833 -0.083861 0.000000 0.000000 0.000000 0.000000 1.000000</float_array>
        <technique_common>
          <accessor source="#mixamorig_LeftForeArm-Matrix-animation-output-transform-array" count="17" stride="16">
            <param type="float4x4"/>
          </accessor>
        </technique_common>
      </source>
      <source id="mixamorig_LeftForeArm-Interpolations">
        <Name_array id="mixamorig_LeftForeArm-Interpolations-array" count="17">
 LINEAR LINEAR LINEAR LINEAR LINEAR LINEAR LINEAR LINEAR LINEAR LINEAR LINEAR
LINEAR LINEAR LINEAR LINEAR LINEAR LINEAR</Name_array>
        <technique_common>
          <accessor source="#mixamorig_LeftForeArm-Interpolations-array" count="17">
            <param type="name"/>
          </accessor>
        </technique_common>
      </source>
      <sampler id="mixamorig_LeftForeArm-Matrix-animation-transform">
        <input semantic="INPUT" source="#mixamorig_LeftForeArm-Matrix-animation-input"/>
        <input semantic="OUTPUT" source="#mixamorig_LeftForeArm-Matrix-animation-output-transform"/>
        <input semantic="INTERPOLATION" source="#mixamorig_LeftForeArm-Interpolations"/>
      </sampler>
      <channel source="#mixamorig_LeftForeArm-Matrix-animation-transform" target="mixamorig_LeftForeArm/matrix"/>
    </animation>
    <animation id="mixamorig_LeftHand-anim" name="mixamorig_LeftHand">
      <source id="mixamorig_LeftHand-Matrix-animation-input">
        <float_array id="mixamorig_LeftHand-Matrix-animation-input-array" count="17">

0.000000 0.033333 0.066667 0.100000 0.133333 0.166667 0.200000 0.233333 0.266667 0.300000 0.333333 0.366667 0.400000 0.433333 0.466667 0.500000
0.533333</float_array>
        <technique_common>
          <accessor source="#mixamorig_LeftHand-Matrix-animation-input-array" count="17">
            <param name="TIME" type="float"/>
          </accessor>
        </technique_common>
      </source>
      <source id="mixamorig_LeftHand-Matrix-animation-output-transform">
        <float_array id="mixamorig_LeftHand-Matrix-animation-output-transform-array" count="272">

0.878291 -0.160656 -0.450327 -0.000000 0.129041 0.986555 -0.100283 27.614500 0.460384 0.029967 0.887214 0.000000 0.000000 0.000000 0.000000 1.000000
0.861098 -0.098211 -0.498864 0.000000 0.067127 0.994538 -0.079925 27.614500 0.503989 0.035336 0.862987 0.000000 0.000000 0.000000 0.000000 1.000000
0.840498 -0.046406 -0.539823 0.000000 0.028548 0.998734 -0.041406 27.614500 0.541061 0.019391 0.840760 0.000000 0.000000 0.000000 0.000000 1.000000
0.853306 -0.036142 -0.520156 -0.000000 0.015469 0.998910 -0.044030 27.614500 0.521181 0.029524 0.852935 0.000000 0.000000 0.000000 0.000000 1.000000
0.861973 -0.040482 -0.505336 -0.000000 -0.000164 0.996784 -0.080131 27.614500 0.506955 0.069154 0.859194 0.000000 0.000000 0.000000 0.000000 1.000000
0.851242 -0.051505 -0.522239 0.000000 0.022177 0.997814 -0.062261 27.614500 0.524304 0.041418 0.850523 0.000000 0.000000 0.000000 0.000000 1.000000
0.826188 -0.066047 -0.559510 0.000000 0.045421 0.997681 -0.050701 27.614500 0.561561 0.016475 0.827271 0.000000 0.000000 0.000000 0.000000 1.000000
0.799295 -0.081795 -0.595346 0.000000 0.046540 0.996144 -0.074379 27.614500 0.599134 0.031743 0.800019 0.000000 0.000000 0.000000 0.000000 1.000000
0.769379 -0.095552 -0.631606 0.000000 0.030019 0.993065 -0.113668 27.614500 0.638087 0.068494 0.766912 -0.000000 0.000000 0.000000 0.000000 1.000000
0.732192 -0.106361 -0.672742 0.000000 0.006981 0.988852 -0.148740 27.614500 0.681062 0.104209 0.724772 0.000000 0.000000 0.000000 0.000000 1.000000
0.767456 -0.100579 -0.633163 -0.000000 0.022915 0.991289 -0.129692 27.614500 0.640692 0.085024 0.763075 0.000000 0.000000 0.000000 0.000000 1.000000
0.745445 -0.080738 -0.661659 0.000000 0.044408 0.996447 -0.071558 27.614500 0.665086 0.023959 0.746382 0.000000 0.000000 0.000000 0.000000 1.000000
0.737397 -0.039515 -0.674302 -0.000000 0.071740 0.997223 0.020015 27.614500 0.671639 -0.063133 0.738184 0.000000 0.000000 0.000000 0.000000 1.000000
0.736425 0.016001 -0.676330 0.000000 0.091568 0.988163 0.123082 27.614500 0.670294 -0.152571 0.726243 -0.000000 0.000000 0.000000 0.000000 1.000000
0.746658 0.068796 -0.661641 -0.000000 0.087912 0.975708 0.200660 27.614500 0.659373 -0.207991 0.722473 0.000000 0.000000 0.000000 0.000000 1.000000
0.767867 0.094229 -0.633641 0.000000 0.064032 0.972879 0.222274 27.614500 0.637401 -0.211250 0.741009 0.000000 0.000000 0.000000 0.000000 1.000000
0.781587 0.102704 -0.615283 0.000000 0.047864 0.973571 0.223311 27.614500 0.621957 -0.203987 0.756015 0.000000 0.000000 0.000000 0.000000 1.000000</float_array>
        <technique_common>
          <accessor source="#mixamorig_LeftHand-Matrix-animation-output-transform-array" count="17" stride="16">
            <param type="float4x4"/>
          </accessor>
        </technique_common>
      </source>
      <source id="mixamorig_LeftHand-Interpolations">
        <Name_array id="mixamorig_LeftHand-Interpolations-array" count="17">
 LINEAR LINEAR LINEAR LINEAR LINEAR LINEAR LINEAR LINEAR LINEAR LINEAR LINEAR
LINEAR LINEAR LINEAR LINEAR LINEAR LINEAR</Name_array>
        <technique_common>
          <accessor source="#mixamorig_LeftHand-Interpolations-array" count="17">
            <param type="name"/>
          </accessor>
        </technique_common>
      </source>
      <sampler id="mixamorig_LeftHand-Matrix-animation-transform">
        <input semantic="INPUT" source="#mixamorig_LeftHand-Matrix-animation-input"/>
        <input semantic="OUTPUT" source="#mixamorig_LeftHand-Matrix-animation-output-transform"/>
        <input semantic="INTERPOLATION" source="#mixamorig_LeftHand-Interpolations"/>
      </sampler>
      <channel source="#mixamorig_LeftHand-Matrix-animation-transform" target="mixamorig_LeftHand/matrix"/>
    </animation>
    <animation id="mixamorig_LeftHandThumb1-anim" name="mixamorig_LeftHandThumb1">
      <source id="mixamorig_LeftHandThumb1-Matrix-animation-input">
        <float_array id="mixamorig_LeftHandThumb1-Matrix-animation-input-array" count="17">

0.000000 0.033333 0.066667 0.100000 0.133333 0.166667 0.200000 0.233333 0.266667 0.300000 0.333333 0.366667 0.400000 0.433333 0.466667 0.500000
0.533333</float_array>
        <technique_common>
          <accessor source="#mixamorig_LeftHandThumb1-Matrix-animation-input-array" count="17">
            <param name="TIME" type="float"/>
          </accessor>
        </technique_common>
      </source>
      <source id="mixamorig_LeftHandThumb1-Matrix-animation-output-transform">
        <float_array id="mixamorig_LeftHandThumb1-Matrix-animation-output-transform-array" count="272">

0.947338 -0.310540 -0.078205 -3.003000 0.224662 0.818514 -0.528736 3.788800 0.228206 0.483322 0.845176 2.167100 0.000000 0.000000 0.000000 1.000000
0.947338 -0.310540 -0.078205 -3.003000 0.224662 0.818514 -0.528736 3.788800 0.228206 0.483322 0.845176 2.167100 0.000000 0.000000 0.000000 1.000000
0.947338 -0.310540 -0.078206 -3.003000 0.224662 0.818514 -0.528736 3.788800 0.228206 0.483322 0.845176 2.167100 0.000000 0.000000 0.000000 1.000000
0.947338 -0.310540 -0.078206 -3.003000 0.224662 0.818514 -0.528736 3.788800 0.228206 0.483322 0.845176 2.167100 0.000000 0.000000 0.000000 1.000000
0.947338 -0.310540 -0.078205 -3.003000 0.224662 0.818514 -0.528736 3.788800 0.228206 0.483322 0.845176 2.167100 0.000000 0.000000 0.000000 1.000000
0.947338 -0.310540 -0.078206 -3.003000 0.224662 0.818514 -0.528736 3.788800 0.228206 0.483322 0.845176 2.167100 0.000000 0.000000 0.000000 1.000000
0.947338 -0.310540 -0.078205 -3.003000 0.224662 0.818514 -0.528736 3.788800 0.228206 0.483322 0.845176 2.167100 0.000000 0.000000 0.000000 1.000000
0.947338 -0.310540 -0.078205 -3.003000 0.224662 0.818514 -0.528736 3.788800 0.228206 0.483322 0.845176 2.167100 0.000000 0.000000 0.000000 1.000000
0.947338 -0.310540 -0.078206 -3.003000 0.224662 0.818514 -0.528736 3.788800 0.228206 0.483322 0.845176 2.167100 0.000000 0.000000 0.000000 1.000000
0.947338 -0.310540 -0.078205 -3.003000 0.224663 0.818514 -0.528736 3.788800 0.228206 0.483322 0.845176 2.167100 0.000000 0.000000 0.000000 1.000000
0.947338 -0.310540 -0.078206 -3.003000 0.224662 0.818514 -0.528736 3.788800 0.228206 0.483322 0.845176 2.167100 0.000000 0.000000 0.000000 1.000000
0.947338 -0.310540 -0.078205 -3.003000 0.224662 0.818514 -0.528736 3.788800 0.228206 0.483322 0.845176 2.167100 0.000000 0.000000 0.000000 1.000000
0.947338 -0.310540 -0.078205 -3.003000 0.224662 0.818514 -0.528736 3.788800 0.228206 0.483322 0.845176 2.167100 0.000000 0.000000 0.000000 1.000000
0.947338 -0.310540 -0.078206 -3.003000 0.224662 0.818514 -0.528736 3.788800 0.228206 0.483322 0.845176 2.167100 0.000000 0.000000 0.000000 1.000000
0.947338 -0.310540 -0.078205 -3.003000 0.224662 0.818514 -0.528736 3.788800 0.228206 0.483322 0.845176 2.167100 0.000000 0.000000 0.000000 1.000000
0.947338 -0.310540 -0.078206 -3.003000 0.224662 0.818514 -0.528736 3.788800 0.228206 0.483322 0.845176 2.167100 0.000000 0.000000 0.000000 1.000000
0.947338 -0.310540 -0.078205 -3.003000 0.224662 0.818514 -0.528736 3.788800 0.228206 0.483322 0.845176 2.167100 0.000000 0.000000 0.000000 1.000000</float_array>
        <technique_common>
          <accessor source="#mixamorig_LeftHandThumb1-Matrix-animation-output-transform-array" count="17" stride="16">
            <param type="float4x4"/>
          </accessor>
        </technique_common>
      </source>
      <source id="mixamorig_LeftHandThumb1-Interpolations">
        <Name_array id="mixamorig_LeftHandThumb1-Interpolations-array" count="17">
 LINEAR LINEAR LINEAR LINEAR LINEAR LINEAR LINEAR LINEAR LINEAR LINEAR LINEAR
LINEAR LINEAR LINEAR LINEAR LINEAR LINEAR</Name_array>
        <technique_common>
          <accessor source="#mixamorig_LeftHandThumb1-Interpolations-array" count="17">
            <param type="name"/>
          </accessor>
        </technique_common>
      </source>
      <sampler id="mixamorig_LeftHandThumb1-Matrix-animation-transform">
        <input semantic="INPUT" source="#mixamorig_LeftHandThumb1-Matrix-animation-input"/>
        <input semantic="OUTPUT" source="#mixamorig_LeftHandThumb1-Matrix-animation-output-transform"/>
        <input semantic="INTERPOLATION" source="#mixamorig_LeftHandThumb1-Interpolations"/>
      </sampler>
      <channel source="#mixamorig_LeftHandThumb1-Matrix-animation-transform" target="mixamorig_LeftHandThumb1/matrix"/>
    </animation>
    <animation id="mixamorig_LeftHandThumb2-anim" name="mixamorig_LeftHandThumb2">
      <source id="mixamorig_LeftHandThumb2-Matrix-animation-input">
        <float_array id="mixamorig_LeftHandThumb2-Matrix-animation-input-array" count="17">

0.000000 0.033333 0.066667 0.100000 0.133333 0.166667 0.200000 0.233333 0.266667 0.300000 0.333333 0.366667 0.400000 0.433333 0.466667 0.500000
0.533333</float_array>
        <technique_common>
          <accessor source="#mixamorig_LeftHandThumb2-Matrix-animation-input-array" count="17">
            <param name="TIME" type="float"/>
          </accessor>
        </technique_common>
      </source>
      <source id="mixamorig_LeftHandThumb2-Matrix-animation-output-transform">
        <float_array id="mixamorig_LeftHandThumb2-Matrix-animation-output-transform-array" count="272">

0.970586 0.240708 0.004723 -0.000000 -0.240708 0.969827 0.038656 4.745000 0.004724 -0.038655 0.999241 -0.000000 0.000000 0.000000 0.000000 1.000000
0.970586 0.240708 0.004723 0.000000 -0.240708 0.969827 0.038655 4.745000 0.004724 -0.038655 0.999241 0.000000 0.000000 0.000000 0.000000 1.000000
0.970586 0.240708 0.004723 -0.000000 -0.240708 0.969827 0.038656 4.745000 0.004724 -0.038656 0.999241 0.000000 0.000000 0.000000 0.000000 1.000000
0.970586 0.240708 0.004723 0.000000 -0.240708 0.969827 0.038656 4.745000 0.004724 -0.038656 0.999241 0.000000 0.000000 0.000000 0.000000 1.000000
0.970586 0.240708 0.004723 0.000000 -0.240708 0.969827 0.038656 4.745000 0.004724 -0.038656 0.999241 0.000000 0.000000 0.000000 0.000000 1.000000
0.970586 0.240708 0.004723 0.000000 -0.240708 0.969827 0.038656 4.745000 0.004724 -0.038655 0.999241 -0.000000 0.000000 0.000000 0.000000 1.000000
0.970586 0.240708 0.004723 0.000000 -0.240708 0.969827 0.038656 4.745000 0.004724 -0.038656 0.999241 -0.000000 0.000000 0.000000 0.000000 1.000000
0.970586 0.240708 0.004723 0.000000 -0.240708 0.969827 0.038656 4.745000 0.004724 -0.038656 0.999241 0.000000 0.000000 0.000000 0.000000 1.000000
0.970586 0.240708 0.004724 0.000000 -0.240708 0.969827 0.038656 4.745000 0.004724 -0.038655 0.999241 0.000000 0.000000 0.000000 0.000000 1.000000
0.970586 0.240708 0.004724 -0.000000 -0.240708 0.969827 0.038656 4.745000 0.004724 -0.038656 0.999241 0.000000 0.000000 0.000000 0.000000 1.000000
0.970586 0.240708 0.004724 0.000000 -0.240708 0.969828 0.038656 4.745000 0.004724 -0.038656 0.999241 0.000000 0.000000 0.000000 0.000000 1.000000
0.970586 0.240708 0.004723 0.000000 -0.240708 0.969827 0.038656 4.745000 0.004724 -0.038655 0.999241 0.000000 0.000000 0.000000 0.000000 1.000000
0.970586 0.240708 0.004723 0.000000 -0.240708 0.969827 0.038656 4.745000 0.004724 -0.038655 0.999241 0.000000 0.000000 0.000000 0.000000 1.000000
0.970586 0.240708 0.004723 0.000000 -0.240708 0.969827 0.038656 4.745000 0.004724 -0.038656 0.999241 0.000000 0.000000 0.000000 0.000000 1.000000
0.970586 0.240708 0.004723 0.000000 -0.240708 0.969827 0.038656 4.745000 0.004724 -0.038655 0.999241 0.000000 0.000000 0.000000 0.000000 1.000000
0.970586 0.240708 0.004724 0.000000 -0.240708 0.969827 0.038656 4.745000 0.004724 -0.038656 0.999241 -0.000000 0.000000 0.000000 0.000000 1.000000
0.970586 0.240708 0.004723 0.000000 -0.240708 0.969827 0.038656 4.745000 0.004724 -0.038656 0.999241 0.000000 0.000000 0.000000 0.000000 1.000000</float_array>
        <technique_common>
          <accessor source="#mixamorig_LeftHandThumb2-Matrix-animation-output-transform-array" count="17" stride="16">
            <param type="float4x4"/>
          </accessor>
        </technique_common>
      </source>
      <source id="mixamorig_LeftHandThumb2-Interpolations">
        <Name_array id="mixamorig_LeftHandThumb2-Interpolations-array" count="17">
 LINEAR LINEAR LINEAR LINEAR LINEAR LINEAR LINEAR LINEAR LINEAR LINEAR LINEAR
LINEAR LINEAR LINEAR LINEAR LINEAR LINEAR</Name_array>
        <technique_common>
          <accessor source="#mixamorig_LeftHandThumb2-Interpolations-array" count="17">
            <param type="name"/>
          </accessor>
        </technique_common>
      </source>
      <sampler id="mixamorig_LeftHandThumb2-Matrix-animation-transform">
        <input semantic="INPUT" source="#mixamorig_LeftHandThumb2-Matrix-animation-input"/>
        <input semantic="OUTPUT" source="#mixamorig_LeftHandThumb2-Matrix-animation-output-transform"/>
        <input semantic="INTERPOLATION" source="#mixamorig_LeftHandThumb2-Interpolations"/>
      </sampler>
      <channel source="#mixamorig_LeftHandThumb2-Matrix-animation-transform" target="mixamorig_LeftHandThumb2/matrix"/>
    </animation>
    <animation id="mixamorig_LeftHandThumb3-anim" name="mixamorig_LeftHandThumb3">
      <source id="mixamorig_LeftHandThumb3-Matrix-animation-input">
        <float_array id="mixamorig_LeftHandThumb3-Matrix-animation-input-array" count="17">

0.000000 0.033333 0.066667 0.100000 0.133333 0.166667 0.200000 0.233333 0.266667 0.300000 0.333333 0.366667 0.400000 0.433333 0.466667 0.500000
0.533333</float_array>
        <technique_common>
          <accessor source="#mixamorig_LeftHandThumb3-Matrix-animation-input-array" count="17">
            <param name="TIME" type="float"/>
          </accessor>
        </technique_common>
      </source>
      <source id="mixamorig_LeftHandThumb3-Matrix-animation-output-transform">
        <float_array id="mixamorig_LeftHandThumb3-Matrix-animation-output-transform-array" count="272">

0.882545 -0.433165 -0.182979 0.000000 0.458995 0.878109 0.135085 4.382100 0.102162 -0.203206 0.973792 0.000000 0.000000 0.000000 0.000000 1.000000
0.882546 -0.433165 -0.182980 0.000000 0.458995 0.878109 0.135086 4.382100 0.102162 -0.203206 0.973792 -0.000000 0.000000 0.000000 0.000000 1.000000
0.882545 -0.433165 -0.182980 0.000000 0.458995 0.878109 0.135085 4.382100 0.102162 -0.203206 0.973792 0.000000 0.000000 0.000000 0.000000 1.000000
0.882545 -0.433165 -0.182980 0.000000 0.458995 0.878109 0.135085 4.382100 0.102162 -0.203206 0.973792 0.000000 0.000000 0.000000 0.000000 1.000000
0.882546 -0.433165 -0.182980 0.000000 0.458995 0.878109 0.135085 4.382100 0.102162 -0.203206 0.973792 0.000000 0.000000 0.000000 0.000000 1.000000
0.882545 -0.433165 -0.182980 -0.000000 0.458995 0.878109 0.135086 4.382100 0.102162 -0.203206 0.973792 -0.000000 0.000000 0.000000 0.000000 1.000000
0.882545 -0.433165 -0.182980 0.000000 0.458995 0.878109 0.135085 4.382100 0.102162 -0.203206 0.973792 0.000000 0.000000 0.000000 0.000000 1.000000
0.882545 -0.433165 -0.182980 0.000000 0.458995 0.878109 0.135085 4.382100 0.102162 -0.203206 0.973792 -0.000000 0.000000 0.000000 0.000000 1.000000
0.882545 -0.433165 -0.182980 -0.000000 0.458995 0.878109 0.135086 4.382100 0.102162 -0.203206 0.973792 0.000000 0.000000 0.000000 0.000000 1.000000
0.882545 -0.433165 -0.182980 0.000000 0.458995 0.878109 0.135085 4.382100 0.102162 -0.203206 0.973792 0.000000 0.000000 0.000000 0.000000 1.000000
0.882545 -0.433165 -0.182980 0.000000 0.458995 0.878109 0.135085 4.382100 0.102162 -0.203206 0.973792 -0.000000 0.000000 0.000000 0.000000 1.000000
0.882545 -0.433165 -0.182980 0.000000 0.458995 0.878109 0.135085 4.382100 0.102162 -0.203206 0.973792 0.000000 0.000000 0.000000 0.000000 1.000000
0.882545 -0.433165 -0.182980 0.000000 0.458995 0.878109 0.135086 4.382100 0.102162 -0.203206 0.973792 0.000000 0.000000 0.000000 0.000000 1.000000
0.882545 -0.433165 -0.182980 0.000000 0.458995 0.878109 0.135085 4.382100 0.102162 -0.203206 0.973792 0.000000 0.000000 0.000000 0.000000 1.000000
0.882545 -0.433165 -0.182980 -0.000000 0.458995 0.878109 0.135085 4.382100 0.102162 -0.203206 0.973792 -0.000000 0.000000 0.000000 0.000000 1.000000
0.882545 -0.433165 -0.182980 0.000000 0.458995 0.878109 0.135086 4.382100 0.102162 -0.203206 0.973792 0.000000 0.000000 0.000000 0.000000 1.000000
0.882546 -0.433165 -0.182980 -0.000000 0.458995 0.878109 0.135085 4.382100 0.102162 -0.203206 0.973792 0.000000 0.000000 0.000000 0.000000 1.000000</float_array>
        <technique_common>
          <accessor source="#mixamorig_LeftHandThumb3-Matrix-animation-output-transform-array" count="17" stride="16">
            <param type="float4x4"/>
          </accessor>
        </technique_common>
      </source>
      <source id="mixamorig_LeftHandThumb3-Interpolations">
        <Name_array id="mixamorig_LeftHandThumb3-Interpolations-array" count="17">
 LINEAR LINEAR LINEAR LINEAR LINEAR LINEAR LINEAR LINEAR LINEAR LINEAR LINEAR
LINEAR LINEAR LINEAR LINEAR LINEAR LINEAR</Name_array>
        <technique_common>
          <accessor source="#mixamorig_LeftHandThumb3-Interpolations-array" count="17">
            <param type="name"/>
          </accessor>
        </technique_common>
      </source>
      <sampler id="mixamorig_LeftHandThumb3-Matrix-animation-transform">
        <input semantic="INPUT" source="#mixamorig_LeftHandThumb3-Matrix-animation-input"/>
        <input semantic="OUTPUT" source="#mixamorig_LeftHandThumb3-Matrix-animation-output-transform"/>
        <input semantic="INTERPOLATION" source="#mixamorig_LeftHandThumb3-Interpolations"/>
      </sampler>
      <channel source="#mixamorig_LeftHandThumb3-Matrix-animation-transform" target="mixamorig_LeftHandThumb3/matrix"/>
    </animation>
    <animation id="mixamorig_LeftHandIndex1-anim" name="mixamorig_LeftHandIndex1">
      <source id="mixamorig_LeftHandIndex1-Matrix-animation-input">
        <float_array id="mixamorig_LeftHandIndex1-Matrix-animation-input-array" count="17">

0.000000 0.033333 0.066667 0.100000 0.133333 0.166667 0.200000 0.233333 0.266667 0.300000 0.333333 0.366667 0.400000 0.433333 0.466667 0.500000
0.533333</float_array>
        <technique_common>
          <accessor source="#mixamorig_LeftHandIndex1-Matrix-animation-input-array" count="17">
            <param name="TIME" type="float"/>
          </accessor>
        </technique_common>
      </source>
      <source id="mixamorig_LeftHandIndex1-Matrix-animation-output-transform">
        <float_array id="mixamorig_LeftHandIndex1-Matrix-animation-output-transform-array" count="272">

0.986094 0.037690 0.161858 -2.822000 0.022509 0.934678 -0.354781 12.266600 -0.164656 0.353491 0.920832 0.231800 0.000000 0.000000 0.000000 1.000000
0.986094 0.037690 0.161857 -2.822000 0.022509 0.934678 -0.354782 12.266600 -0.164656 0.353491 0.920832 0.231800 0.000000 0.000000 0.000000 1.000000
0.986094 0.037690 0.161858 -2.822000 0.022509 0.934678 -0.354781 12.266600 -0.164656 0.353491 0.920832 0.231800 0.000000 0.000000 0.000000 1.000000
0.986094 0.037690 0.161858 -2.822000 0.022509 0.934678 -0.354781 12.266600 -0.164656 0.353491 0.920832 0.231800 0.000000 0.000000 0.000000 1.000000
0.986094 0.037690 0.161857 -2.822000 0.022509 0.934678 -0.354781 12.266600 -0.164656 0.353491 0.920832 0.231800 0.000000 0.000000 0.000000 1.000000
0.986094 0.037690 0.161857 -2.822000 0.022509 0.934678 -0.354782 12.266600 -0.164656 0.353491 0.920832 0.231800 0.000000 0.000000 0.000000 1.000000
0.986094 0.037690 0.161858 -2.822000 0.022509 0.934678 -0.354781 12.266600 -0.164656 0.353491 0.920832 0.231800 0.000000 0.000000 0.000000 1.000000
0.986094 0.037690 0.161857 -2.822000 0.022509 0.934678 -0.354781 12.266600 -0.164656 0.353491 0.920832 0.231800 0.000000 0.000000 0.000000 1.000000
0.986094 0.037690 0.161857 -2.822000 0.022509 0.934678 -0.354782 12.266600 -0.164656 0.353491 0.920832 0.231800 0.000000 0.000000 0.000000 1.000000
0.986094 0.037690 0.161858 -2.822000 0.022509 0.934678 -0.354781 12.266600 -0.164657 0.353491 0.920832 0.231800 0.000000 0.000000 0.000000 1.000000
0.986094 0.037690 0.161858 -2.822000 0.022509 0.934678 -0.354781 12.266600 -0.164656 0.353491 0.920832 0.231800 0.000000 0.000000 0.000000 1.000000
0.986094 0.037690 0.161858 -2.822000 0.022509 0.934678 -0.354782 12.266600 -0.164657 0.353491 0.920832 0.231800 0.000000 0.000000 0.000000 1.000000
0.986094 0.037690 0.161857 -2.822000 0.022509 0.934678 -0.354781 12.266600 -0.164656 0.353491 0.920832 0.231800 0.000000 0.000000 0.000000 1.000000
0.986094 0.037690 0.161858 -2.822000 0.022509 0.934678 -0.354781 12.266600 -0.164656 0.353491 0.920832 0.231800 0.000000 0.000000 0.000000 1.000000
0.986094 0.037690 0.161858 -2.822000 0.022509 0.934678 -0.354781 12.266600 -0.164657 0.353491 0.920832 0.231800 0.000000 0.000000 0.000000 1.000000
0.986094 0.037690 0.161858 -2.822000 0.022509 0.934678 -0.354782 12.266600 -0.164656 0.353491 0.920832 0.231800 0.000000 0.000000 0.000000 1.000000
0.986094 0.037690 0.161858 -2.822000 0.022509 0.934678 -0.354782 12.266600 -0.164656 0.353491 0.920832 0.231800 0.000000 0.000000 0.000000 1.000000</float_array>
        <technique_common>
          <accessor source="#mixamorig_LeftHandIndex1-Matrix-animation-output-transform-array" count="17" stride="16">
            <param type="float4x4"/>
          </accessor>
        </technique_common>
      </source>
      <source id="mixamorig_LeftHandIndex1-Interpolations">
        <Name_array id="mixamorig_LeftHandIndex1-Interpolations-array" count="17">
 LINEAR LINEAR LINEAR LINEAR LINEAR LINEAR LINEAR LINEAR LINEAR LINEAR LINEAR
LINEAR LINEAR LINEAR LINEAR LINEAR LINEAR</Name_array>
        <technique_common>
          <accessor source="#mixamorig_LeftHandIndex1-Interpolations-array" count="17">
            <param type="name"/>
          </accessor>
        </technique_common>
      </source>
      <sampler id="mixamorig_LeftHandIndex1-Matrix-animation-transform">
        <input semantic="INPUT" source="#mixamorig_LeftHandIndex1-Matrix-animation-input"/>
        <input semantic="OUTPUT" source="#mixamorig_LeftHandIndex1-Matrix-animation-output-transform"/>
        <input semantic="INTERPOLATION" source="#mixamorig_LeftHandIndex1-Interpolations"/>
      </sampler>
      <channel source="#mixamorig_LeftHandIndex1-Matrix-animation-transform" target="mixamorig_LeftHandIndex1/matrix"/>
    </animation>
    <animation id="mixamorig_LeftHandIndex2-anim" name="mixamorig_LeftHandIndex2">
      <source id="mixamorig_LeftHandIndex2-Matrix-animation-input">
        <float_array id="mixamorig_LeftHandIndex2-Matrix-animation-input-array" count="17">

0.000000 0.033333 0.066667 0.100000 0.133333 0.166667 0.200000 0.233333 0.266667 0.300000 0.333333 0.366667 0.400000 0.433333 0.466667 0.500000
0.533333</float_array>
        <technique_common>
          <accessor source="#mixamorig_LeftHandIndex2-Matrix-animation-input-array" count="17">
            <param name="TIME" type="float"/>
          </accessor>
        </technique_common>
      </source>
      <source id="mixamorig_LeftHandIndex2-Matrix-animation-output-transform">
        <float_array id="mixamorig_LeftHandIndex2-Matrix-animation-output-transform-array" count="272">

0.998733 0.048788 -0.012369 0.000000 -0.048789 0.878044 -0.476086 3.892000 -0.012367 0.476086 0.879312 0.000000 0.000000 0.000000 0.000000 1.000000
0.998733 0.048788 -0.012368 0.000000 -0.048788 0.878044 -0.476086 3.892000 -0.012367 0.476086 0.879312 0.000000 0.000000 0.000000 0.000000 1.000000
0.998733 0.048788 -0.012369 0.000000 -0.048789 0.878044 -0.476087 3.892000 -0.012367 0.476087 0.879311 -0.000000 0.000000 0.000000 0.000000 1.000000
0.998733 0.048788 -0.012368 0.000000 -0.048788 0.878044 -0.476086 3.892000 -0.012367 0.476086 0.879312 0.000000 0.000000 0.000000 0.000000 1.000000
0.998733 0.048788 -0.012368 -0.000000 -0.048788 0.878044 -0.476087 3.892000 -0.012367 0.476087 0.879311 0.000000 0.000000 0.000000 0.000000 1.000000
0.998733 0.048788 -0.012369 0.000000 -0.048788 0.878044 -0.476087 3.892000 -0.012367 0.476087 0.879311 -0.000000 0.000000 0.000000 0.000000 1.000000
0.998733 0.048788 -0.012369 0.000000 -0.048788 0.878044 -0.476086 3.892000 -0.012367 0.476086 0.879312 0.000000 0.000000 0.000000 0.000000 1.000000
0.998733 0.048788 -0.012369 0.000000 -0.048788 0.878044 -0.476086 3.892000 -0.012367 0.476086 0.879312 0.000000 0.000000 0.000000 0.000000 1.000000
0.998733 0.048788 -0.012368 0.000000 -0.048788 0.878044 -0.476087 3.892000 -0.012367 0.476087 0.879311 0.000000 0.000000 0.000000 0.000000 1.000000
0.998733 0.048788 -0.012368 -0.000000 -0.048788 0.878044 -0.476086 3.892000 -0.012367 0.476086 0.879312 0.000000 0.000000 0.000000 0.000000 1.000000
0.998733 0.048788 -0.012368 0.000000 -0.048788 0.878044 -0.476086 3.892000 -0.012367 0.476086 0.879312 0.000000 0.000000 0.000000 0.000000 1.000000
0.998733 0.048788 -0.012369 0.000000 -0.048788 0.878044 -0.476086 3.892000 -0.012367 0.476086 0.879312 0.000000 0.000000 0.000000 0.000000 1.000000
0.998733 0.048788 -0.012368 -0.000000 -0.048788 0.878044 -0.476086 3.892000 -0.012367 0.476086 0.879312 -0.000000 0.000000 0.000000 0.000000 1.000000
0.998733 0.048788 -0.012368 0.000000 -0.048788 0.878044 -0.476086 3.892000 -0.012367 0.476086 0.879312 0.000000 0.000000 0.000000 0.000000 1.000000
0.998733 0.048788 -0.012368 -0.000000 -0.048788 0.878044 -0.476086 3.892000 -0.012367 0.476086 0.879312 0.000000 0.000000 0.000000 0.000000 1.000000
0.998733 0.048788 -0.012369 0.000000 -0.048788 0.878044 -0.476086 3.892000 -0.012367 0.476086 0.879312 0.000000 0.000000 0.000000 0.000000 1.000000
0.998733 0.048788 -0.012369 0.000000 -0.048788 0.878044 -0.476086 3.892000 -0.012367 0.476087 0.879311 0.000000 0.000000 0.000000 0.000000 1.000000</float_array>
        <technique_common>
          <accessor source="#mixamorig_LeftHandIndex2-Matrix-animation-output-transform-array" count="17" stride="16">
            <param type="float4x4"/>
          </accessor>
        </technique_common>
      </source>
      <source id="mixamorig_LeftHandIndex2-Interpolations">
        <Name_array id="mixamorig_LeftHandIndex2-Interpolations-array" count="17">
 LINEAR LINEAR LINEAR LINEAR LINEAR LINEAR LINEAR LINEAR LINEAR LINEAR LINEAR
LINEAR LINEAR LINEAR LINEAR LINEAR LINEAR</Name_array>
        <technique_common>
          <accessor source="#mixamorig_LeftHandIndex2-Interpolations-array" count="17">
            <param type="name"/>
          </accessor>
        </technique_common>
      </source>
      <sampler id="mixamorig_LeftHandIndex2-Matrix-animation-transform">
        <input semantic="INPUT" source="#mixamorig_LeftHandIndex2-Matrix-animation-input"/>
        <input semantic="OUTPUT" source="#mixamorig_LeftHandIndex2-Matrix-animation-output-transform"/>
        <input semantic="INTERPOLATION" source="#mixamorig_LeftHandIndex2-Interpolations"/>
      </sampler>
      <channel source="#mixamorig_LeftHandIndex2-Matrix-animation-transform" target="mixamorig_LeftHandIndex2/matrix"/>
    </animation>
    <animation id="mixamorig_LeftHandIndex3-anim" name="mixamorig_LeftHandIndex3">
      <source id="mixamorig_LeftHandIndex3-Matrix-animation-input">
        <float_array id="mixamorig_LeftHandIndex3-Matrix-animation-input-array" count="17">

0.000000 0.033333 0.066667 0.100000 0.133333 0.166667 0.200000 0.233333 0.266667 0.300000 0.333333 0.366667 0.400000 0.433333 0.466667 0.500000
0.533333</float_array>
        <technique_common>
          <accessor source="#mixamorig_LeftHandIndex3-Matrix-animation-input-array" count="17">
            <param name="TIME" type="float"/>
          </accessor>
        </technique_common>
      </source>
      <source id="mixamorig_LeftHandIndex3-Matrix-animation-output-transform">
        <float_array id="mixamorig_LeftHandIndex3-Matrix-animation-output-transform-array" count="272">

0.998725 0.048933 -0.012447 0.000000 -0.048933 0.877267 -0.477503 3.415200 -0.012446 0.477503 0.878542 -0.000000 0.000000 0.000000 0.000000 1.000000
0.998725 0.048933 -0.012447 -0.000000 -0.048933 0.877267 -0.477502 3.415200 -0.012446 0.477502 0.878542 0.000000 0.000000 0.000000 0.000000 1.000000
0.998725 0.048933 -0.012447 -0.000000 -0.048933 0.877267 -0.477503 3.415200 -0.012446 0.477503 0.878542 0.000000 0.000000 0.000000 0.000000 1.000000
0.998725 0.048933 -0.012447 0.000000 -0.048933 0.877267 -0.477502 3.415200 -0.012446 0.477502 0.878542 0.000000 0.000000 0.000000 0.000000 1.000000
0.998725 0.048933 -0.012447 0.000000 -0.048933 0.877267 -0.477503 3.415200 -0.012446 0.477503 0.878542 0.000000 0.000000 0.000000 0.000000 1.000000
0.998725 0.048933 -0.012447 0.000000 -0.048933 0.877267 -0.477503 3.415200 -0.012446 0.477503 0.878542 0.000000 0.000000 0.000000 0.000000 1.000000
0.998725 0.048933 -0.012447 0.000000 -0.048933 0.877267 -0.477502 3.415200 -0.012446 0.477502 0.878542 -0.000000 0.000000 0.000000 0.000000 1.000000
0.998725 0.048933 -0.012447 0.000000 -0.048933 0.877267 -0.477503 3.415200 -0.012446 0.477503 0.878542 0.000000 0.000000 0.000000 0.000000 1.000000
0.998724 0.048933 -0.012447 -0.000000 -0.048933 0.877267 -0.477502 3.415200 -0.012446 0.477502 0.878542 -0.000000 0.000000 0.000000 0.000000 1.000000
0.998725 0.048933 -0.012447 0.000000 -0.048933 0.877267 -0.477503 3.415200 -0.012446 0.477503 0.878542 0.000000 0.000000 0.000000 0.000000 1.000000
0.998724 0.048933 -0.012447 0.000000 -0.048933 0.877267 -0.477502 3.415200 -0.012446 0.477502 0.878542 0.000000 0.000000 0.000000 0.000000 1.000000
0.998725 0.048933 -0.012447 0.000000 -0.048933 0.877267 -0.477503 3.415200 -0.012446 0.477503 0.878542 0.000000 0.000000 0.000000 0.000000 1.000000
0.998725 0.048933 -0.012447 0.000000 -0.048933 0.877267 -0.477502 3.415200 -0.012446 0.477502 0.878542 0.000000 0.000000 0.000000 0.000000 1.000000
0.998725 0.048933 -0.012447 0.000000 -0.048933 0.877267 -0.477503 3.415200 -0.012446 0.477503 0.878542 -0.000000 0.000000 0.000000 0.000000 1.000000
0.998725 0.048933 -0.012447 0.000000 -0.048933 0.877267 -0.477503 3.415200 -0.012446 0.477503 0.878542 -0.000000 0.000000 0.000000 0.000000 1.000000
0.998725 0.048933 -0.012447 -0.000000 -0.048933 0.877267 -0.477503 3.415200 -0.012446 0.477503 0.878542 0.000000 0.000000 0.000000 0.000000 1.000000
0.998725 0.048933 -0.012447 0.000000 -0.048933 0.877267 -0.477503 3.415200 -0.012446 0.477503 0.878542 0.000000 0.000000 0.000000 0.000000 1.000000</float_array>
        <technique_common>
          <accessor source="#mixamorig_LeftHandIndex3-Matrix-animation-output-transform-array" count="17" stride="16">
            <param type="float4x4"/>
          </accessor>
        </technique_common>
      </source>
      <source id="mixamorig_LeftHandIndex3-Interpolations">
        <Name_array id="mixamorig_LeftHandIndex3-Interpolations-array" count="17">
 LINEAR LINEAR LINEAR LINEAR LINEAR LINEAR LINEAR LINEAR LINEAR LINEAR LINEAR
LINEAR LINEAR LINEAR LINEAR LINEAR LINEAR</Name_array>
        <technique_common>
          <accessor source="#mixamorig_LeftHandIndex3-Interpolations-array" count="17">
            <param type="name"/>
          </accessor>
        </technique_common>
      </source>
      <sampler id="mixamorig_LeftHandIndex3-Matrix-animation-transform">
        <input semantic="INPUT" source="#mixamorig_LeftHandIndex3-Matrix-animation-input"/>
        <input semantic="OUTPUT" source="#mixamorig_LeftHandIndex3-Matrix-animation-output-transform"/>
        <input semantic="INTERPOLATION" source="#mixamorig_LeftHandIndex3-Interpolations"/>
      </sampler>
      <channel source="#mixamorig_LeftHandIndex3-Matrix-animation-transform" target="mixamorig_LeftHandIndex3/matrix"/>
    </animation>
    <animation id="mixamorig_LeftHandMiddle1-anim" name="mixamorig_LeftHandMiddle1">
      <source id="mixamorig_LeftHandMiddle1-Matrix-animation-input">
        <float_array id="mixamorig_LeftHandMiddle1-Matrix-animation-input-array" count="17">

0.000000 0.033333 0.066667 0.100000 0.133333 0.166667 0.200000 0.233333 0.266667 0.300000 0.333333 0.366667 0.400000 0.433333 0.466667 0.500000
0.533333</float_array>
        <technique_common>
          <accessor source="#mixamorig_LeftHandMiddle1-Matrix-animation-input-array" count="17">
            <param name="TIME" type="float"/>
          </accessor>
        </technique_common>
      </source>
      <source id="mixamorig_LeftHandMiddle1-Matrix-animation-output-transform">
        <float_array id="mixamorig_LeftHandMiddle1-Matrix-animation-output-transform-array" count="272">

0.984145 0.032624 0.174341 0.000000 0.031421 0.935323 -0.352398 12.775500 -0.174561 0.352289 0.919468 0.000000 0.000000 0.000000 0.000000 1.000000
0.984145 0.032624 0.174340 0.000000 0.031421 0.935322 -0.352398 12.775500 -0.174561 0.352289 0.919468 -0.000000 0.000000 0.000000 0.000000 1.000000
0.984145 0.032624 0.174341 0.000000 0.031421 0.935323 -0.352398 12.775500 -0.174561 0.352289 0.919468 -0.000000 0.000000 0.000000 0.000000 1.000000
0.984145 0.032624 0.174340 0.000000 0.031421 0.935323 -0.352398 12.775500 -0.174561 0.352289 0.919468 -0.000000 0.000000 0.000000 0.000000 1.000000
0.984145 0.032624 0.174341 -0.000000 0.031421 0.935322 -0.352398 12.775500 -0.174561 0.352289 0.919468 0.000000 0.000000 0.000000 0.000000 1.000000
0.984145 0.032625 0.174341 -0.000000 0.031421 0.935323 -0.352398 12.775500 -0.174561 0.352289 0.919468 0.000000 0.000000 0.000000 0.000000 1.000000
0.984145 0.032624 0.174341 0.000000 0.031421 0.935323 -0.352398 12.775500 -0.174561 0.352289 0.919468 -0.000000 0.000000 0.000000 0.000000 1.000000
0.984145 0.032625 0.174341 0.000000 0.031421 0.935323 -0.352398 12.775500 -0.174561 0.352289 0.919468 0.000000 0.000000 0.000000 0.000000 1.000000
0.984145 0.032625 0.174340 -0.000000 0.031421 0.935323 -0.352398 12.775500 -0.174561 0.352289 0.919468 0.000000 0.000000 0.000000 0.000000 1.000000
0.984145 0.032624 0.174340 -0.000000 0.031421 0.935323 -0.352398 12.775500 -0.174561 0.352289 0.919468 -0.000000 0.000000 0.000000 0.000000 1.000000
0.984145 0.032624 0.174341 0.000000 0.031421 0.935323 -0.352398 12.775500 -0.174561 0.352289 0.919468 0.000000 0.000000 0.000000 0.000000 1.000000
0.984145 0.032625 0.174341 0.000000 0.031421 0.935322 -0.352398 12.775500 -0.174562 0.352289 0.919468 0.000000 0.000000 0.000000 0.000000 1.000000
0.984145 0.032624 0.174340 -0.000000 0.031422 0.935322 -0.352398 12.775500 -0.174561 0.352289 0.919468 0.000000 0.000000 0.000000 0.000000 1.000000
0.984145 0.032624 0.174341 0.000000 0.031421 0.935323 -0.352398 12.775500 -0.174561 0.352289 0.919468 0.000000 0.000000 0.000000 0.000000 1.000000
0.984145 0.032624 0.174340 -0.000000 0.031421 0.935322 -0.352398 12.775500 -0.174561 0.352289 0.919468 -0.000000 0.000000 0.000000 0.000000 1.000000
0.984145 0.032625 0.174341 0.000000 0.031421 0.935323 -0.352398 12.775500 -0.174561 0.352289 0.919468 0.000000 0.000000 0.000000 0.000000 1.000000
0.984145 0.032624 0.174341 -0.000000 0.031421 0.935322 -0.352398 12.775500 -0.174561 0.352289 0.919468 -0.000000 0.000000 0.000000 0.000000 1.000000</float_array>
        <technique_common>
          <accessor source="#mixamorig_LeftHandMiddle1-Matrix-animation-output-transform-array" count="17" stride="16">
            <param type="float4x4"/>
          </accessor>
        </technique_common>
      </source>
      <source id="mixamorig_LeftHandMiddle1-Interpolations">
        <Name_array id="mixamorig_LeftHandMiddle1-Interpolations-array" count="17">
 LINEAR LINEAR LINEAR LINEAR LINEAR LINEAR LINEAR LINEAR LINEAR LINEAR LINEAR
LINEAR LINEAR LINEAR LINEAR LINEAR LINEAR</Name_array>
        <technique_common>
          <accessor source="#mixamorig_LeftHandMiddle1-Interpolations-array" count="17">
            <param type="name"/>
          </accessor>
        </technique_common>
      </source>
      <sampler id="mixamorig_LeftHandMiddle1-Matrix-animation-transform">
        <input semantic="INPUT" source="#mixamorig_LeftHandMiddle1-Matrix-animation-input"/>
        <input semantic="OUTPUT" source="#mixamorig_LeftHandMiddle1-Matrix-animation-output-transform"/>
        <input semantic="INTERPOLATION" source="#mixamorig_LeftHandMiddle1-Interpolations"/>
      </sampler>
      <channel source="#mixamorig_LeftHandMiddle1-Matrix-animation-transform" target="mixamorig_LeftHandMiddle1/matrix"/>
    </animation>
    <animation id="mixamorig_LeftHandMiddle2-anim" name="mixamorig_LeftHandMiddle2">
      <source id="mixamorig_LeftHandMiddle2-Matrix-animation-input">
        <float_array id="mixamorig_LeftHandMiddle2-Matrix-animation-input-array" count="17">

0.000000 0.033333 0.066667 0.100000 0.133333 0.166667 0.200000 0.233333 0.266667 0.300000 0.333333 0.366667 0.400000 0.433333 0.466667 0.500000
0.533333</float_array>
        <technique_common>
          <accessor source="#mixamorig_LeftHandMiddle2-Matrix-animation-input-array" count="17">
            <param name="TIME" type="float"/>
          </accessor>
        </technique_common>
      </source>
      <source id="mixamorig_LeftHandMiddle2-Matrix-animation-output-transform">
        <float_array id="mixamorig_LeftHandMiddle2-Matrix-animation-output-transform-array" count="272">

0.996836 0.073247 -0.030879 0.000000 -0.073247 0.695515 -0.714768 3.614000 -0.030878 0.714768 0.698680 -0.000000 0.000000 0.000000 0.000000 1.000000
0.996836 0.073247 -0.030879 -0.000000 -0.073248 0.695516 -0.714767 3.614000 -0.030878 0.714767 0.698680 0.000000 0.000000 0.000000 0.000000 1.000000
0.996836 0.073247 -0.030878 0.000000 -0.073247 0.695515 -0.714768 3.614000 -0.030878 0.714768 0.698680 0.000000 0.000000 0.000000 0.000000 1.000000
0.996836 0.073247 -0.030879 0.000000 -0.073247 0.695516 -0.714767 3.614000 -0.030878 0.714767 0.698680 0.000000 0.000000 0.000000 0.000000 1.000000
0.996836 0.073247 -0.030878 0.000000 -0.073247 0.695516 -0.714767 3.614000 -0.030878 0.714768 0.698680 0.000000 0.000000 0.000000 0.000000 1.000000
0.996836 0.073247 -0.030879 0.000000 -0.073247 0.695516 -0.714768 3.614000 -0.030878 0.714768 0.698680 0.000000 0.000000 0.000000 0.000000 1.000000
0.996836 0.073247 -0.030878 0.000000 -0.073247 0.695516 -0.714768 3.614000 -0.030878 0.714768 0.698680 0.000000 0.000000 0.000000 0.000000 1.000000
0.996836 0.073247 -0.030878 -0.000000 -0.073247 0.695516 -0.714767 3.614000 -0.030878 0.714767 0.698680 0.000000 0.000000 0.000000 0.000000 1.000000
0.996836 0.073247 -0.030878 0.000000 -0.073247 0.695516 -0.714768 3.614000 -0.030878 0.714768 0.698680 0.000000 0.000000 0.000000 0.000000 1.000000
0.996836 0.073247 -0.030878 0.000000 -0.073247 0.695516 -0.714768 3.614000 -0.030878 0.714768 0.698680 -0.000000 0.000000 0.000000 0.000000 1.000000
0.996836 0.073247 -0.030879 0.000000 -0.073247 0.695515 -0.714768 3.614000 -0.030878 0.714768 0.698680 0.000000 0.000000 0.000000 0.000000 1.000000
0.996836 0.073247 -0.030879 0.000000 -0.073247 0.695516 -0.714768 3.614000 -0.030878 0.714768 0.698680 0.000000 0.000000 0.000000 0.000000 1.000000
0.996836 0.073247 -0.030879 0.000000 -0.073247 0.695516 -0.714768 3.614000 -0.030878 0.714768 0.698680 0.000000 0.000000 0.000000 0.000000 1.000000
0.996836 0.073247 -0.030879 -0.000000 -0.073247 0.695516 -0.714768 3.614000 -0.030878 0.714768 0.698680 -0.000000 0.000000 0.000000 0.000000 1.000000
0.996836 0.073247 -0.030879 -0.000000 -0.073247 0.695516 -0.714768 3.614000 -0.030878 0.714768 0.698680 0.000000 0.000000 0.000000 0.000000 1.000000
0.996836 0.073247 -0.030879 0.000000 -0.073247 0.695516 -0.714767 3.614000 -0.030878 0.714767 0.698680 0.000000 0.000000 0.000000 0.000000 1.000000
0.996836 0.073247 -0.030879 -0.000000 -0.073247 0.695516 -0.714767 3.614000 -0.030878 0.714767 0.698680 -0.000000 0.000000 0.000000 0.000000 1.000000</float_array>
        <technique_common>
          <accessor source="#mixamorig_LeftHandMiddle2-Matrix-animation-output-transform-array" count="17" stride="16">
            <param type="float4x4"/>
          </accessor>
        </technique_common>
      </source>
      <source id="mixamorig_LeftHandMiddle2-Interpolations">
        <Name_array id="mixamorig_LeftHandMiddle2-Interpolations-array" count="17">
 LINEAR LINEAR LINEAR LINEAR LINEAR LINEAR LINEAR LINEAR LINEAR LINEAR LINEAR
LINEAR LINEAR LINEAR LINEAR LINEAR LINEAR</Name_array>
        <technique_common>
          <accessor source="#mixamorig_LeftHandMiddle2-Interpolations-array" count="17">
            <param type="name"/>
          </accessor>
        </technique_common>
      </source>
      <sampler id="mixamorig_LeftHandMiddle2-Matrix-animation-transform">
        <input semantic="INPUT" source="#mixamorig_LeftHandMiddle2-Matrix-animation-input"/>
        <input semantic="OUTPUT" source="#mixamorig_LeftHandMiddle2-Matrix-animation-output-transform"/>
        <input semantic="INTERPOLATION" source="#mixamorig_LeftHandMiddle2-Interpolations"/>
      </sampler>
      <channel source="#mixamorig_LeftHandMiddle2-Matrix-animation-transform" target="mixamorig_LeftHandMiddle2/matrix"/>
    </animation>
    <animation id="mixamorig_LeftHandMiddle3-anim" name="mixamorig_LeftHandMiddle3">
      <source id="mixamorig_LeftHandMiddle3-Matrix-animation-input">
        <float_array id="mixamorig_LeftHandMiddle3-Matrix-animation-input-array" count="17">

0.000000 0.033333 0.066667 0.100000 0.133333 0.166667 0.200000 0.233333 0.266667 0.300000 0.333333 0.366667 0.400000 0.433333 0.466667 0.500000
0.533333</float_array>
        <technique_common>
          <accessor source="#mixamorig_LeftHandMiddle3-Matrix-animation-input-array" count="17">
            <param name="TIME" type="float"/>
          </accessor>
        </technique_common>
      </source>
      <source id="mixamorig_LeftHandMiddle3-Matrix-animation-output-transform">
        <float_array id="mixamorig_LeftHandMiddle3-Matrix-animation-output-transform-array" count="272">

0.997088 0.070763 -0.028412 -0.000000 -0.070763 0.719837 -0.690526 3.459800 -0.028411 0.690526 0.722749 0.000000 0.000000 0.000000 0.000000 1.000000
0.997088 0.070762 -0.028412 0.000000 -0.070763 0.719837 -0.690526 3.459800 -0.028411 0.690526 0.722749 -0.000000 0.000000 0.000000 0.000000 1.000000
0.997088 0.070763 -0.028413 -0.000000 -0.070763 0.719838 -0.690526 3.459800 -0.028411 0.690526 0.722749 0.000000 0.000000 0.000000 0.000000 1.000000
0.997088 0.070763 -0.028412 0.000000 -0.070763 0.719837 -0.690526 3.459800 -0.028411 0.690526 0.722749 0.000000 0.000000 0.000000 0.000000 1.000000
0.997088 0.070762 -0.028413 -0.000000 -0.070763 0.719837 -0.690526 3.459800 -0.028411 0.690526 0.722749 0.000000 0.000000 0.000000 0.000000 1.000000
0.997088 0.070763 -0.028412 0.000000 -0.070763 0.719838 -0.690526 3.459800 -0.028411 0.690526 0.722749 -0.000000 0.000000 0.000000 0.000000 1.000000
0.997088 0.070762 -0.028412 0.000000 -0.070763 0.719838 -0.690526 3.459800 -0.028411 0.690526 0.722749 -0.000000 0.000000 0.000000 0.000000 1.000000
0.997088 0.070763 -0.028412 0.000000 -0.070763 0.719837 -0.690526 3.459800 -0.028411 0.690526 0.722749 0.000000 0.000000 0.000000 0.000000 1.000000
0.997088 0.070763 -0.028413 -0.000000 -0.070763 0.719838 -0.690526 3.459800 -0.028411 0.690526 0.722749 -0.000000 0.000000 0.000000 0.000000 1.000000
0.997088 0.070762 -0.028413 -0.000000 -0.070763 0.719838 -0.690526 3.459800 -0.028411 0.690526 0.722749 0.000000 0.000000 0.000000 0.000000 1.000000
0.997088 0.070762 -0.028412 0.000000 -0.070763 0.719838 -0.690526 3.459800 -0.028411 0.690526 0.722749 0.000000 0.000000 0.000000 0.000000 1.000000
0.997088 0.070763 -0.028412 0.000000 -0.070763 0.719838 -0.690526 3.459800 -0.028411 0.690526 0.722749 -0.000000 0.000000 0.000000 0.000000 1.000000
0.997088 0.070762 -0.028413 -0.000000 -0.070763 0.719838 -0.690526 3.459800 -0.028411 0.690526 0.722749 -0.000000 0.000000 0.000000 0.000000 1.000000
0.997088 0.070763 -0.028413 -0.000000 -0.070763 0.719838 -0.690526 3.459800 -0.028411 0.690526 0.722749 -0.000000 0.000000 0.000000 0.000000 1.000000
0.997088 0.070763 -0.028413 0.000000 -0.070763 0.719838 -0.690526 3.459800 -0.028411 0.690526 0.722750 0.000000 0.000000 0.000000 0.000000 1.000000
0.997088 0.070763 -0.028413 0.000000 -0.070763 0.719838 -0.690526 3.459800 -0.028411 0.690526 0.722749 -0.000000 0.000000 0.000000 0.000000 1.000000
0.997088 0.070763 -0.028412 -0.000000 -0.070763 0.719837 -0.690526 3.459800 -0.028411 0.690526 0.722749 0.000000 0.000000 0.000000 0.000000 1.000000</float_array>
        <technique_common>
          <accessor source="#mixamorig_LeftHandMiddle3-Matrix-animation-output-transform-array" count="17" stride="16">
            <param type="float4x4"/>
          </accessor>
        </technique_common>
      </source>
      <source id="mixamorig_LeftHandMiddle3-Interpolations">
        <Name_array id="mixamorig_LeftHandMiddle3-Interpolations-array" count="17">
 LINEAR LINEAR LINEAR LINEAR LINEAR LINEAR LINEAR LINEAR LINEAR LINEAR LINEAR
LINEAR LINEAR LINEAR LINEAR LINEAR LINEAR</Name_array>
        <technique_common>
          <accessor source="#mixamorig_LeftHandMiddle3-Interpolations-array" count="17">
            <param type="name"/>
          </accessor>
        </technique_common>
      </source>
      <sampler id="mixamorig_LeftHandMiddle3-Matrix-animation-transform">
        <input semantic="INPUT" source="#mixamorig_LeftHandMiddle3-Matrix-animation-input"/>
        <input semantic="OUTPUT" source="#mixamorig_LeftHandMiddle3-Matrix-animation-output-transform"/>
        <input semantic="INTERPOLATION" source="#mixamorig_LeftHandMiddle3-Interpolations"/>
      </sampler>
      <channel source="#mixamorig_LeftHandMiddle3-Matrix-animation-transform" target="mixamorig_LeftHandMiddle3/matrix"/>
    </animation>
    <animation id="mixamorig_LeftHandRing1-anim" name="mixamorig_LeftHandRing1">
      <source id="mixamorig_LeftHandRing1-Matrix-animation-input">
        <float_array id="mixamorig_LeftHandRing1-Matrix-animation-input-array" count="17">

0.000000 0.033333 0.066667 0.100000 0.133333 0.166667 0.200000 0.233333 0.266667 0.300000 0.333333 0.366667 0.400000 0.433333 0.466667 0.500000
0.533333</float_array>
        <technique_common>
          <accessor source="#mixamorig_LeftHandRing1-Matrix-animation-input-array" count="17">
            <param name="TIME" type="float"/>
          </accessor>
        </technique_common>
      </source>
      <source id="mixamorig_LeftHandRing1-Matrix-animation-output-transform">
        <float_array id="mixamorig_LeftHandRing1-Matrix-animation-output-transform-array" count="272">

0.999760 0.005520 0.021220 2.216600 0.001287 0.951348 -0.308116 12.147000 -0.021889 0.308070 0.951112 -0.010000 0.000000 0.000000 0.000000 1.000000
0.999760 0.005521 0.021220 2.216600 0.001287 0.951348 -0.308117 12.147000 -0.021888 0.308070 0.951112 -0.010000 0.000000 0.000000 0.000000 1.000000
0.999760 0.005520 0.021220 2.216600 0.001287 0.951348 -0.308117 12.147000 -0.021888 0.308070 0.951112 -0.010000 0.000000 0.000000 0.000000 1.000000
0.999760 0.005520 0.021220 2.216600 0.001287 0.951348 -0.308116 12.147000 -0.021888 0.308070 0.951112 -0.010000 0.000000 0.000000 0.000000 1.000000
0.999760 0.005521 0.021220 2.216600 0.001286 0.951348 -0.308117 12.147000 -0.021888 0.308070 0.951112 -0.010000 0.000000 0.000000 0.000000 1.000000
0.999760 0.005521 0.021220 2.216600 0.001286 0.951348 -0.308117 12.147000 -0.021888 0.308070 0.951112 -0.010000 0.000000 0.000000 0.000000 1.000000
0.999760 0.005521 0.021220 2.216600 0.001286 0.951348 -0.308117 12.147000 -0.021889 0.308070 0.951112 -0.010000 0.000000 0.000000 0.000000 1.000000
0.999760 0.005520 0.021220 2.216600 0.001287 0.951348 -0.308117 12.147000 -0.021888 0.308070 0.951112 -0.010000 0.000000 0.000000 0.000000 1.000000
0.999760 0.005521 0.021220 2.216600 0.001286 0.951348 -0.308117 12.147000 -0.021888 0.308070 0.951112 -0.010000 0.000000 0.000000 0.000000 1.000000
0.999760 0.005521 0.021220 2.216600 0.001287 0.951348 -0.308116 12.147000 -0.021888 0.308070 0.951112 -0.010000 0.000000 0.000000 0.000000 1.000000
0.999760 0.005520 0.021220 2.216600 0.001287 0.951348 -0.308116 12.147000 -0.021889 0.308069 0.951112 -0.010000 0.000000 0.000000 0.000000 1.000000
0.999760 0.005521 0.021220 2.216600 0.001286 0.951348 -0.308117 12.147000 -0.021889 0.308070 0.951112 -0.010000 0.000000 0.000000 0.000000 1.000000
0.999760 0.005520 0.021220 2.216600 0.001287 0.951348 -0.308117 12.147000 -0.021888 0.308070 0.951112 -0.010000 0.000000 0.000000 0.000000 1.000000
0.999760 0.005521 0.021220 2.216600 0.001286 0.951348 -0.308117 12.147000 -0.021888 0.308070 0.951112 -0.010000 0.000000 0.000000 0.000000 1.000000
0.999760 0.005521 0.021220 2.216600 0.001286 0.951348 -0.308117 12.147000 -0.021888 0.308070 0.951112 -0.010000 0.000000 0.000000 0.000000 1.000000
0.999760 0.005520 0.021220 2.216600 0.001287 0.951348 -0.308117 12.147000 -0.021888 0.308070 0.951112 -0.010000 0.000000 0.000000 0.000000 1.000000
0.999760 0.005520 0.021220 2.216600 0.001287 0.951348 -0.308117 12.147000 -0.021888 0.308070 0.951112 -0.010000 0.000000 0.000000 0.000000 1.000000</float_array>
        <technique_common>
          <accessor source="#mixamorig_LeftHandRing1-Matrix-animation-output-transform-array" count="17" stride="16">
            <param type="float4x4"/>
          </accessor>
        </technique_common>
      </source>
      <source id="mixamorig_LeftHandRing1-Interpolations">
        <Name_array id="mixamorig_LeftHandRing1-Interpolations-array" count="17">
 LINEAR LINEAR LINEAR LINEAR LINEAR LINEAR LINEAR LINEAR LINEAR LINEAR LINEAR
LINEAR LINEAR LINEAR LINEAR LINEAR LINEAR</Name_array>
        <technique_common>
          <accessor source="#mixamorig_LeftHandRing1-Interpolations-array" count="17">
            <param type="name"/>
          </accessor>
        </technique_common>
      </source>
      <sampler id="mixamorig_LeftHandRing1-Matrix-animation-transform">
        <input semantic="INPUT" source="#mixamorig_LeftHandRing1-Matrix-animation-input"/>
        <input semantic="OUTPUT" source="#mixamorig_LeftHandRing1-Matrix-animation-output-transform"/>
        <input semantic="INTERPOLATION" source="#mixamorig_LeftHandRing1-Interpolations"/>
      </sampler>
      <channel source="#mixamorig_LeftHandRing1-Matrix-animation-transform" target="mixamorig_LeftHandRing1/matrix"/>
    </animation>
    <animation id="mixamorig_LeftHandRing2-anim" name="mixamorig_LeftHandRing2">
      <source id="mixamorig_LeftHandRing2-Matrix-animation-input">
        <float_array id="mixamorig_LeftHandRing2-Matrix-animation-input-array" count="17">

0.000000 0.033333 0.066667 0.100000 0.133333 0.166667 0.200000 0.233333 0.266667 0.300000 0.333333 0.366667 0.400000 0.433333 0.466667 0.500000
0.533333</float_array>
        <technique_common>
          <accessor source="#mixamorig_LeftHandRing2-Matrix-animation-input-array" count="17">
            <param name="TIME" type="float"/>
          </accessor>
        </technique_common>
      </source>
      <source id="mixamorig_LeftHandRing2-Matrix-animation-output-transform">
        <float_array id="mixamorig_LeftHandRing2-Matrix-animation-output-transform-array" count="272">

0.993321 0.095213 -0.065178 -0.000000 -0.095214 0.357302 -0.929123 3.601200 -0.065177 0.929123 0.363981 0.000000 0.000000 0.000000 0.000000 1.000000
0.993321 0.095213 -0.065178 0.000000 -0.095214 0.357303 -0.929123 3.601200 -0.065176 0.929123 0.363982 0.000000 0.000000 0.000000 0.000000 1.000000
0.993321 0.095213 -0.065177 0.000000 -0.095214 0.357303 -0.929123 3.601200 -0.065177 0.929123 0.363982 0.000000 0.000000 0.000000 0.000000 1.000000
0.993321 0.095213 -0.065178 0.000000 -0.095214 0.357303 -0.929123 3.601200 -0.065177 0.929123 0.363982 0.000000 0.000000 0.000000 0.000000 1.000000
0.993321 0.095213 -0.065178 0.000000 -0.095214 0.357303 -0.929123 3.601200 -0.065176 0.929123 0.363982 0.000000 0.000000 0.000000 0.000000 1.000000
0.993321 0.095213 -0.065177 0.000000 -0.095214 0.357303 -0.929123 3.601200 -0.065177 0.929123 0.363982 -0.000000 0.000000 0.000000 0.000000 1.000000
0.993321 0.095213 -0.065177 0.000000 -0.095214 0.357303 -0.929123 3.601200 -0.065177 0.929123 0.363982 0.000000 0.000000 0.000000 0.000000 1.000000
0.993321 0.095213 -0.065178 -0.000000 -0.095214 0.357303 -0.929123 3.601200 -0.065177 0.929123 0.363982 0.000000 0.000000 0.000000 0.000000 1.000000
0.993321 0.095213 -0.065177 0.000000 -0.095214 0.357303 -0.929123 3.601200 -0.065177 0.929123 0.363982 0.000000 0.000000 0.000000 0.000000 1.000000
0.993321 0.095213 -0.065177 0.000000 -0.095214 0.357302 -0.929123 3.601200 -0.065177 0.929123 0.363982 0.000000 0.000000 0.000000 0.000000 1.000000
0.993321 0.095213 -0.065178 0.000000 -0.095214 0.357303 -0.929123 3.601200 -0.065177 0.929123 0.363982 0.000000 0.000000 0.000000 0.000000 1.000000
0.993321 0.095213 -0.065178 0.000000 -0.095214 0.357303 -0.929123 3.601200 -0.065177 0.929123 0.363982 0.000000 0.000000 0.000000 0.000000 1.000000
0.993321 0.095213 -0.065178 0.000000 -0.095214 0.357303 -0.929123 3.601200 -0.065177 0.929123 0.363982 -0.000000 0.000000 0.000000 0.000000 1.000000
0.993321 0.095213 -0.065177 0.000000 -0.095213 0.357302 -0.929123 3.601200 -0.065177 0.929123 0.363981 0.000000 0.000000 0.000000 0.000000 1.000000
0.993321 0.095213 -0.065177 -0.000000 -0.095214 0.357303 -0.929122 3.601200 -0.065177 0.929123 0.363983 0.000000 0.000000 0.000000 0.000000 1.000000
0.993321 0.095213 -0.065177 0.000000 -0.095214 0.357303 -0.929123 3.601200 -0.065177 0.929123 0.363982 -0.000000 0.000000 0.000000 0.000000 1.000000
0.993321 0.095213 -0.065178 0.000000 -0.095214 0.357303 -0.929123 3.601200 -0.065177 0.929123 0.363982 0.000000 0.000000 0.000000 0.000000 1.000000</float_array>
        <technique_common>
          <accessor source="#mixamorig_LeftHandRing2-Matrix-animation-output-transform-array" count="17" stride="16">
            <param type="float4x4"/>
          </accessor>
        </technique_common>
      </source>
      <source id="mixamorig_LeftHandRing2-Interpolations">
        <Name_array id="mixamorig_LeftHandRing2-Interpolations-array" count="17">
 LINEAR LINEAR LINEAR LINEAR LINEAR LINEAR LINEAR LINEAR LINEAR LINEAR LINEAR
LINEAR LINEAR LINEAR LINEAR LINEAR LINEAR</Name_array>
        <technique_common>
          <accessor source="#mixamorig_LeftHandRing2-Interpolations-array" count="17">
            <param type="name"/>
          </accessor>
        </technique_common>
      </source>
      <sampler id="mixamorig_LeftHandRing2-Matrix-animation-transform">
        <input semantic="INPUT" source="#mixamorig_LeftHandRing2-Matrix-animation-input"/>
        <input semantic="OUTPUT" source="#mixamorig_LeftHandRing2-Matrix-animation-output-transform"/>
        <input semantic="INTERPOLATION" source="#mixamorig_LeftHandRing2-Interpolations"/>
      </sampler>
      <channel source="#mixamorig_LeftHandRing2-Matrix-animation-transform" target="mixamorig_LeftHandRing2/matrix"/>
    </animation>
    <animation id="mixamorig_LeftHandRing3-anim" name="mixamorig_LeftHandRing3">
      <source id="mixamorig_LeftHandRing3-Matrix-animation-input">
        <float_array id="mixamorig_LeftHandRing3-Matrix-animation-input-array" count="17">

0.000000 0.033333 0.066667 0.100000 0.133333 0.166667 0.200000 0.233333 0.266667 0.300000 0.333333 0.366667 0.400000 0.433333 0.466667 0.500000
0.533333</float_array>
        <technique_common>
          <accessor source="#mixamorig_LeftHandRing3-Matrix-animation-input-array" count="17">
            <param name="TIME" type="float"/>
          </accessor>
        </technique_common>
      </source>
      <source id="mixamorig_LeftHandRing3-Matrix-animation-output-transform">
        <float_array id="mixamorig_LeftHandRing3-Matrix-animation-output-transform-array" count="272">

0.981672 0.189922 -0.015830 0.000000 -0.167429 0.819761 -0.547686 3.307300 -0.091041 0.540298 0.836534 0.000000 0.000000 0.000000 0.000000 1.000000
0.981672 0.189922 -0.015830 0.000000 -0.167429 0.819761 -0.547685 3.307300 -0.091041 0.540298 0.836535 0.000000 0.000000 0.000000 0.000000 1.000000
0.981672 0.189922 -0.015830 0.000000 -0.167429 0.819761 -0.547686 3.307300 -0.091041 0.540298 0.836534 0.000000 0.000000 0.000000 0.000000 1.000000
0.981672 0.189922 -0.015830 0.000000 -0.167429 0.819761 -0.547686 3.307300 -0.091041 0.540298 0.836534 0.000000 0.000000 0.000000 0.000000 1.000000
0.981672 0.189922 -0.015830 0.000000 -0.167429 0.819761 -0.547686 3.307300 -0.091041 0.540298 0.836534 0.000000 0.000000 0.000000 0.000000 1.000000
0.981672 0.189921 -0.015830 -0.000000 -0.167429 0.819761 -0.547686 3.307300 -0.091041 0.540298 0.836534 0.000000 0.000000 0.000000 0.000000 1.000000
0.981672 0.189922 -0.015830 0.000000 -0.167429 0.819761 -0.547686 3.307300 -0.091041 0.540298 0.836535 0.000000 0.000000 0.000000 0.000000 1.000000
0.981672 0.189922 -0.015830 0.000000 -0.167429 0.819761 -0.547686 3.307300 -0.091040 0.540298 0.836534 0.000000 0.000000 0.000000 0.000000 1.000000
0.981672 0.189922 -0.015830 0.000000 -0.167429 0.819761 -0.547686 3.307300 -0.091041 0.540298 0.836534 0.000000 0.000000 0.000000 0.000000 1.000000
0.981672 0.189922 -0.015829 0.000000 -0.167429 0.819761 -0.547685 3.307300 -0.091041 0.540298 0.836535 0.000000 0.000000 0.000000 0.000000 1.000000
0.981672 0.189921 -0.015830 -0.000000 -0.167429 0.819761 -0.547685 3.307300 -0.091041 0.540298 0.836535 0.000000 0.000000 0.000000 0.000000 1.000000
0.981672 0.189922 -0.015830 0.000000 -0.167429 0.819761 -0.547686 3.307300 -0.091041 0.540298 0.836534 0.000000 0.000000 0.000000 0.000000 1.000000
0.981672 0.189921 -0.015830 0.000000 -0.167429 0.819761 -0.547685 3.307300 -0.091041 0.540298 0.836535 0.000000 0.000000 0.000000 0.000000 1.000000
0.981672 0.189922 -0.015830 -0.000000 -0.167429 0.819761 -0.547685 3.307300 -0.091041 0.540298 0.836535 0.000000 0.000000 0.000000 0.000000 1.000000
0.981672 0.189921 -0.015830 0.000000 -0.167429 0.819761 -0.547686 3.307300 -0.091040 0.540298 0.836534 0.000000 0.000000 0.000000 0.000000 1.000000
0.981672 0.189921 -0.015830 0.000000 -0.167429 0.819761 -0.547686 3.307300 -0.091040 0.540298 0.836534 0.000000 0.000000 0.000000 0.000000 1.000000
0.981672 0.189922 -0.015830 0.000000 -0.167429 0.819761 -0.547686 3.307300 -0.091041 0.540298 0.836534 -0.000000 0.000000 0.000000 0.000000 1.000000</float_array>
        <technique_common>
          <accessor source="#mixamorig_LeftHandRing3-Matrix-animation-output-transform-array" count="17" stride="16">
            <param type="float4x4"/>
          </accessor>
        </technique_common>
      </source>
      <source id="mixamorig_LeftHandRing3-Interpolations">
        <Name_array id="mixamorig_LeftHandRing3-Interpolations-array" count="17">
 LINEAR LINEAR LINEAR LINEAR LINEAR LINEAR LINEAR LINEAR LINEAR LINEAR LINEAR
LINEAR LINEAR LINEAR LINEAR LINEAR LINEAR</Name_array>
        <technique_common>
          <accessor source="#mixamorig_LeftHandRing3-Interpolations-array" count="17">
            <param type="name"/>
          </accessor>
        </technique_common>
      </source>
      <sampler id="mixamorig_LeftHandRing3-Matrix-animation-transform">
        <input semantic="INPUT" source="#mixamorig_LeftHandRing3-Matrix-animation-input"/>
        <input semantic="OUTPUT" source="#mixamorig_LeftHandRing3-Matrix-animation-output-transform"/>
        <input semantic="INTERPOLATION" source="#mixamorig_LeftHandRing3-Interpolations"/>
      </sampler>
      <channel source="#mixamorig_LeftHandRing3-Matrix-animation-transform" target="mixamorig_LeftHandRing3/matrix"/>
    </animation>
    <animation id="mixamorig_LeftHandPinky1-anim" name="mixamorig_LeftHandPinky1">
      <source id="mixamorig_LeftHandPinky1-Matrix-animation-input">
        <float_array id="mixamorig_LeftHandPinky1-Matrix-animation-input-array" count="17">

0.000000 0.033333 0.066667 0.100000 0.133333 0.166667 0.200000 0.233333 0.266667 0.300000 0.333333 0.366667 0.400000 0.433333 0.466667 0.500000
0.533333</float_array>
        <technique_common>
          <accessor source="#mixamorig_LeftHandPinky1-Matrix-animation-input-array" count="17">
            <param name="TIME" type="float"/>
          </accessor>
        </technique_common>
      </source>
      <source id="mixamorig_LeftHandPinky1-Matrix-animation-output-transform">
        <float_array id="mixamorig_LeftHandPinky1-Matrix-animation-output-transform-array" count="272">

0.990027 0.012009 -0.140366 4.725800 -0.028080 0.993189 -0.113084 10.908200 0.138051 0.115897 0.983621 0.226100 0.000000 0.000000 0.000000 1.000000
0.990027 0.012009 -0.140366 4.725800 -0.028080 0.993189 -0.113084 10.908200 0.138052 0.115897 0.983621 0.226100 0.000000 0.000000 0.000000 1.000000
0.990027 0.012009 -0.140366 4.725800 -0.028080 0.993189 -0.113084 10.908200 0.138051 0.115897 0.983621 0.226100 0.000000 0.000000 0.000000 1.000000
0.990027 0.012009 -0.140366 4.725800 -0.028080 0.993189 -0.113084 10.908200 0.138051 0.115897 0.983621 0.226100 0.000000 0.000000 0.000000 1.000000
0.990027 0.012009 -0.140366 4.725800 -0.028080 0.993189 -0.113084 10.908200 0.138052 0.115897 0.983621 0.226100 0.000000 0.000000 0.000000 1.000000
0.990027 0.012009 -0.140366 4.725800 -0.028080 0.993189 -0.113084 10.908200 0.138052 0.115897 0.983621 0.226100 0.000000 0.000000 0.000000 1.000000
0.990027 0.012009 -0.140365 4.725800 -0.028080 0.993189 -0.113083 10.908200 0.138051 0.115897 0.983621 0.226100 0.000000 0.000000 0.000000 1.000000
0.990027 0.012009 -0.140366 4.725800 -0.028080 0.993189 -0.113083 10.908200 0.138052 0.115897 0.983621 0.226100 0.000000 0.000000 0.000000 1.000000
0.990027 0.012009 -0.140366 4.725800 -0.028081 0.993189 -0.113084 10.908200 0.138052 0.115897 0.983621 0.226100 0.000000 0.000000 0.000000 1.000000
0.990027 0.012009 -0.140366 4.725800 -0.028080 0.993189 -0.113083 10.908200 0.138052 0.115897 0.983621 0.226100 0.000000 0.000000 0.000000 1.000000
0.990027 0.012009 -0.140366 4.725800 -0.028080 0.993189 -0.113083 10.908200 0.138051 0.115897 0.983621 0.226100 0.000000 0.000000 0.000000 1.000000
0.990027 0.012009 -0.140366 4.725800 -0.028081 0.993189 -0.113084 10.908200 0.138051 0.115897 0.983621 0.226100 0.000000 0.000000 0.000000 1.000000
0.990027 0.012009 -0.140366 4.725800 -0.028080 0.993189 -0.113084 10.908200 0.138051 0.115897 0.983621 0.226100 0.000000 0.000000 0.000000 1.000000
0.990027 0.012009 -0.140366 4.725800 -0.028080 0.993189 -0.113083 10.908200 0.138052 0.115897 0.983621 0.226100 0.000000 0.000000 0.000000 1.000000
0.990027 0.012009 -0.140366 4.725800 -0.028080 0.993189 -0.113084 10.908200 0.138052 0.115897 0.983621 0.226100 0.000000 0.000000 0.000000 1.000000
0.990027 0.012009 -0.140366 4.725800 -0.028080 0.993189 -0.113084 10.908200 0.138051 0.115897 0.983621 0.226100 0.000000 0.000000 0.000000 1.000000
0.990027 0.012009 -0.140366 4.725800 -0.028080 0.993189 -0.113084 10.908200 0.138051 0.115897 0.983621 0.226100 0.000000 0.000000 0.000000 1.000000</float_array>
        <technique_common>
          <accessor source="#mixamorig_LeftHandPinky1-Matrix-animation-output-transform-array" count="17" stride="16">
            <param type="float4x4"/>
          </accessor>
        </technique_common>
      </source>
      <source id="mixamorig_LeftHandPinky1-Interpolations">
        <Name_array id="mixamorig_LeftHandPinky1-Interpolations-array" count="17">
 LINEAR LINEAR LINEAR LINEAR LINEAR LINEAR LINEAR LINEAR LINEAR LINEAR LINEAR
LINEAR LINEAR LINEAR LINEAR LINEAR LINEAR</Name_array>
        <technique_common>
          <accessor source="#mixamorig_LeftHandPinky1-Interpolations-array" count="17">
            <param type="name"/>
          </accessor>
        </technique_common>
      </source>
      <sampler id="mixamorig_LeftHandPinky1-Matrix-animation-transform">
        <input semantic="INPUT" source="#mixamorig_LeftHandPinky1-Matrix-animation-input"/>
        <input semantic="OUTPUT" source="#mixamorig_LeftHandPinky1-Matrix-animation-output-transform"/>
        <input semantic="INTERPOLATION" source="#mixamorig_LeftHandPinky1-Interpolations"/>
      </sampler>
      <channel source="#mixamorig_LeftHandPinky1-Matrix-animation-transform" target="mixamorig_LeftHandPinky1/matrix"/>
    </animation>
    <animation id="mixamorig_LeftHandPinky2-anim" name="mixamorig_LeftHandPinky2">
      <source id="mixamorig_LeftHandPinky2-Matrix-animation-input">
        <float_array id="mixamorig_LeftHandPinky2-Matrix-animation-input-array" count="17">

0.000000 0.033333 0.066667 0.100000 0.133333 0.166667 0.200000 0.233333 0.266667 0.300000 0.333333 0.366667 0.400000 0.433333 0.466667 0.500000
0.533333</float_array>
        <technique_common>
          <accessor source="#mixamorig_LeftHandPinky2-Matrix-animation-input-array" count="17">
            <param name="TIME" type="float"/>
          </accessor>
        </technique_common>
      </source>
      <source id="mixamorig_LeftHandPinky2-Matrix-animation-output-transform">
        <float_array id="mixamorig_LeftHandPinky2-Matrix-animation-output-transform-array" count="272">

0.996060 0.079914 -0.038449 0.000000 -0.079915 0.620861 -0.779836 4.136700 -0.038448 0.779836 0.624802 0.000000 0.000000 0.000000 0.000000 1.000000
0.996060 0.079914 -0.038450 0.000000 -0.079915 0.620862 -0.779836 4.136700 -0.038448 0.779836 0.624802 0.000000 0.000000 0.000000 0.000000 1.000000
0.996060 0.079914 -0.038449 0.000000 -0.079914 0.620861 -0.779836 4.136700 -0.038448 0.779836 0.624802 -0.000000 0.000000 0.000000 0.000000 1.000000
0.996060 0.079914 -0.038449 -0.000000 -0.079915 0.620862 -0.779836 4.136700 -0.038448 0.779836 0.624802 0.000000 0.000000 0.000000 0.000000 1.000000
0.996060 0.079914 -0.038450 0.000000 -0.079915 0.620862 -0.779836 4.136700 -0.038448 0.779836 0.624802 0.000000 0.000000 0.000000 0.000000 1.000000
0.996060 0.079914 -0.038449 0.000000 -0.079915 0.620861 -0.779836 4.136700 -0.038448 0.779836 0.624801 0.000000 0.000000 0.000000 0.000000 1.000000
0.996060 0.079914 -0.038449 -0.000000 -0.079915 0.620861 -0.779836 4.136700 -0.038448 0.779836 0.624802 0.000000 0.000000 0.000000 0.000000 1.000000
0.996060 0.079914 -0.038449 0.000000 -0.079915 0.620861 -0.779836 4.136700 -0.038448 0.779837 0.624801 0.000000 0.000000 0.000000 0.000000 1.000000
0.996060 0.079914 -0.038449 0.000000 -0.079915 0.620861 -0.779837 4.136700 -0.038448 0.779837 0.624801 0.000000 0.000000 0.000000 0.000000 1.000000
0.996060 0.079914 -0.038449 0.000000 -0.079915 0.620861 -0.779836 4.136700 -0.038448 0.779836 0.624802 0.000000 0.000000 0.000000 0.000000 1.000000
0.996060 0.079914 -0.038450 0.000000 -0.079915 0.620862 -0.779836 4.136700 -0.038448 0.779836 0.624802 0.000000 0.000000 0.000000 0.000000 1.000000
0.996060 0.079914 -0.038449 0.000000 -0.079914 0.620861 -0.779837 4.136700 -0.038448 0.779837 0.624801 -0.000000 0.000000 0.000000 0.000000 1.000000
0.996060 0.079914 -0.038449 0.000000 -0.079915 0.620861 -0.779836 4.136700 -0.038448 0.779836 0.624801 -0.000000 0.000000 0.000000 0.000000 1.000000
0.996060 0.079914 -0.038449 -0.000000 -0.079914 0.620862 -0.779836 4.136700 -0.038448 0.779836 0.624802 0.000000 0.000000 0.000000 0.000000 1.000000
0.996060 0.079914 -0.038450 0.000000 -0.079915 0.620861 -0.779837 4.136700 -0.038448 0.779837 0.624801 0.000000 0.000000 0.000000 0.000000 1.000000
0.996060 0.079914 -0.038449 0.000000 -0.079915 0.620862 -0.779836 4.136700 -0.038448 0.779836 0.624802 -0.000000 0.000000 0.000000 0.000000 1.000000
0.996060 0.079914 -0.038449 0.000000 -0.079915 0.620861 -0.779836 4.136700 -0.038448 0.779836 0.624802 0.000000 0.000000 0.000000 0.000000 1.000000</float_array>
        <technique_common>
          <accessor source="#mixamorig_LeftHandPinky2-Matrix-animation-output-transform-array" count="17" stride="16">
            <param type="float4x4"/>
          </accessor>
        </technique_common>
      </source>
      <source id="mixamorig_LeftHandPinky2-Interpolations">
        <Name_array id="mixamorig_LeftHandPinky2-Interpolations-array" count="17">
 LINEAR LINEAR LINEAR LINEAR LINEAR LINEAR LINEAR LINEAR LINEAR LINEAR LINEAR
LINEAR LINEAR LINEAR LINEAR LINEAR LINEAR</Name_array>
        <technique_common>
          <accessor source="#mixamorig_LeftHandPinky2-Interpolations-array" count="17">
            <param type="name"/>
          </accessor>
        </technique_common>
      </source>
      <sampler id="mixamorig_LeftHandPinky2-Matrix-animation-transform">
        <input semantic="INPUT" source="#mixamorig_LeftHandPinky2-Matrix-animation-input"/>
        <input semantic="OUTPUT" source="#mixamorig_LeftHandPinky2-Matrix-animation-output-transform"/>
        <input semantic="INTERPOLATION" source="#mixamorig_LeftHandPinky2-Interpolations"/>
      </sampler>
      <channel source="#mixamorig_LeftHandPinky2-Matrix-animation-transform" target="mixamorig_LeftHandPinky2/matrix"/>
    </animation>
    <animation id="mixamorig_LeftHandPinky3-anim" name="mixamorig_LeftHandPinky3">
      <source id="mixamorig_LeftHandPinky3-Matrix-animation-input">
        <float_array id="mixamorig_LeftHandPinky3-Matrix-animation-input-array" count="17">

0.000000 0.033333 0.066667 0.100000 0.133333 0.166667 0.200000 0.233333 0.266667 0.300000 0.333333 0.366667 0.400000 0.433333 0.466667 0.500000
0.533333</float_array>
        <technique_common>
          <accessor source="#mixamorig_LeftHandPinky3-Matrix-animation-input-array" count="17">
            <param name="TIME" type="float"/>
          </accessor>
        </technique_common>
      </source>
      <source id="mixamorig_LeftHandPinky3-Matrix-animation-output-transform">
        <float_array id="mixamorig_LeftHandPinky3-Matrix-animation-output-transform-array" count="272">

0.998422 0.054010 -0.015403 0.000000 -0.054010 0.848118 -0.527047 2.594800 -0.015402 0.527047 0.849696 0.000000 0.000000 0.000000 0.000000 1.000000
0.998422 0.054010 -0.015403 0.000000 -0.054010 0.848118 -0.527047 2.594800 -0.015402 0.527047 0.849697 0.000000 0.000000 0.000000 0.000000 1.000000
0.998422 0.054010 -0.015403 -0.000000 -0.054010 0.848118 -0.527047 2.594800 -0.015402 0.527047 0.849696 -0.000000 0.000000 0.000000 0.000000 1.000000
0.998422 0.054010 -0.015403 0.000000 -0.054010 0.848118 -0.527047 2.594800 -0.015402 0.527047 0.849697 0.000000 0.000000 0.000000 0.000000 1.000000
0.998422 0.054010 -0.015403 -0.000000 -0.054010 0.848118 -0.527047 2.594800 -0.015402 0.527047 0.849697 0.000000 0.000000 0.000000 0.000000 1.000000
0.998422 0.054010 -0.015403 0.000000 -0.054010 0.848118 -0.527047 2.594800 -0.015402 0.527047 0.849696 -0.000000 0.000000 0.000000 0.000000 1.000000
0.998422 0.054010 -0.015403 -0.000000 -0.054010 0.848118 -0.527047 2.594800 -0.015402 0.527047 0.849696 0.000000 0.000000 0.000000 0.000000 1.000000
0.998422 0.054010 -0.015403 -0.000000 -0.054010 0.848118 -0.527047 2.594800 -0.015403 0.527047 0.849696 0.000000 0.000000 0.000000 0.000000 1.000000
0.998422 0.054010 -0.015403 0.000000 -0.054010 0.848118 -0.527047 2.594800 -0.015402 0.527047 0.849697 0.000000 0.000000 0.000000 0.000000 1.000000
0.998422 0.054010 -0.015403 0.000000 -0.054011 0.848118 -0.527047 2.594800 -0.015402 0.527047 0.849696 0.000000 0.000000 0.000000 0.000000 1.000000
0.998422 0.054010 -0.015403 -0.000000 -0.054010 0.848118 -0.527047 2.594800 -0.015402 0.527047 0.849696 -0.000000 0.000000 0.000000 0.000000 1.000000
0.998422 0.054010 -0.015403 -0.000000 -0.054010 0.848118 -0.527047 2.594800 -0.015402 0.527048 0.849696 0.000000 0.000000 0.000000 0.000000 1.000000
0.998422 0.054010 -0.015403 0.000000 -0.054010 0.848118 -0.527047 2.594800 -0.015402 0.527047 0.849696 0.000000 0.000000 0.000000 0.000000 1.000000
0.998422 0.054010 -0.015403 -0.000000 -0.054010 0.848118 -0.527047 2.594800 -0.015402 0.527047 0.849696 0.000000 0.000000 0.000000 0.000000 1.000000
0.998422 0.054010 -0.015403 0.000000 -0.054010 0.848118 -0.527047 2.594800 -0.015402 0.527047 0.849696 -0.000000 0.000000 0.000000 0.000000 1.000000
0.998422 0.054010 -0.015403 0.000000 -0.054010 0.848118 -0.527047 2.594800 -0.015402 0.527047 0.849696 0.000000 0.000000 0.000000 0.000000 1.000000
0.998422 0.054010 -0.015403 0.000000 -0.054010 0.848118 -0.527047 2.594800 -0.015402 0.527047 0.849696 0.000000 0.000000 0.000000 0.000000 1.000000</float_array>
        <technique_common>
          <accessor source="#mixamorig_LeftHandPinky3-Matrix-animation-output-transform-array" count="17" stride="16">
            <param type="float4x4"/>
          </accessor>
        </technique_common>
      </source>
      <source id="mixamorig_LeftHandPinky3-Interpolations">
        <Name_array id="mixamorig_LeftHandPinky3-Interpolations-array" count="17">
 LINEAR LINEAR LINEAR LINEAR LINEAR LINEAR LINEAR LINEAR LINEAR LINEAR LINEAR
LINEAR LINEAR LINEAR LINEAR LINEAR LINEAR</Name_array>
        <technique_common>
          <accessor source="#mixamorig_LeftHandPinky3-Interpolations-array" count="17">
            <param type="name"/>
          </accessor>
        </technique_common>
      </source>
      <sampler id="mixamorig_LeftHandPinky3-Matrix-animation-transform">
        <input semantic="INPUT" source="#mixamorig_LeftHandPinky3-Matrix-animation-input"/>
        <input semantic="OUTPUT" source="#mixamorig_LeftHandPinky3-Matrix-animation-output-transform"/>
        <input semantic="INTERPOLATION" source="#mixamorig_LeftHandPinky3-Interpolations"/>
      </sampler>
      <channel source="#mixamorig_LeftHandPinky3-Matrix-animation-transform" target="mixamorig_LeftHandPinky3/matrix"/>
    </animation>
    <animation id="mixamorig_RightShoulder-anim" name="mixamorig_RightShoulder">
      <source id="mixamorig_RightShoulder-Matrix-animation-input">
        <float_array id="mixamorig_RightShoulder-Matrix-animation-input-array" count="17">

0.000000 0.033333 0.066667 0.100000 0.133333 0.166667 0.200000 0.233333 0.266667 0.300000 0.333333 0.366667 0.400000 0.433333 0.466667 0.500000
0.533333</float_array>
        <technique_common>
          <accessor source="#mixamorig_RightShoulder-Matrix-animation-input-array" count="17">
            <param name="TIME" type="float"/>
          </accessor>
        </technique_common>
      </source>
      <source id="mixamorig_RightShoulder-Matrix-animation-output-transform">
        <float_array id="mixamorig_RightShoulder-Matrix-animation-output-transform-array" count="272">

0.147086 -0.988995 -0.015946 -6.105700 -0.183740 -0.011478 -0.982908 9.106400 0.971908 0.147502 -0.183406 0.757100 0.000000 0.000000 0.000000 1.000000
0.216308 -0.976325 -0.000660 -6.105700 -0.161443 -0.035102 -0.986258 9.106400 0.962885 0.213442 -0.165214 0.757100 0.000000 0.000000 0.000000 1.000000
0.254727 -0.966840 0.018273 -6.105700 -0.146976 -0.057385 -0.987474 9.106400 0.955778 0.248851 -0.156720 0.757100 0.000000 0.000000 0.000000 1.000000
0.263660 -0.964419 0.019463 -6.105700 -0.141586 -0.058650 -0.988187 9.106400 0.954168 0.257790 -0.152012 0.757100 0.000000 0.000000 0.000000 1.000000
0.260120 -0.965546 0.007612 -6.105700 -0.140517 -0.045653 -0.989025 9.106400 0.955297 0.256196 -0.147551 0.757100 0.000000 0.000000 0.000000 1.000000
0.235528 -0.971588 -0.023293 -6.105700 -0.146329 -0.011758 -0.989166 9.106400 0.960788 0.236385 -0.144941 0.757100 0.000000 0.000000 0.000000 1.000000
0.200458 -0.979563 -0.016538 -6.105700 -0.143112 -0.012578 -0.989627 9.106400 0.969193 0.200745 -0.142709 0.757100 0.000000 0.000000 0.000000 1.000000
0.156725 -0.987617 -0.007044 -6.105700 -0.131520 -0.013801 -0.991217 9.106400 0.978846 0.156275 -0.132054 0.757100 0.000000 0.000000 0.000000 1.000000
0.111397 -0.993770 0.003357 -6.105700 -0.108009 -0.015465 -0.994030 9.106400 0.987889 0.110369 -0.109059 0.757100 0.000000 0.000000 0.000000 1.000000
0.073251 -0.997241 0.012045 -6.105700 -0.074179 -0.017492 -0.997092 9.106400 0.994551 0.072144 -0.075255 0.757100 0.000000 0.000000 0.000000 1.000000
0.050659 -0.998549 0.018251 -6.105700 -0.032090 -0.019892 -0.999287 9.106400 0.998200 0.050037 -0.033051 0.757100 0.000000 0.000000 0.000000 1.000000
0.046853 -0.998625 0.023523 -6.105700 0.017152 -0.022741 -0.999594 9.106400 0.998755 0.047238 0.016063 0.757100 0.000000 0.000000 0.000000 1.000000
0.052225 -0.998192 0.029757 -6.105700 0.070974 -0.026013 -0.997139 9.106400 0.996110 0.054187 0.069487 0.757100 0.000000 0.000000 0.000000 1.000000
0.066792 -0.997035 0.038222 -6.105700 0.126590 -0.029530 -0.991516 9.106400 0.989704 0.071064 0.124242 0.757100 0.000000 0.000000 0.000000 1.000000
0.088058 -0.994870 0.049795 -6.105700 0.181592 -0.033118 -0.982816 9.106400 0.979423 0.095587 0.177744 0.757100 0.000000 0.000000 0.000000 1.000000
0.115596 -0.991003 0.067460 -6.105700 0.244928 -0.037380 -0.968820 9.106400 0.962625 0.128515 0.238404 0.757100 0.000000 0.000000 0.000000 1.000000
0.131360 -0.988123 0.079734 -6.105700 0.281617 -0.039922 -0.958696 9.106400 0.950493 0.148389 0.273028 0.757100 0.000000 0.000000 0.000000 1.000000</float_array>
        <technique_common>
          <accessor source="#mixamorig_RightShoulder-Matrix-animation-output-transform-array" count="17" stride="16">
            <param type="float4x4"/>
          </accessor>
        </technique_common>
      </source>
      <source id="mixamorig_RightShoulder-Interpolations">
        <Name_array id="mixamorig_RightShoulder-Interpolations-array" count="17">
 LINEAR LINEAR LINEAR LINEAR LINEAR LINEAR LINEAR LINEAR LINEAR LINEAR LINEAR
LINEAR LINEAR LINEAR LINEAR LINEAR LINEAR</Name_array>
        <technique_common>
          <accessor source="#mixamorig_RightShoulder-Interpolations-array" count="17">
            <param type="name"/>
          </accessor>
        </technique_common>
      </source>
      <sampler id="mixamorig_RightShoulder-Matrix-animation-transform">
        <input semantic="INPUT" source="#mixamorig_RightShoulder-Matrix-animation-input"/>
        <input semantic="OUTPUT" source="#mixamorig_RightShoulder-Matrix-animation-output-transform"/>
        <input semantic="INTERPOLATION" source="#mixamorig_RightShoulder-Interpolations"/>
      </sampler>
      <channel source="#mixamorig_RightShoulder-Matrix-animation-transform" target="mixamorig_RightShoulder/matrix"/>
    </animation>
    <animation id="mixamorig_RightArm-anim" name="mixamorig_RightArm">
      <source id="mixamorig_RightArm-Matrix-animation-input">
        <float_array id="mixamorig_RightArm-Matrix-animation-input-array" count="17">

0.000000 0.033333 0.066667 0.100000 0.133333 0.166667 0.200000 0.233333 0.266667 0.300000 0.333333 0.366667 0.400000 0.433333 0.466667 0.500000
0.533333</float_array>
        <technique_common>
          <accessor source="#mixamorig_RightArm-Matrix-animation-input-array" count="17">
            <param name="TIME" type="float"/>
          </accessor>
        </technique_common>
      </source>
      <source id="mixamorig_RightArm-Matrix-animation-output-transform">
        <float_array id="mixamorig_RightArm-Matrix-animation-output-transform-array" count="272">

0.687145 0.448179 -0.571811 0.000000 -0.723376 0.495200 -0.481149 12.922300 0.067520 0.744253 0.664476 0.000000 0.000000 0.000000 0.000000 1.000000
0.750097 0.445279 -0.488958 -0.000000 -0.661312 0.500047 -0.559124 12.922300 -0.004464 0.742751 0.669552 0.000000 0.000000 0.000000 0.000000 1.000000
0.765611 0.508682 -0.393805 -0.000000 -0.630485 0.471730 -0.616409 12.922300 -0.127787 0.720218 0.681878 0.000000 0.000000 0.000000 0.000000 1.000000
0.777694 0.520164 -0.353017 0.000000 -0.606054 0.471190 -0.640842 12.922300 -0.167005 0.712327 0.681689 0.000000 0.000000 0.000000 0.000000 1.000000
0.788974 0.516296 -0.333105 -0.000000 -0.586713 0.472077 -0.657959 12.922300 -0.182450 0.714550 0.675374 0.000000 0.000000 0.000000 0.000000 1.000000
0.787330 0.517464 -0.335174 -0.000000 -0.584050 0.451875 -0.674310 12.922300 -0.197474 0.726663 0.658000 0.000000 0.000000 0.000000 0.000000 1.000000
0.762668 0.548127 -0.343357 0.000000 -0.611814 0.439171 -0.657885 12.922300 -0.209812 0.711819 0.670293 0.000000 0.000000 0.000000 0.000000 1.000000
0.718784 0.591904 -0.364689 0.000000 -0.657123 0.407122 -0.634382 12.922300 -0.227021 0.695630 0.681587 0.000000 0.000000 0.000000 0.000000 1.000000
0.674141 0.623711 -0.395624 -0.000000 -0.698741 0.364966 -0.615273 12.922300 -0.239363 0.691219 0.681851 0.000000 0.000000 0.000000 0.000000 1.000000
0.662074 0.620651 -0.420061 0.000000 -0.714116 0.352408 -0.604853 12.922300 -0.227370 0.700430 0.676536 0.000000 0.000000 0.000000 0.000000 1.000000
0.700376 0.578871 -0.417591 -0.000000 -0.689090 0.395834 -0.607017 12.922300 -0.186088 0.712898 0.676127 0.000000 0.000000 0.000000 0.000000 1.000000
0.757416 0.520083 -0.394758 0.000000 -0.638136 0.461655 -0.616164 12.922300 -0.138214 0.718602 0.681548 0.000000 0.000000 0.000000 0.000000 1.000000
0.702864 0.572928 -0.421588 -0.000000 -0.686384 0.390699 -0.613377 12.922300 -0.186707 0.720492 0.667857 0.000000 0.000000 0.000000 0.000000 1.000000
0.635594 0.618831 -0.461594 0.000000 -0.735710 0.304294 -0.605092 12.922300 -0.233989 0.724192 0.648687 0.000000 0.000000 0.000000 0.000000 1.000000
0.610578 0.618611 -0.494485 0.000000 -0.756214 0.269949 -0.596043 12.922300 -0.235233 0.737867 0.632627 0.000000 0.000000 0.000000 0.000000 1.000000
0.632675 0.561546 -0.533281 0.000000 -0.757418 0.305202 -0.577209 12.922300 -0.161371 0.769102 0.618419 0.000000 0.000000 0.000000 0.000000 1.000000
0.649926 0.517224 -0.556844 0.000000 -0.752550 0.335659 -0.566570 12.922300 -0.106133 0.787282 0.607390 0.000000 0.000000 0.000000 0.000000 1.000000</float_array>
        <technique_common>
          <accessor source="#mixamorig_RightArm-Matrix-animation-output-transform-array" count="17" stride="16">
            <param type="float4x4"/>
          </accessor>
        </technique_common>
      </source>
      <source id="mixamorig_RightArm-Interpolations">
        <Name_array id="mixamorig_RightArm-Interpolations-array" count="17">
 LINEAR LINEAR LINEAR LINEAR LINEAR LINEAR LINEAR LINEAR LINEAR LINEAR LINEAR
LINEAR LINEAR LINEAR LINEAR LINEAR LINEAR</Name_array>
        <technique_common>
          <accessor source="#mixamorig_RightArm-Interpolations-array" count="17">
            <param type="name"/>
          </accessor>
        </technique_common>
      </source>
      <sampler id="mixamorig_RightArm-Matrix-animation-transform">
        <input semantic="INPUT" source="#mixamorig_RightArm-Matrix-animation-input"/>
        <input semantic="OUTPUT" source="#mixamorig_RightArm-Matrix-animation-output-transform"/>
        <input semantic="INTERPOLATION" source="#mixamorig_RightArm-Interpolations"/>
      </sampler>
      <channel source="#mixamorig_RightArm-Matrix-animation-transform" target="mixamorig_RightArm/matrix"/>
    </animation>
    <animation id="mixamorig_RightForeArm-anim" name="mixamorig_RightForeArm">
      <source id="mixamorig_RightForeArm-Matrix-animation-input">
        <float_array id="mixamorig_RightForeArm-Matrix-animation-input-array" count="17">

0.000000 0.033333 0.066667 0.100000 0.133333 0.166667 0.200000 0.233333 0.266667 0.300000 0.333333 0.366667 0.400000 0.433333 0.466667 0.500000
0.533333</float_array>
        <technique_common>
          <accessor source="#mixamorig_RightForeArm-Matrix-animation-input-array" count="17">
            <param name="TIME" type="float"/>
          </accessor>
        </technique_common>
      </source>
      <source id="mixamorig_RightForeArm-Matrix-animation-output-transform">
        <float_array id="mixamorig_RightForeArm-Matrix-animation-output-transform-array" count="272">

-0.157212 0.967120 0.199910 0.000000 -0.894031 -0.053385 -0.444813 27.404699 -0.419515 -0.248656 0.873028 -0.000000 0.000000 0.000000 0.000000 1.000000
-0.398103 0.916738 0.033242 0.000000 -0.808166 -0.333349 -0.485537 27.404699 -0.434029 -0.220158 0.873584 0.000000 0.000000 0.000000 0.000000 1.000000
-0.388876 0.921142 0.016539 0.000000 -0.815812 -0.335957 -0.470726 27.404699 -0.428049 -0.196547 0.882124 0.000000 0.000000 0.000000 0.000000 1.000000
-0.329953 0.943432 0.032668 0.000000 -0.832505 -0.274494 -0.481236 27.404699 -0.445046 -0.185981 0.875982 -0.000000 0.000000 0.000000 0.000000 1.000000
-0.259210 0.964676 0.047006 0.000000 -0.832637 -0.198539 -0.517008 27.404699 -0.489413 -0.173153 0.854689 0.000000 0.000000 0.000000 0.000000 1.000000
-0.244620 0.969082 0.032279 0.000000 -0.827202 -0.191207 -0.528371 27.404699 -0.505863 -0.155952 0.848400 0.000000 0.000000 0.000000 0.000000 1.000000
-0.213723 0.976493 0.027999 0.000000 -0.825282 -0.165143 -0.540034 27.404699 -0.522715 -0.138525 0.841177 0.000000 0.000000 0.000000 0.000000 1.000000
-0.138028 0.988921 0.054616 -0.000000 -0.830719 -0.085568 -0.550077 27.404699 -0.539310 -0.121297 0.833326 0.000000 0.000000 0.000000 0.000000 1.000000
-0.050106 0.994618 0.090685 0.000000 -0.829840 0.009065 -0.557928 27.404699 -0.555748 -0.103210 0.824919 0.000000 0.000000 0.000000 0.000000 1.000000
0.001652 0.994519 0.104544 -0.000000 -0.823353 0.060684 -0.564277 27.404699 -0.567528 -0.085144 0.818940 0.000000 0.000000 0.000000 0.000000 1.000000
-0.039860 0.997659 0.055574 0.000000 -0.809874 0.000319 -0.586603 27.404699 -0.585247 -0.068390 0.807966 0.000000 0.000000 0.000000 0.000000 1.000000
-0.112870 0.993428 -0.018988 0.000000 -0.793542 -0.101627 -0.599970 27.404699 -0.597957 -0.052651 0.799797 0.000000 0.000000 0.000000 0.000000 1.000000
-0.097260 0.994931 -0.025566 0.000000 -0.787256 -0.092624 -0.609630 27.404699 -0.608908 -0.039166 0.792274 -0.000000 0.000000 0.000000 0.000000 1.000000
-0.070565 0.997307 -0.019988 0.000000 -0.783081 -0.067797 -0.618213 27.404699 -0.617904 -0.027972 0.785756 0.000000 0.000000 0.000000 0.000000 1.000000
-0.068444 0.997204 -0.029986 0.000000 -0.777973 -0.072164 -0.624140 27.404699 -0.624559 -0.019391 0.780737 -0.000000 0.000000 0.000000 0.000000 1.000000
-0.087706 0.994752 -0.052681 -0.000000 -0.772823 -0.101317 -0.626482 27.404699 -0.628532 -0.014233 0.777654 0.000000 0.000000 0.000000 0.000000 1.000000
-0.102648 0.992389 -0.068021 0.000000 -0.769567 -0.122556 -0.626695 27.404699 -0.630262 -0.011982 0.776290 0.000000 0.000000 0.000000 0.000000 1.000000</float_array>
        <technique_common>
          <accessor source="#mixamorig_RightForeArm-Matrix-animation-output-transform-array" count="17" stride="16">
            <param type="float4x4"/>
          </accessor>
        </technique_common>
      </source>
      <source id="mixamorig_RightForeArm-Interpolations">
        <Name_array id="mixamorig_RightForeArm-Interpolations-array" count="17">
 LINEAR LINEAR LINEAR LINEAR LINEAR LINEAR LINEAR LINEAR LINEAR LINEAR LINEAR
LINEAR LINEAR LINEAR LINEAR LINEAR LINEAR</Name_array>
        <technique_common>
          <accessor source="#mixamorig_RightForeArm-Interpolations-array" count="17">
            <param type="name"/>
          </accessor>
        </technique_common>
      </source>
      <sampler id="mixamorig_RightForeArm-Matrix-animation-transform">
        <input semantic="INPUT" source="#mixamorig_RightForeArm-Matrix-animation-input"/>
        <input semantic="OUTPUT" source="#mixamorig_RightForeArm-Matrix-animation-output-transform"/>
        <input semantic="INTERPOLATION" source="#mixamorig_RightForeArm-Interpolations"/>
      </sampler>
      <channel source="#mixamorig_RightForeArm-Matrix-animation-transform" target="mixamorig_RightForeArm/matrix"/>
    </animation>
    <animation id="mixamorig_RightHand-anim" name="mixamorig_RightHand">
      <source id="mixamorig_RightHand-Matrix-animation-input">
        <float_array id="mixamorig_RightHand-Matrix-animation-input-array" count="17">

0.000000 0.033333 0.066667 0.100000 0.133333 0.166667 0.200000 0.233333 0.266667 0.300000 0.333333 0.366667 0.400000 0.433333 0.466667 0.500000
0.533333</float_array>
        <technique_common>
          <accessor source="#mixamorig_RightHand-Matrix-animation-input-array" count="17">
            <param name="TIME" type="float"/>
          </accessor>
        </technique_common>
      </source>
      <source id="mixamorig_RightHand-Matrix-animation-output-transform">
        <float_array id="mixamorig_RightHand-Matrix-animation-output-transform-array" count="272">

0.910269 0.404843 0.086673 -0.000000 -0.379610 0.899684 -0.215558 27.614500 -0.165245 0.163314 0.972637 0.000000 0.000000 0.000000 0.000000 1.000000
0.934858 0.220945 -0.277893 0.000000 -0.269455 0.951232 -0.150172 27.614500 0.231160 0.215269 0.948801 0.000000 0.000000 0.000000 0.000000 1.000000
0.934294 0.149451 -0.323666 0.000000 -0.227896 0.948538 -0.219860 27.614500 0.274151 0.279176 0.920273 0.000000 0.000000 0.000000 0.000000 1.000000
0.932179 0.190378 -0.307894 0.000000 -0.272416 0.929049 -0.250313 27.614500 0.238395 0.317212 0.917902 0.000000 0.000000 0.000000 0.000000 1.000000
0.918401 0.237901 -0.316138 0.000000 -0.325674 0.908283 -0.262599 27.614500 0.224670 0.344129 0.911646 -0.000000 0.000000 0.000000 0.000000 1.000000
0.935354 0.217915 -0.278614 0.000000 -0.290771 0.922225 -0.254858 27.614500 0.201407 0.319395 0.925971 0.000000 0.000000 0.000000 0.000000 1.000000
0.962245 0.163862 -0.217333 0.000000 -0.218036 0.942007 -0.255113 27.614500 0.162926 0.292868 0.942170 0.000000 0.000000 0.000000 0.000000 1.000000
0.979114 0.126968 -0.158795 0.000000 -0.166529 0.948890 -0.268098 27.614500 0.116639 0.288943 0.950214 0.000000 0.000000 0.000000 0.000000 1.000000
0.987540 0.101133 -0.120572 0.000000 -0.132358 0.948217 -0.288730 27.614500 0.085129 0.301091 0.949788 -0.000000 0.000000 0.000000 0.000000 1.000000
0.991133 0.091352 -0.096490 -0.000000 -0.115791 0.950006 -0.289968 27.614500 0.065177 0.298570 0.952160 0.000000 0.000000 0.000000 0.000000 1.000000
0.996030 0.057989 -0.067541 -0.000000 -0.072880 0.966874 -0.244628 27.614500 0.051118 0.248580 0.967262 -0.000000 0.000000 0.000000 0.000000 1.000000
0.999192 0.029881 -0.026883 0.000000 -0.033867 0.986094 -0.162703 27.614500 0.021647 0.163482 0.986309 0.000000 0.000000 0.000000 0.000000 1.000000
0.999519 -0.024571 -0.018937 0.000000 0.021612 0.989470 -0.143116 27.614500 0.022254 0.142638 0.989525 -0.000000 0.000000 0.000000 0.000000 1.000000
0.998842 -0.043910 -0.019664 0.000000 0.041019 0.990808 -0.128903 27.614500 0.025144 0.127947 0.991462 -0.000000 0.000000 0.000000 0.000000 1.000000
0.999345 -0.022453 -0.028364 0.000000 0.019622 0.995147 -0.096423 27.614500 0.030391 0.095804 0.994936 -0.000000 0.000000 0.000000 0.000000 1.000000
0.997072 0.056592 -0.051431 0.000000 -0.059649 0.996416 -0.059981 27.614500 0.047852 0.062873 0.996874 0.000000 0.000000 0.000000 0.000000 1.000000
0.991668 0.110905 -0.065533 0.000000 -0.113509 0.992832 -0.037430 27.614500 0.060912 0.044557 0.997148 0.000000 0.000000 0.000000 0.000000 1.000000</float_array>
        <technique_common>
          <accessor source="#mixamorig_RightHand-Matrix-animation-output-transform-array" count="17" stride="16">
            <param type="float4x4"/>
          </accessor>
        </technique_common>
      </source>
      <source id="mixamorig_RightHand-Interpolations">
        <Name_array id="mixamorig_RightHand-Interpolations-array" count="17">
 LINEAR LINEAR LINEAR LINEAR LINEAR LINEAR LINEAR LINEAR LINEAR LINEAR LINEAR
LINEAR LINEAR LINEAR LINEAR LINEAR LINEAR</Name_array>
        <technique_common>
          <accessor source="#mixamorig_RightHand-Interpolations-array" count="17">
            <param type="name"/>
          </accessor>
        </technique_common>
      </source>
      <sampler id="mixamorig_RightHand-Matrix-animation-transform">
        <input semantic="INPUT" source="#mixamorig_RightHand-Matrix-animation-input"/>
        <input semantic="OUTPUT" source="#mixamorig_RightHand-Matrix-animation-output-transform"/>
        <input semantic="INTERPOLATION" source="#mixamorig_RightHand-Interpolations"/>
      </sampler>
      <channel source="#mixamorig_RightHand-Matrix-animation-transform" target="mixamorig_RightHand/matrix"/>
    </animation>
    <animation id="mixamorig_RightHandThumb1-anim" name="mixamorig_RightHandThumb1">
      <source id="mixamorig_RightHandThumb1-Matrix-animation-input">
        <float_array id="mixamorig_RightHandThumb1-Matrix-animation-input-array" count="17">

0.000000 0.033333 0.066667 0.100000 0.133333 0.166667 0.200000 0.233333 0.266667 0.300000 0.333333 0.366667 0.400000 0.433333 0.466667 0.500000
0.533333</float_array>
        <technique_common>
          <accessor source="#mixamorig_RightHandThumb1-Matrix-animation-input-array" count="17">
            <param name="TIME" type="float"/>
          </accessor>
        </technique_common>
      </source>
      <source id="mixamorig_RightHandThumb1-Matrix-animation-output-transform">
        <float_array id="mixamorig_RightHandThumb1-Matrix-animation-output-transform-array" count="272">

0.940074 0.284006 -0.188681 3.003000 -0.338515 0.843664 -0.416699 3.788800 0.040838 0.455600 0.889248 2.167100 0.000000 0.000000 0.000000 1.000000
0.940074 0.284006 -0.188681 3.003000 -0.338515 0.843664 -0.416699 3.788800 0.040838 0.455600 0.889248 2.167100 0.000000 0.000000 0.000000 1.000000
0.940074 0.284006 -0.188681 3.003000 -0.338515 0.843664 -0.416700 3.788800 0.040838 0.455600 0.889247 2.167100 0.000000 0.000000 0.000000 1.000000
0.940075 0.284006 -0.188681 3.003000 -0.338515 0.843664 -0.416699 3.788800 0.040839 0.455600 0.889248 2.167100 0.000000 0.000000 0.000000 1.000000
0.940075 0.284006 -0.188681 3.003000 -0.338515 0.843664 -0.416699 3.788800 0.040838 0.455600 0.889248 2.167100 0.000000 0.000000 0.000000 1.000000
0.940075 0.284006 -0.188681 3.003000 -0.338514 0.843664 -0.416699 3.788800 0.040838 0.455600 0.889247 2.167100 0.000000 0.000000 0.000000 1.000000
0.940074 0.284006 -0.188681 3.003000 -0.338515 0.843664 -0.416699 3.788800 0.040838 0.455600 0.889247 2.167100 0.000000 0.000000 0.000000 1.000000
0.940075 0.284006 -0.188681 3.003000 -0.338515 0.843664 -0.416700 3.788800 0.040838 0.455600 0.889247 2.167100 0.000000 0.000000 0.000000 1.000000
0.940074 0.284006 -0.188681 3.003000 -0.338515 0.843664 -0.416699 3.788800 0.040838 0.455600 0.889248 2.167100 0.000000 0.000000 0.000000 1.000000
0.940074 0.284006 -0.188681 3.003000 -0.338515 0.843664 -0.416699 3.788800 0.040838 0.455600 0.889248 2.167100 0.000000 0.000000 0.000000 1.000000
0.940074 0.284006 -0.188681 3.003000 -0.338515 0.843664 -0.416699 3.788800 0.040838 0.455599 0.889248 2.167100 0.000000 0.000000 0.000000 1.000000
0.940075 0.284006 -0.188681 3.003000 -0.338515 0.843665 -0.416699 3.788800 0.040838 0.455599 0.889248 2.167100 0.000000 0.000000 0.000000 1.000000
0.940074 0.284007 -0.188681 3.003000 -0.338515 0.843664 -0.416699 3.788800 0.040838 0.455600 0.889248 2.167100 0.000000 0.000000 0.000000 1.000000
0.940074 0.284006 -0.188681 3.003000 -0.338515 0.843664 -0.416699 3.788800 0.040839 0.455600 0.889248 2.167100 0.000000 0.000000 0.000000 1.000000
0.940075 0.284006 -0.188681 3.003000 -0.338515 0.843664 -0.416699 3.788800 0.040838 0.455600 0.889248 2.167100 0.000000 0.000000 0.000000 1.000000
0.940075 0.284006 -0.188681 3.003000 -0.338514 0.843664 -0.416699 3.788800 0.040838 0.455600 0.889248 2.167100 0.000000 0.000000 0.000000 1.000000
0.940075 0.284006 -0.188681 3.003000 -0.338515 0.843664 -0.416699 3.788800 0.040838 0.455600 0.889248 2.167100 0.000000 0.000000 0.000000 1.000000</float_array>
        <technique_common>
          <accessor source="#mixamorig_RightHandThumb1-Matrix-animation-output-transform-array" count="17" stride="16">
            <param type="float4x4"/>
          </accessor>
        </technique_common>
      </source>
      <source id="mixamorig_RightHandThumb1-Interpolations">
        <Name_array id="mixamorig_RightHandThumb1-Interpolations-array" count="17">
 LINEAR LINEAR LINEAR LINEAR LINEAR LINEAR LINEAR LINEAR LINEAR LINEAR LINEAR
LINEAR LINEAR LINEAR LINEAR LINEAR LINEAR</Name_array>
        <technique_common>
          <accessor source="#mixamorig_RightHandThumb1-Interpolations-array" count="17">
            <param type="name"/>
          </accessor>
        </technique_common>
      </source>
      <sampler id="mixamorig_RightHandThumb1-Matrix-animation-transform">
        <input semantic="INPUT" source="#mixamorig_RightHandThumb1-Matrix-animation-input"/>
        <input semantic="OUTPUT" source="#mixamorig_RightHandThumb1-Matrix-animation-output-transform"/>
        <input semantic="INTERPOLATION" source="#mixamorig_RightHandThumb1-Interpolations"/>
      </sampler>
      <channel source="#mixamorig_RightHandThumb1-Matrix-animation-transform" target="mixamorig_RightHandThumb1/matrix"/>
    </animation>
    <animation id="mixamorig_RightHandThumb2-anim" name="mixamorig_RightHandThumb2">
      <source id="mixamorig_RightHandThumb2-Matrix-animation-input">
        <float_array id="mixamorig_RightHandThumb2-Matrix-animation-input-array" count="17">

0.000000 0.033333 0.066667 0.100000 0.133333 0.166667 0.200000 0.233333 0.266667 0.300000 0.333333 0.366667 0.400000 0.433333 0.466667 0.500000
0.533333</float_array>
        <technique_common>
          <accessor source="#mixamorig_RightHandThumb2-Matrix-animation-input-array" count="17">
            <param name="TIME" type="float"/>
          </accessor>
        </technique_common>
      </source>
      <source id="mixamorig_RightHandThumb2-Matrix-animation-output-transform">
        <float_array id="mixamorig_RightHandThumb2-Matrix-animation-output-transform-array" count="272">

0.929576 -0.368456 0.011383 0.000000 0.365890 0.925981 0.093189 4.745000 -0.044876 -0.082461 0.995583 0.000000 0.000000 0.000000 0.000000 1.000000
0.929576 -0.368455 0.011383 0.000000 0.365889 0.925981 0.093189 4.745000 -0.044876 -0.082461 0.995583 0.000000 0.000000 0.000000 0.000000 1.000000
0.929576 -0.368455 0.011383 0.000000 0.365889 0.925981 0.093189 4.745000 -0.044877 -0.082461 0.995583 0.000000 0.000000 0.000000 0.000000 1.000000
0.929576 -0.368455 0.011383 0.000000 0.365889 0.925981 0.093189 4.745000 -0.044877 -0.082461 0.995583 0.000000 0.000000 0.000000 0.000000 1.000000
0.929576 -0.368455 0.011383 0.000000 0.365889 0.925981 0.093189 4.745000 -0.044876 -0.082461 0.995583 0.000000 0.000000 0.000000 0.000000 1.000000
0.929576 -0.368455 0.011383 0.000000 0.365889 0.925981 0.093189 4.745000 -0.044877 -0.082461 0.995583 0.000000 0.000000 0.000000 0.000000 1.000000
0.929576 -0.368455 0.011383 0.000000 0.365889 0.925981 0.093189 4.745000 -0.044876 -0.082461 0.995583 0.000000 0.000000 0.000000 0.000000 1.000000
0.929576 -0.368455 0.011383 0.000000 0.365889 0.925981 0.093189 4.745000 -0.044876 -0.082461 0.995583 0.000000 0.000000 0.000000 0.000000 1.000000
0.929576 -0.368455 0.011383 0.000000 0.365889 0.925981 0.093189 4.745000 -0.044876 -0.082462 0.995583 0.000000 0.000000 0.000000 0.000000 1.000000
0.929576 -0.368455 0.011383 0.000000 0.365889 0.925981 0.093189 4.745000 -0.044876 -0.082461 0.995583 -0.000000 0.000000 0.000000 0.000000 1.000000
0.929576 -0.368455 0.011383 0.000000 0.365889 0.925981 0.093189 4.745000 -0.044876 -0.082461 0.995583 0.000000 0.000000 0.000000 0.000000 1.000000
0.929576 -0.368455 0.011383 -0.000000 0.365889 0.925981 0.093189 4.745000 -0.044877 -0.082462 0.995583 0.000000 0.000000 0.000000 0.000000 1.000000
0.929576 -0.368456 0.011383 0.000000 0.365890 0.925981 0.093189 4.745000 -0.044877 -0.082461 0.995583 -0.000000 0.000000 0.000000 0.000000 1.000000
0.929576 -0.368455 0.011383 0.000000 0.365889 0.925981 0.093188 4.745000 -0.044876 -0.082461 0.995583 0.000000 0.000000 0.000000 0.000000 1.000000
0.929576 -0.368455 0.011383 0.000000 0.365889 0.925981 0.093189 4.745000 -0.044876 -0.082461 0.995583 0.000000 0.000000 0.000000 0.000000 1.000000
0.929576 -0.368455 0.011383 0.000000 0.365889 0.925981 0.093189 4.745000 -0.044876 -0.082461 0.995583 0.000000 0.000000 0.000000 0.000000 1.000000
0.929576 -0.368455 0.011383 0.000000 0.365889 0.925981 0.093189 4.745000 -0.044876 -0.082461 0.995583 0.000000 0.000000 0.000000 0.000000 1.000000</float_array>
        <technique_common>
          <accessor source="#mixamorig_RightHandThumb2-Matrix-animation-output-transform-array" count="17" stride="16">
            <param type="float4x4"/>
          </accessor>
        </technique_common>
      </source>
      <source id="mixamorig_RightHandThumb2-Interpolations">
        <Name_array id="mixamorig_RightHandThumb2-Interpolations-array" count="17">
 LINEAR LINEAR LINEAR LINEAR LINEAR LINEAR LINEAR LINEAR LINEAR LINEAR LINEAR
LINEAR LINEAR LINEAR LINEAR LINEAR LINEAR</Name_array>
        <technique_common>
          <accessor source="#mixamorig_RightHandThumb2-Interpolations-array" count="17">
            <param type="name"/>
          </accessor>
        </technique_common>
      </source>
      <sampler id="mixamorig_RightHandThumb2-Matrix-animation-transform">
        <input semantic="INPUT" source="#mixamorig_RightHandThumb2-Matrix-animation-input"/>
        <input semantic="OUTPUT" source="#mixamorig_RightHandThumb2-Matrix-animation-output-transform"/>
        <input semantic="INTERPOLATION" source="#mixamorig_RightHandThumb2-Interpolations"/>
      </sampler>
      <channel source="#mixamorig_RightHandThumb2-Matrix-animation-transform" target="mixamorig_RightHandThumb2/matrix"/>
    </animation>
    <animation id="mixamorig_RightHandThumb3-anim" name="mixamorig_RightHandThumb3">
      <source id="mixamorig_RightHandThumb3-Matrix-animation-input">
        <float_array id="mixamorig_RightHandThumb3-Matrix-animation-input-array" count="17">

0.000000 0.033333 0.066667 0.100000 0.133333 0.166667 0.200000 0.233333 0.266667 0.300000 0.333333 0.366667 0.400000 0.433333 0.466667 0.500000
0.533333</float_array>
        <technique_common>
          <accessor source="#mixamorig_RightHandThumb3-Matrix-animation-input-array" count="17">
            <param name="TIME" type="float"/>
          </accessor>
        </technique_common>
      </source>
      <source id="mixamorig_RightHandThumb3-Matrix-animation-output-transform">
        <float_array id="mixamorig_RightHandThumb3-Matrix-animation-output-transform-array" count="272">

0.925652 -0.377751 -0.021763 -0.000000 0.359656 0.860530 0.360743 4.382100 -0.117543 -0.341750 0.932411 0.000000 0.000000 0.000000 0.000000 1.000000
0.925651 -0.377751 -0.021763 0.000000 0.359657 0.860530 0.360743 4.382100 -0.117544 -0.341750 0.932411 0.000000 0.000000 0.000000 0.000000 1.000000
0.925651 -0.377751 -0.021763 0.000000 0.359657 0.860530 0.360743 4.382100 -0.117543 -0.341750 0.932411 0.000000 0.000000 0.000000 0.000000 1.000000
0.925652 -0.377751 -0.021763 -0.000000 0.359657 0.860530 0.360743 4.382100 -0.117543 -0.341750 0.932411 0.000000 0.000000 0.000000 0.000000 1.000000
0.925651 -0.377751 -0.021763 0.000000 0.359657 0.860530 0.360743 4.382100 -0.117543 -0.341750 0.932411 0.000000 0.000000 0.000000 0.000000 1.000000
0.925652 -0.377751 -0.021763 -0.000000 0.359657 0.860530 0.360743 4.382100 -0.117543 -0.341750 0.932411 -0.000000 0.000000 0.000000 0.000000 1.000000
0.925652 -0.377751 -0.021763 -0.000000 0.359656 0.860530 0.360743 4.382100 -0.117543 -0.341750 0.932411 -0.000000 0.000000 0.000000 0.000000 1.000000
0.925651 -0.377751 -0.021763 0.000000 0.359657 0.860530 0.360743 4.382100 -0.117543 -0.341749 0.932411 0.000000 0.000000 0.000000 0.000000 1.000000
0.925651 -0.377751 -0.021763 0.000000 0.359657 0.860530 0.360743 4.382100 -0.117543 -0.341750 0.932411 0.000000 0.000000 0.000000 0.000000 1.000000
0.925652 -0.377751 -0.021763 0.000000 0.359657 0.860530 0.360743 4.382100 -0.117543 -0.341750 0.932411 0.000000 0.000000 0.000000 0.000000 1.000000
0.925652 -0.377750 -0.021763 0.000000 0.359656 0.860530 0.360743 4.382100 -0.117543 -0.341750 0.932411 0.000000 0.000000 0.000000 0.000000 1.000000
0.925651 -0.377751 -0.021763 0.000000 0.359657 0.860530 0.360743 4.382100 -0.117543 -0.341750 0.932411 0.000000 0.000000 0.000000 0.000000 1.000000
0.925652 -0.377751 -0.021763 0.000000 0.359657 0.860530 0.360743 4.382100 -0.117543 -0.341750 0.932411 0.000000 0.000000 0.000000 0.000000 1.000000
0.925651 -0.377751 -0.021763 0.000000 0.359657 0.860530 0.360743 4.382100 -0.117544 -0.341750 0.932411 0.000000 0.000000 0.000000 0.000000 1.000000
0.925651 -0.377751 -0.021763 0.000000 0.359657 0.860530 0.360743 4.382100 -0.117543 -0.341750 0.932411 0.000000 0.000000 0.000000 0.000000 1.000000
0.925651 -0.377751 -0.021763 0.000000 0.359657 0.860530 0.360743 4.382100 -0.117543 -0.341750 0.932411 -0.000000 0.000000 0.000000 0.000000 1.000000
0.925651 -0.377751 -0.021763 0.000000 0.359657 0.860530 0.360743 4.382100 -0.117543 -0.341750 0.932411 0.000000 0.000000 0.000000 0.000000 1.000000</float_array>
        <technique_common>
          <accessor source="#mixamorig_RightHandThumb3-Matrix-animation-output-transform-array" count="17" stride="16">
            <param type="float4x4"/>
          </accessor>
        </technique_common>
      </source>
      <source id="mixamorig_RightHandThumb3-Interpolations">
        <Name_array id="mixamorig_RightHandThumb3-Interpolations-array" count="17">
 LINEAR LINEAR LINEAR LINEAR LINEAR LINEAR LINEAR LINEAR LINEAR LINEAR LINEAR
LINEAR LINEAR LINEAR LINEAR LINEAR LINEAR</Name_array>
        <technique_common>
          <accessor source="#mixamorig_RightHandThumb3-Interpolations-array" count="17">
            <param type="name"/>
          </accessor>
        </technique_common>
      </source>
      <sampler id="mixamorig_RightHandThumb3-Matrix-animation-transform">
        <input semantic="INPUT" source="#mixamorig_RightHandThumb3-Matrix-animation-input"/>
        <input semantic="OUTPUT" source="#mixamorig_RightHandThumb3-Matrix-animation-output-transform"/>
        <input semantic="INTERPOLATION" source="#mixamorig_RightHandThumb3-Interpolations"/>
      </sampler>
      <channel source="#mixamorig_RightHandThumb3-Matrix-animation-transform" target="mixamorig_RightHandThumb3/matrix"/>
    </animation>
    <animation id="mixamorig_RightHandIndex1-anim" name="mixamorig_RightHandIndex1">
      <source id="mixamorig_RightHandIndex1-Matrix-animation-input">
        <float_array id="mixamorig_RightHandIndex1-Matrix-animation-input-array" count="17">

0.000000 0.033333 0.066667 0.100000 0.133333 0.166667 0.200000 0.233333 0.266667 0.300000 0.333333 0.366667 0.400000 0.433333 0.466667 0.500000
0.533333</float_array>
        <technique_common>
          <accessor source="#mixamorig_RightHandIndex1-Matrix-animation-input-array" count="17">
            <param name="TIME" type="float"/>
          </accessor>
        </technique_common>
      </source>
      <source id="mixamorig_RightHandIndex1-Matrix-animation-output-transform">
        <float_array id="mixamorig_RightHandIndex1-Matrix-animation-output-transform-array" count="272">

0.994803 -0.101771 0.002949 2.822000 0.101624 0.990766 -0.089746 12.266600 0.006212 0.089579 0.995960 0.231800 0.000000 0.000000 0.000000 1.000000
0.994803 -0.101771 0.002949 2.822000 0.101624 0.990767 -0.089745 12.266600 0.006212 0.089579 0.995960 0.231800 0.000000 0.000000 0.000000 1.000000
0.994803 -0.101771 0.002949 2.822000 0.101624 0.990767 -0.089746 12.266600 0.006212 0.089579 0.995960 0.231800 0.000000 0.000000 0.000000 1.000000
0.994803 -0.101771 0.002949 2.822000 0.101624 0.990766 -0.089746 12.266600 0.006212 0.089579 0.995960 0.231800 0.000000 0.000000 0.000000 1.000000
0.994803 -0.101771 0.002949 2.822000 0.101624 0.990766 -0.089746 12.266600 0.006212 0.089579 0.995960 0.231800 0.000000 0.000000 0.000000 1.000000
0.994803 -0.101771 0.002949 2.822000 0.101624 0.990766 -0.089746 12.266600 0.006212 0.089579 0.995960 0.231800 0.000000 0.000000 0.000000 1.000000
0.994803 -0.101771 0.002949 2.822000 0.101624 0.990766 -0.089746 12.266600 0.006212 0.089579 0.995960 0.231800 0.000000 0.000000 0.000000 1.000000
0.994803 -0.101771 0.002949 2.822000 0.101624 0.990766 -0.089746 12.266600 0.006212 0.089579 0.995960 0.231800 0.000000 0.000000 0.000000 1.000000
0.994804 -0.101771 0.002949 2.822000 0.101624 0.990767 -0.089746 12.266600 0.006212 0.089579 0.995960 0.231800 0.000000 0.000000 0.000000 1.000000
0.994803 -0.101771 0.002949 2.822000 0.101624 0.990767 -0.089746 12.266600 0.006212 0.089579 0.995960 0.231800 0.000000 0.000000 0.000000 1.000000
0.994803 -0.101771 0.002949 2.822000 0.101624 0.990767 -0.089745 12.266600 0.006212 0.089579 0.995960 0.231800 0.000000 0.000000 0.000000 1.000000
0.994803 -0.101771 0.002949 2.822000 0.101624 0.990766 -0.089746 12.266600 0.006212 0.089579 0.995960 0.231800 0.000000 0.000000 0.000000 1.000000
0.994803 -0.101771 0.002949 2.822000 0.101624 0.990766 -0.089746 12.266600 0.006212 0.089579 0.995960 0.231800 0.000000 0.000000 0.000000 1.000000
0.994803 -0.101771 0.002949 2.822000 0.101624 0.990767 -0.089746 12.266600 0.006212 0.089579 0.995960 0.231800 0.000000 0.000000 0.000000 1.000000
0.994803 -0.101771 0.002949 2.822000 0.101624 0.990766 -0.089746 12.266600 0.006212 0.089579 0.995960 0.231800 0.000000 0.000000 0.000000 1.000000
0.994803 -0.101771 0.002949 2.822000 0.101624 0.990766 -0.089746 12.266600 0.006212 0.089579 0.995960 0.231800 0.000000 0.000000 0.000000 1.000000
0.994803 -0.101771 0.002949 2.822000 0.101624 0.990766 -0.089746 12.266600 0.006212 0.089579 0.995960 0.231800 0.000000 0.000000 0.000000 1.000000</float_array>
        <technique_common>
          <accessor source="#mixamorig_RightHandIndex1-Matrix-animation-output-transform-array" count="17" stride="16">
            <param type="float4x4"/>
          </accessor>
        </technique_common>
      </source>
      <source id="mixamorig_RightHandIndex1-Interpolations">
        <Name_array id="mixamorig_RightHandIndex1-Interpolations-array" count="17">
 LINEAR LINEAR LINEAR LINEAR LINEAR LINEAR LINEAR LINEAR LINEAR LINEAR LINEAR
LINEAR LINEAR LINEAR LINEAR LINEAR LINEAR</Name_array>
        <technique_common>
          <accessor source="#mixamorig_RightHandIndex1-Interpolations-array" count="17">
            <param type="name"/>
          </accessor>
        </technique_common>
      </source>
      <sampler id="mixamorig_RightHandIndex1-Matrix-animation-transform">
        <input semantic="INPUT" source="#mixamorig_RightHandIndex1-Matrix-animation-input"/>
        <input semantic="OUTPUT" source="#mixamorig_RightHandIndex1-Matrix-animation-output-transform"/>
        <input semantic="INTERPOLATION" source="#mixamorig_RightHandIndex1-Interpolations"/>
      </sampler>
      <channel source="#mixamorig_RightHandIndex1-Matrix-animation-transform" target="mixamorig_RightHandIndex1/matrix"/>
    </animation>
    <animation id="mixamorig_RightHandIndex2-anim" name="mixamorig_RightHandIndex2">
      <source id="mixamorig_RightHandIndex2-Matrix-animation-input">
        <float_array id="mixamorig_RightHandIndex2-Matrix-animation-input-array" count="17">

0.000000 0.033333 0.066667 0.100000 0.133333 0.166667 0.200000 0.233333 0.266667 0.300000 0.333333 0.366667 0.400000 0.433333 0.466667 0.500000
0.533333</float_array>
        <technique_common>
          <accessor source="#mixamorig_RightHandIndex2-Matrix-animation-input-array" count="17">
            <param name="TIME" type="float"/>
          </accessor>
        </technique_common>
      </source>
      <source id="mixamorig_RightHandIndex2-Matrix-animation-output-transform">
        <float_array id="mixamorig_RightHandIndex2-Matrix-animation-output-transform-array" count="272">

0.999866 -0.016294 0.001646 -0.000000 0.016294 0.979656 -0.200023 3.892000 0.001647 0.200023 0.979790 0.000000 0.000000 0.000000 0.000000 1.000000
0.999866 -0.016294 0.001646 0.000000 0.016294 0.979656 -0.200024 3.892000 0.001647 0.200024 0.979790 0.000000 0.000000 0.000000 0.000000 1.000000
0.999866 -0.016294 0.001646 0.000000 0.016294 0.979656 -0.200024 3.892000 0.001647 0.200024 0.979790 -0.000000 0.000000 0.000000 0.000000 1.000000
0.999866 -0.016294 0.001646 0.000000 0.016294 0.979656 -0.200023 3.892000 0.001646 0.200023 0.979790 0.000000 0.000000 0.000000 0.000000 1.000000
0.999866 -0.016294 0.001646 -0.000000 0.016294 0.979656 -0.200023 3.892000 0.001646 0.200023 0.979790 0.000000 0.000000 0.000000 0.000000 1.000000
0.999866 -0.016294 0.001646 0.000000 0.016294 0.979656 -0.200023 3.892000 0.001647 0.200023 0.979790 -0.000000 0.000000 0.000000 0.000000 1.000000
0.999866 -0.016294 0.001646 0.000000 0.016294 0.979656 -0.200023 3.892000 0.001647 0.200023 0.979790 0.000000 0.000000 0.000000 0.000000 1.000000
0.999866 -0.016294 0.001646 0.000000 0.016294 0.979656 -0.200023 3.892000 0.001647 0.200023 0.979790 -0.000000 0.000000 0.000000 0.000000 1.000000
0.999866 -0.016294 0.001646 0.000000 0.016294 0.979656 -0.200023 3.892000 0.001647 0.200023 0.979790 -0.000000 0.000000 0.000000 0.000000 1.000000
0.999866 -0.016294 0.001646 0.000000 0.016294 0.979656 -0.200023 3.892000 0.001647 0.200023 0.979790 0.000000 0.000000 0.000000 0.000000 1.000000
0.999866 -0.016295 0.001646 0.000000 0.016294 0.979656 -0.200024 3.892000 0.001647 0.200024 0.979790 0.000000 0.000000 0.000000 0.000000 1.000000
0.999866 -0.016294 0.001646 -0.000000 0.016294 0.979656 -0.200023 3.892000 0.001647 0.200023 0.979790 0.000000 0.000000 0.000000 0.000000 1.000000
0.999866 -0.016294 0.001646 0.000000 0.016294 0.979656 -0.200024 3.892000 0.001647 0.200024 0.979790 0.000000 0.000000 0.000000 0.000000 1.000000
0.999866 -0.016294 0.001646 0.000000 0.016294 0.979656 -0.200023 3.892000 0.001647 0.200023 0.979790 0.000000 0.000000 0.000000 0.000000 1.000000
0.999866 -0.016294 0.001646 0.000000 0.016294 0.979656 -0.200024 3.892000 0.001647 0.200024 0.979790 -0.000000 0.000000 0.000000 0.000000 1.000000
0.999866 -0.016294 0.001646 0.000000 0.016294 0.979656 -0.200024 3.892000 0.001646 0.200024 0.979790 0.000000 0.000000 0.000000 0.000000 1.000000
0.999866 -0.016294 0.001646 0.000000 0.016294 0.979656 -0.200023 3.892000 0.001647 0.200023 0.979790 0.000000 0.000000 0.000000 0.000000 1.000000</float_array>
        <technique_common>
          <accessor source="#mixamorig_RightHandIndex2-Matrix-animation-output-transform-array" count="17" stride="16">
            <param type="float4x4"/>
          </accessor>
        </technique_common>
      </source>
      <source id="mixamorig_RightHandIndex2-Interpolations">
        <Name_array id="mixamorig_RightHandIndex2-Interpolations-array" count="17">
 LINEAR LINEAR LINEAR LINEAR LINEAR LINEAR LINEAR LINEAR LINEAR LINEAR LINEAR
LINEAR LINEAR LINEAR LINEAR LINEAR LINEAR</Name_array>
        <technique_common>
          <accessor source="#mixamorig_RightHandIndex2-Interpolations-array" count="17">
            <param type="name"/>
          </accessor>
        </technique_common>
      </source>
      <sampler id="mixamorig_RightHandIndex2-Matrix-animation-transform">
        <input semantic="INPUT" source="#mixamorig_RightHandIndex2-Matrix-animation-input"/>
        <input semantic="OUTPUT" source="#mixamorig_RightHandIndex2-Matrix-animation-output-transform"/>
        <input semantic="INTERPOLATION" source="#mixamorig_RightHandIndex2-Interpolations"/>
      </sampler>
      <channel source="#mixamorig_RightHandIndex2-Matrix-animation-transform" target="mixamorig_RightHandIndex2/matrix"/>
    </animation>
    <animation id="mixamorig_RightHandIndex3-anim" name="mixamorig_RightHandIndex3">
      <source id="mixamorig_RightHandIndex3-Matrix-animation-input">
        <float_array id="mixamorig_RightHandIndex3-Matrix-animation-input-array" count="17">

0.000000 0.033333 0.066667 0.100000 0.133333 0.166667 0.200000 0.233333 0.266667 0.300000 0.333333 0.366667 0.400000 0.433333 0.466667 0.500000
0.533333</float_array>
        <technique_common>
          <accessor source="#mixamorig_RightHandIndex3-Matrix-animation-input-array" count="17">
            <param name="TIME" type="float"/>
          </accessor>
        </technique_common>
      </source>
      <source id="mixamorig_RightHandIndex3-Matrix-animation-output-transform">
        <float_array id="mixamorig_RightHandIndex3-Matrix-animation-output-transform-array" count="272">

0.998896 -0.044988 0.013558 0.000000 0.044988 0.832464 -0.552249 3.415200 0.013558 0.552249 0.833569 0.000000 0.000000 0.000000 0.000000 1.000000
0.998896 -0.044988 0.013558 0.000000 0.044988 0.832464 -0.552249 3.415200 0.013558 0.552249 0.833569 0.000000 0.000000 0.000000 0.000000 1.000000
0.998896 -0.044988 0.013558 0.000000 0.044988 0.832464 -0.552249 3.415200 0.013558 0.552249 0.833569 -0.000000 0.000000 0.000000 0.000000 1.000000
0.998896 -0.044988 0.013558 -0.000000 0.044988 0.832464 -0.552249 3.415200 0.013558 0.552249 0.833569 0.000000 0.000000 0.000000 0.000000 1.000000
0.998896 -0.044988 0.013558 0.000000 0.044988 0.832464 -0.552249 3.415200 0.013558 0.552249 0.833569 0.000000 0.000000 0.000000 0.000000 1.000000
0.998896 -0.044988 0.013558 -0.000000 0.044988 0.832464 -0.552249 3.415200 0.013558 0.552249 0.833569 0.000000 0.000000 0.000000 0.000000 1.000000
0.998896 -0.044987 0.013558 0.000000 0.044987 0.832464 -0.552249 3.415200 0.013558 0.552249 0.833569 0.000000 0.000000 0.000000 0.000000 1.000000
0.998896 -0.044988 0.013558 0.000000 0.044988 0.832464 -0.552249 3.415200 0.013558 0.552249 0.833569 0.000000 0.000000 0.000000 0.000000 1.000000
0.998896 -0.044988 0.013558 -0.000000 0.044988 0.832464 -0.552249 3.415200 0.013558 0.552249 0.833569 0.000000 0.000000 0.000000 0.000000 1.000000
0.998896 -0.044988 0.013558 0.000000 0.044988 0.832464 -0.552249 3.415200 0.013558 0.552249 0.833569 0.000000 0.000000 0.000000 0.000000 1.000000
0.998896 -0.044988 0.013558 0.000000 0.044988 0.832464 -0.552249 3.415200 0.013557 0.552249 0.833569 -0.000000 0.000000 0.000000 0.000000 1.000000
0.998896 -0.044988 0.013558 -0.000000 0.044988 0.832464 -0.552249 3.415200 0.013558 0.552249 0.833569 -0.000000 0.000000 0.000000 0.000000 1.000000
0.998896 -0.044987 0.013558 0.000000 0.044987 0.832464 -0.552249 3.415200 0.013558 0.552249 0.833569 0.000000 0.000000 0.000000 0.000000 1.000000
0.998896 -0.044988 0.013558 0.000000 0.044988 0.832464 -0.552249 3.415200 0.013557 0.552249 0.833569 -0.000000 0.000000 0.000000 0.000000 1.000000
0.998896 -0.044988 0.013558 0.000000 0.044988 0.832464 -0.552249 3.415200 0.013558 0.552249 0.833569 0.000000 0.000000 0.000000 0.000000 1.000000
0.998896 -0.044988 0.013558 -0.000000 0.044988 0.832464 -0.552249 3.415200 0.013558 0.552249 0.833569 -0.000000 0.000000 0.000000 0.000000 1.000000
0.998896 -0.044988 0.013558 0.000000 0.044988 0.832464 -0.552249 3.415200 0.013558 0.552249 0.833569 0.000000 0.000000 0.000000 0.000000 1.000000</float_array>
        <technique_common>
          <accessor source="#mixamorig_RightHandIndex3-Matrix-animation-output-transform-array" count="17" stride="16">
            <param type="float4x4"/>
          </accessor>
        </technique_common>
      </source>
      <source id="mixamorig_RightHandIndex3-Interpolations">
        <Name_array id="mixamorig_RightHandIndex3-Interpolations-array" count="17">
 LINEAR LINEAR LINEAR LINEAR LINEAR LINEAR LINEAR LINEAR LINEAR LINEAR LINEAR
LINEAR LINEAR LINEAR LINEAR LINEAR LINEAR</Name_array>
        <technique_common>
          <accessor source="#mixamorig_RightHandIndex3-Interpolations-array" count="17">
            <param type="name"/>
          </accessor>
        </technique_common>
      </source>
      <sampler id="mixamorig_RightHandIndex3-Matrix-animation-transform">
        <input semantic="INPUT" source="#mixamorig_RightHandIndex3-Matrix-animation-input"/>
        <input semantic="OUTPUT" source="#mixamorig_RightHandIndex3-Matrix-animation-output-transform"/>
        <input semantic="INTERPOLATION" source="#mixamorig_RightHandIndex3-Interpolations"/>
      </sampler>
      <channel source="#mixamorig_RightHandIndex3-Matrix-animation-transform" target="mixamorig_RightHandIndex3/matrix"/>
    </animation>
    <animation id="mixamorig_RightHandMiddle1-anim" name="mixamorig_RightHandMiddle1">
      <source id="mixamorig_RightHandMiddle1-Matrix-animation-input">
        <float_array id="mixamorig_RightHandMiddle1-Matrix-animation-input-array" count="17">

0.000000 0.033333 0.066667 0.100000 0.133333 0.166667 0.200000 0.233333 0.266667 0.300000 0.333333 0.366667 0.400000 0.433333 0.466667 0.500000
0.533333</float_array>
        <technique_common>
          <accessor source="#mixamorig_RightHandMiddle1-Matrix-animation-input-array" count="17">
            <param name="TIME" type="float"/>
          </accessor>
        </technique_common>
      </source>
      <source id="mixamorig_RightHandMiddle1-Matrix-animation-output-transform">
        <float_array id="mixamorig_RightHandMiddle1-Matrix-animation-output-transform-array" count="272">

0.975745 -0.210103 -0.061467 0.000000 0.209286 0.977660 -0.019519 12.775500 0.064195 0.006182 0.997918 0.000000 0.000000 0.000000 0.000000 1.000000
0.975745 -0.210103 -0.061467 0.000000 0.209286 0.977660 -0.019519 12.775500 0.064195 0.006181 0.997918 -0.000000 0.000000 0.000000 0.000000 1.000000
0.975745 -0.210103 -0.061467 0.000000 0.209286 0.977660 -0.019519 12.775500 0.064195 0.006182 0.997918 0.000000 0.000000 0.000000 0.000000 1.000000
0.975745 -0.210103 -0.061467 -0.000000 0.209286 0.977660 -0.019519 12.775500 0.064195 0.006182 0.997918 0.000000 0.000000 0.000000 0.000000 1.000000
0.975745 -0.210103 -0.061467 0.000000 0.209286 0.977660 -0.019519 12.775500 0.064195 0.006182 0.997918 0.000000 0.000000 0.000000 0.000000 1.000000
0.975745 -0.210104 -0.061467 0.000000 0.209286 0.977660 -0.019519 12.775500 0.064195 0.006182 0.997918 0.000000 0.000000 0.000000 0.000000 1.000000
0.975745 -0.210103 -0.061467 0.000000 0.209286 0.977660 -0.019519 12.775500 0.064195 0.006182 0.997918 0.000000 0.000000 0.000000 0.000000 1.000000
0.975745 -0.210104 -0.061467 -0.000000 0.209286 0.977660 -0.019519 12.775500 0.064195 0.006182 0.997918 0.000000 0.000000 0.000000 0.000000 1.000000
0.975745 -0.210103 -0.061467 0.000000 0.209286 0.977660 -0.019519 12.775500 0.064195 0.006181 0.997918 0.000000 0.000000 0.000000 0.000000 1.000000
0.975745 -0.210104 -0.061467 0.000000 0.209286 0.977660 -0.019520 12.775500 0.064195 0.006182 0.997918 0.000000 0.000000 0.000000 0.000000 1.000000
0.975745 -0.210103 -0.061467 0.000000 0.209286 0.977660 -0.019519 12.775500 0.064195 0.006182 0.997918 0.000000 0.000000 0.000000 0.000000 1.000000
0.975745 -0.210103 -0.061467 -0.000000 0.209286 0.977660 -0.019519 12.775500 0.064195 0.006181 0.997918 -0.000000 0.000000 0.000000 0.000000 1.000000
0.975745 -0.210104 -0.061467 -0.000000 0.209286 0.977660 -0.019519 12.775500 0.064195 0.006182 0.997918 0.000000 0.000000 0.000000 0.000000 1.000000
0.975745 -0.210103 -0.061467 0.000000 0.209286 0.977660 -0.019519 12.775500 0.064195 0.006182 0.997918 0.000000 0.000000 0.000000 0.000000 1.000000
0.975745 -0.210103 -0.061467 -0.000000 0.209286 0.977660 -0.019519 12.775500 0.064195 0.006182 0.997918 0.000000 0.000000 0.000000 0.000000 1.000000
0.975745 -0.210103 -0.061466 0.000000 0.209286 0.977660 -0.019519 12.775500 0.064194 0.006182 0.997918 0.000000 0.000000 0.000000 0.000000 1.000000
0.975745 -0.210103 -0.061467 0.000000 0.209286 0.977660 -0.019519 12.775500 0.064195 0.006182 0.997918 -0.000000 0.000000 0.000000 0.000000 1.000000</float_array>
        <technique_common>
          <accessor source="#mixamorig_RightHandMiddle1-Matrix-animation-output-transform-array" count="17" stride="16">
            <param type="float4x4"/>
          </accessor>
        </technique_common>
      </source>
      <source id="mixamorig_RightHandMiddle1-Interpolations">
        <Name_array id="mixamorig_RightHandMiddle1-Interpolations-array" count="17">
 LINEAR LINEAR LINEAR LINEAR LINEAR LINEAR LINEAR LINEAR LINEAR LINEAR LINEAR
LINEAR LINEAR LINEAR LINEAR LINEAR LINEAR</Name_array>
        <technique_common>
          <accessor source="#mixamorig_RightHandMiddle1-Interpolations-array" count="17">
            <param type="name"/>
          </accessor>
        </technique_common>
      </source>
      <sampler id="mixamorig_RightHandMiddle1-Matrix-animation-transform">
        <input semantic="INPUT" source="#mixamorig_RightHandMiddle1-Matrix-animation-input"/>
        <input semantic="OUTPUT" source="#mixamorig_RightHandMiddle1-Matrix-animation-output-transform"/>
        <input semantic="INTERPOLATION" source="#mixamorig_RightHandMiddle1-Interpolations"/>
      </sampler>
      <channel source="#mixamorig_RightHandMiddle1-Matrix-animation-transform" target="mixamorig_RightHandMiddle1/matrix"/>
    </animation>
    <animation id="mixamorig_RightHandMiddle2-anim" name="mixamorig_RightHandMiddle2">
      <source id="mixamorig_RightHandMiddle2-Matrix-animation-input">
        <float_array id="mixamorig_RightHandMiddle2-Matrix-animation-input-array" count="17">

0.000000 0.033333 0.066667 0.100000 0.133333 0.166667 0.200000 0.233333 0.266667 0.300000 0.333333 0.366667 0.400000 0.433333 0.466667 0.500000
0.533333</float_array>
        <technique_common>
          <accessor source="#mixamorig_RightHandMiddle2-Matrix-animation-input-array" count="17">
            <param name="TIME" type="float"/>
          </accessor>
        </technique_common>
      </source>
      <source id="mixamorig_RightHandMiddle2-Matrix-animation-output-transform">
        <float_array id="mixamorig_RightHandMiddle2-Matrix-animation-output-transform-array" count="272">

0.991914 -0.079083 0.099257 0.000000 0.079084 -0.226509 -0.970793 3.614000 0.099256 0.970793 -0.218423 0.000000 0.000000 0.000000 0.000000 1.000000
0.991914 -0.079083 0.099257 0.000000 0.079085 -0.226509 -0.970793 3.614000 0.099256 0.970793 -0.218423 0.000000 0.000000 0.000000 0.000000 1.000000
0.991914 -0.079083 0.099257 0.000000 0.079084 -0.226509 -0.970793 3.614000 0.099255 0.970793 -0.218424 0.000000 0.000000 0.000000 0.000000 1.000000
0.991914 -0.079083 0.099257 0.000000 0.079084 -0.226509 -0.970793 3.614000 0.099256 0.970793 -0.218423 0.000000 0.000000 0.000000 0.000000 1.000000
0.991914 -0.079083 0.099257 0.000000 0.079084 -0.226509 -0.970793 3.614000 0.099255 0.970793 -0.218423 0.000000 0.000000 0.000000 0.000000 1.000000
0.991914 -0.079083 0.099257 -0.000000 0.079085 -0.226509 -0.970793 3.614000 0.099255 0.970793 -0.218423 0.000000 0.000000 0.000000 0.000000 1.000000
0.991914 -0.079082 0.099257 0.000000 0.079085 -0.226509 -0.970793 3.614000 0.099255 0.970793 -0.218423 -0.000000 0.000000 0.000000 0.000000 1.000000
0.991914 -0.079083 0.099257 0.000000 0.079084 -0.226509 -0.970793 3.614000 0.099255 0.970793 -0.218423 0.000000 0.000000 0.000000 0.000000 1.000000
0.991914 -0.079083 0.099257 -0.000000 0.079085 -0.226509 -0.970793 3.614000 0.099256 0.970793 -0.218423 0.000000 0.000000 0.000000 0.000000 1.000000
0.991914 -0.079083 0.099257 0.000000 0.079084 -0.226509 -0.970793 3.614000 0.099256 0.970793 -0.218423 0.000000 0.000000 0.000000 0.000000 1.000000
0.991914 -0.079083 0.099257 0.000000 0.079085 -0.226509 -0.970793 3.614000 0.099255 0.970793 -0.218423 0.000000 0.000000 0.000000 0.000000 1.000000
0.991914 -0.079083 0.099257 0.000000 0.079085 -0.226509 -0.970793 3.614000 0.099255 0.970793 -0.218423 0.000000 0.000000 0.000000 0.000000 1.000000
0.991914 -0.079082 0.099257 0.000000 0.079084 -0.226509 -0.970793 3.614000 0.099255 0.970793 -0.218423 0.000000 0.000000 0.000000 0.000000 1.000000
0.991914 -0.079083 0.099257 -0.000000 0.079085 -0.226509 -0.970793 3.614000 0.099256 0.970793 -0.218423 0.000000 0.000000 0.000000 0.000000 1.000000
0.991914 -0.079083 0.099257 0.000000 0.079085 -0.226509 -0.970793 3.614000 0.099255 0.970793 -0.218423 0.000000 0.000000 0.000000 0.000000 1.000000
0.991914 -0.079083 0.099257 0.000000 0.079085 -0.226509 -0.970793 3.614000 0.099255 0.970793 -0.218423 0.000000 0.000000 0.000000 0.000000 1.000000
0.991914 -0.079083 0.099257 0.000000 0.079084 -0.226509 -0.970793 3.614000 0.099255 0.970793 -0.218423 0.000000 0.000000 0.000000 0.000000 1.000000</float_array>
        <technique_common>
          <accessor source="#mixamorig_RightHandMiddle2-Matrix-animation-output-transform-array" count="17" stride="16">
            <param type="float4x4"/>
          </accessor>
        </technique_common>
      </source>
      <source id="mixamorig_RightHandMiddle2-Interpolations">
        <Name_array id="mixamorig_RightHandMiddle2-Interpolations-array" count="17">
 LINEAR LINEAR LINEAR LINEAR LINEAR LINEAR LINEAR LINEAR LINEAR LINEAR LINEAR
LINEAR LINEAR LINEAR LINEAR LINEAR LINEAR</Name_array>
        <technique_common>
          <accessor source="#mixamorig_RightHandMiddle2-Interpolations-array" count="17">
            <param type="name"/>
          </accessor>
        </technique_common>
      </source>
      <sampler id="mixamorig_RightHandMiddle2-Matrix-animation-transform">
        <input semantic="INPUT" source="#mixamorig_RightHandMiddle2-Matrix-animation-input"/>
        <input semantic="OUTPUT" source="#mixamorig_RightHandMiddle2-Matrix-animation-output-transform"/>
        <input semantic="INTERPOLATION" source="#mixamorig_RightHandMiddle2-Interpolations"/>
      </sampler>
      <channel source="#mixamorig_RightHandMiddle2-Matrix-animation-transform" target="mixamorig_RightHandMiddle2/matrix"/>
    </animation>
    <animation id="mixamorig_RightHandMiddle3-anim" name="mixamorig_RightHandMiddle3">
      <source id="mixamorig_RightHandMiddle3-Matrix-animation-input">
        <float_array id="mixamorig_RightHandMiddle3-Matrix-animation-input-array" count="17">

0.000000 0.033333 0.066667 0.100000 0.133333 0.166667 0.200000 0.233333 0.266667 0.300000 0.333333 0.366667 0.400000 0.433333 0.466667 0.500000
0.533333</float_array>
        <technique_common>
          <accessor source="#mixamorig_RightHandMiddle3-Matrix-animation-input-array" count="17">
            <param name="TIME" type="float"/>
          </accessor>
        </technique_common>
      </source>
      <source id="mixamorig_RightHandMiddle3-Matrix-animation-output-transform">
        <float_array id="mixamorig_RightHandMiddle3-Matrix-animation-output-transform-array" count="272">

0.995522 -0.076903 0.054970 -0.000000 0.076904 0.320736 -0.944042 3.459800 0.054969 0.944042 0.325213 0.000000 0.000000 0.000000 0.000000 1.000000
0.995522 -0.076903 0.054970 -0.000000 0.076904 0.320735 -0.944042 3.459800 0.054969 0.944042 0.325213 0.000000 0.000000 0.000000 0.000000 1.000000
0.995522 -0.076903 0.054970 0.000000 0.076904 0.320735 -0.944042 3.459800 0.054969 0.944042 0.325213 0.000000 0.000000 0.000000 0.000000 1.000000
0.995522 -0.076903 0.054970 0.000000 0.076904 0.320735 -0.944042 3.459800 0.054969 0.944042 0.325213 -0.000000 0.000000 0.000000 0.000000 1.000000
0.995522 -0.076903 0.054970 0.000000 0.076904 0.320735 -0.944042 3.459800 0.054969 0.944042 0.325213 0.000000 0.000000 0.000000 0.000000 1.000000
0.995522 -0.076903 0.054970 0.000000 0.076904 0.320736 -0.944041 3.459800 0.054969 0.944042 0.325214 0.000000 0.000000 0.000000 0.000000 1.000000
0.995522 -0.076903 0.054970 0.000000 0.076904 0.320736 -0.944042 3.459800 0.054969 0.944042 0.325214 0.000000 0.000000 0.000000 0.000000 1.000000
0.995522 -0.076903 0.054970 0.000000 0.076904 0.320736 -0.944042 3.459800 0.054969 0.944042 0.325214 -0.000000 0.000000 0.000000 0.000000 1.000000
0.995522 -0.076903 0.054970 0.000000 0.076904 0.320735 -0.944042 3.459800 0.054969 0.944042 0.325213 0.000000 0.000000 0.000000 0.000000 1.000000
0.995522 -0.076903 0.054970 0.000000 0.076904 0.320736 -0.944041 3.459800 0.054969 0.944042 0.325214 -0.000000 0.000000 0.000000 0.000000 1.000000
0.995522 -0.076903 0.054970 0.000000 0.076904 0.320735 -0.944042 3.459800 0.054969 0.944042 0.325213 0.000000 0.000000 0.000000 0.000000 1.000000
0.995522 -0.076903 0.054971 0.000000 0.076905 0.320735 -0.944042 3.459800 0.054969 0.944042 0.325213 0.000000 0.000000 0.000000 0.000000 1.000000
0.995522 -0.076903 0.054970 0.000000 0.076904 0.320735 -0.944042 3.459800 0.054969 0.944042 0.325213 0.000000 0.000000 0.000000 0.000000 1.000000
0.995522 -0.076903 0.054970 0.000000 0.076904 0.320736 -0.944042 3.459800 0.054969 0.944042 0.325213 0.000000 0.000000 0.000000 0.000000 1.000000
0.995522 -0.076903 0.054971 0.000000 0.076904 0.320735 -0.944042 3.459800 0.054969 0.944042 0.325213 -0.000000 0.000000 0.000000 0.000000 1.000000
0.995522 -0.076903 0.054970 -0.000000 0.076904 0.320735 -0.944042 3.459800 0.054969 0.944042 0.325213 0.000000 0.000000 0.000000 0.000000 1.000000
0.995522 -0.076903 0.054970 0.000000 0.076904 0.320736 -0.944042 3.459800 0.054969 0.944042 0.325214 -0.000000 0.000000 0.000000 0.000000 1.000000</float_array>
        <technique_common>
          <accessor source="#mixamorig_RightHandMiddle3-Matrix-animation-output-transform-array" count="17" stride="16">
            <param type="float4x4"/>
          </accessor>
        </technique_common>
      </source>
      <source id="mixamorig_RightHandMiddle3-Interpolations">
        <Name_array id="mixamorig_RightHandMiddle3-Interpolations-array" count="17">
 LINEAR LINEAR LINEAR LINEAR LINEAR LINEAR LINEAR LINEAR LINEAR LINEAR LINEAR
LINEAR LINEAR LINEAR LINEAR LINEAR LINEAR</Name_array>
        <technique_common>
          <accessor source="#mixamorig_RightHandMiddle3-Interpolations-array" count="17">
            <param type="name"/>
          </accessor>
        </technique_common>
      </source>
      <sampler id="mixamorig_RightHandMiddle3-Matrix-animation-transform">
        <input semantic="INPUT" source="#mixamorig_RightHandMiddle3-Matrix-animation-input"/>
        <input semantic="OUTPUT" source="#mixamorig_RightHandMiddle3-Matrix-animation-output-transform"/>
        <input semantic="INTERPOLATION" source="#mixamorig_RightHandMiddle3-Interpolations"/>
      </sampler>
      <channel source="#mixamorig_RightHandMiddle3-Matrix-animation-transform" target="mixamorig_RightHandMiddle3/matrix"/>
    </animation>
    <animation id="mixamorig_RightHandRing1-anim" name="mixamorig_RightHandRing1">
      <source id="mixamorig_RightHandRing1-Matrix-animation-input">
        <float_array id="mixamorig_RightHandRing1-Matrix-animation-input-array" count="17">

0.000000 0.033333 0.066667 0.100000 0.133333 0.166667 0.200000 0.233333 0.266667 0.300000 0.333333 0.366667 0.400000 0.433333 0.466667 0.500000
0.533333</float_array>
        <technique_common>
          <accessor source="#mixamorig_RightHandRing1-Matrix-animation-input-array" count="17">
            <param name="TIME" type="float"/>
          </accessor>
        </technique_common>
      </source>
      <source id="mixamorig_RightHandRing1-Matrix-animation-output-transform">
        <float_array id="mixamorig_RightHandRing1-Matrix-animation-output-transform-array" count="272">

0.953947 -0.177116 0.242106 -2.216600 0.218550 0.963196 -0.156492 12.147000 -0.205478 0.202197 0.957546 -0.010000 0.000000 0.000000 0.000000 1.000000
0.953947 -0.177116 0.242105 -2.216600 0.218550 0.963196 -0.156492 12.147000 -0.205478 0.202197 0.957546 -0.010000 0.000000 0.000000 0.000000 1.000000
0.953947 -0.177116 0.242105 -2.216600 0.218550 0.963196 -0.156492 12.147000 -0.205477 0.202197 0.957546 -0.010000 0.000000 0.000000 0.000000 1.000000
0.953947 -0.177116 0.242105 -2.216600 0.218550 0.963196 -0.156492 12.147000 -0.205478 0.202197 0.957546 -0.010000 0.000000 0.000000 0.000000 1.000000
0.953947 -0.177116 0.242105 -2.216600 0.218550 0.963196 -0.156492 12.147000 -0.205478 0.202198 0.957546 -0.010000 0.000000 0.000000 0.000000 1.000000
0.953947 -0.177116 0.242105 -2.216600 0.218550 0.963196 -0.156492 12.147000 -0.205478 0.202198 0.957546 -0.010000 0.000000 0.000000 0.000000 1.000000
0.953947 -0.177116 0.242105 -2.216600 0.218550 0.963196 -0.156492 12.147000 -0.205477 0.202198 0.957546 -0.010000 0.000000 0.000000 0.000000 1.000000
0.953947 -0.177117 0.242105 -2.216600 0.218551 0.963196 -0.156493 12.147000 -0.205477 0.202198 0.957546 -0.010000 0.000000 0.000000 0.000000 1.000000
0.953947 -0.177116 0.242105 -2.216600 0.218550 0.963196 -0.156492 12.147000 -0.205478 0.202197 0.957546 -0.010000 0.000000 0.000000 0.000000 1.000000
0.953947 -0.177116 0.242105 -2.216600 0.218550 0.963196 -0.156492 12.147000 -0.205478 0.202198 0.957546 -0.010000 0.000000 0.000000 0.000000 1.000000
0.953947 -0.177117 0.242105 -2.216600 0.218550 0.963196 -0.156492 12.147000 -0.205477 0.202197 0.957546 -0.010000 0.000000 0.000000 0.000000 1.000000
0.953947 -0.177117 0.242106 -2.216600 0.218550 0.963196 -0.156492 12.147000 -0.205478 0.202197 0.957546 -0.010000 0.000000 0.000000 0.000000 1.000000
0.953947 -0.177116 0.242105 -2.216600 0.218550 0.963196 -0.156492 12.147000 -0.205478 0.202197 0.957546 -0.010000 0.000000 0.000000 0.000000 1.000000
0.953947 -0.177116 0.242105 -2.216600 0.218550 0.963196 -0.156492 12.147000 -0.205477 0.202198 0.957546 -0.010000 0.000000 0.000000 0.000000 1.000000
0.953947 -0.177116 0.242105 -2.216600 0.218550 0.963196 -0.156492 12.147000 -0.205478 0.202197 0.957546 -0.010000 0.000000 0.000000 0.000000 1.000000
0.953947 -0.177116 0.242106 -2.216600 0.218550 0.963196 -0.156493 12.147000 -0.205478 0.202198 0.957546 -0.010000 0.000000 0.000000 0.000000 1.000000
0.953947 -0.177116 0.242105 -2.216600 0.218550 0.963196 -0.156492 12.147000 -0.205478 0.202198 0.957546 -0.010000 0.000000 0.000000 0.000000 1.000000</float_array>
        <technique_common>
          <accessor source="#mixamorig_RightHandRing1-Matrix-animation-output-transform-array" count="17" stride="16">
            <param type="float4x4"/>
          </accessor>
        </technique_common>
      </source>
      <source id="mixamorig_RightHandRing1-Interpolations">
        <Name_array id="mixamorig_RightHandRing1-Interpolations-array" count="17">
 LINEAR LINEAR LINEAR LINEAR LINEAR LINEAR LINEAR LINEAR LINEAR LINEAR LINEAR
LINEAR LINEAR LINEAR LINEAR LINEAR LINEAR</Name_array>
        <technique_common>
          <accessor source="#mixamorig_RightHandRing1-Interpolations-array" count="17">
            <param type="name"/>
          </accessor>
        </technique_common>
      </source>
      <sampler id="mixamorig_RightHandRing1-Matrix-animation-transform">
        <input semantic="INPUT" source="#mixamorig_RightHandRing1-Matrix-animation-input"/>
        <input semantic="OUTPUT" source="#mixamorig_RightHandRing1-Matrix-animation-output-transform"/>
        <input semantic="INTERPOLATION" source="#mixamorig_RightHandRing1-Interpolations"/>
      </sampler>
      <channel source="#mixamorig_RightHandRing1-Matrix-animation-transform" target="mixamorig_RightHandRing1/matrix"/>
    </animation>
    <animation id="mixamorig_RightHandRing2-anim" name="mixamorig_RightHandRing2">
      <source id="mixamorig_RightHandRing2-Matrix-animation-input">
        <float_array id="mixamorig_RightHandRing2-Matrix-animation-input-array" count="17">

0.000000 0.033333 0.066667 0.100000 0.133333 0.166667 0.200000 0.233333 0.266667 0.300000 0.333333 0.366667 0.400000 0.433333 0.466667 0.500000
0.533333</float_array>
        <technique_common>
          <accessor source="#mixamorig_RightHandRing2-Matrix-animation-input-array" count="17">
            <param name="TIME" type="float"/>
          </accessor>
        </technique_common>
      </source>
      <source id="mixamorig_RightHandRing2-Matrix-animation-output-transform">
        <float_array id="mixamorig_RightHandRing2-Matrix-animation-output-transform-array" count="272">

0.990709 -0.074079 0.114050 0.000000 0.074082 -0.409310 -0.909383 3.601200 0.114048 0.909383 -0.400019 -0.000000 0.000000 0.000000 0.000000 1.000000
0.990709 -0.074079 0.114050 0.000000 0.074082 -0.409310 -0.909383 3.601200 0.114048 0.909383 -0.400019 0.000000 0.000000 0.000000 0.000000 1.000000
0.990709 -0.074079 0.114050 -0.000000 0.074082 -0.409310 -0.909383 3.601200 0.114048 0.909383 -0.400019 0.000000 0.000000 0.000000 0.000000 1.000000
0.990709 -0.074079 0.114050 -0.000000 0.074082 -0.409310 -0.909383 3.601200 0.114048 0.909383 -0.400019 -0.000000 0.000000 0.000000 0.000000 1.000000
0.990709 -0.074079 0.114051 -0.000000 0.074083 -0.409309 -0.909383 3.601200 0.114048 0.909383 -0.400019 0.000000 0.000000 0.000000 0.000000 1.000000
0.990709 -0.074079 0.114050 0.000000 0.074083 -0.409309 -0.909383 3.601200 0.114048 0.909383 -0.400019 0.000000 0.000000 0.000000 0.000000 1.000000
0.990709 -0.074079 0.114050 0.000000 0.074083 -0.409310 -0.909383 3.601200 0.114048 0.909383 -0.400019 -0.000000 0.000000 0.000000 0.000000 1.000000
0.990709 -0.074079 0.114050 0.000000 0.074082 -0.409310 -0.909383 3.601200 0.114048 0.909383 -0.400019 0.000000 0.000000 0.000000 0.000000 1.000000
0.990709 -0.074079 0.114050 -0.000000 0.074083 -0.409310 -0.909383 3.601200 0.114048 0.909383 -0.400019 -0.000000 0.000000 0.000000 0.000000 1.000000
0.990709 -0.074079 0.114050 0.000000 0.074082 -0.409309 -0.909383 3.601200 0.114048 0.909383 -0.400019 0.000000 0.000000 0.000000 0.000000 1.000000
0.990709 -0.074079 0.114050 0.000000 0.074082 -0.409310 -0.909383 3.601200 0.114048 0.909383 -0.400019 0.000000 0.000000 0.000000 0.000000 1.000000
0.990709 -0.074079 0.114050 0.000000 0.074082 -0.409310 -0.909383 3.601200 0.114048 0.909383 -0.400019 0.000000 0.000000 0.000000 0.000000 1.000000
0.990709 -0.074079 0.114050 0.000000 0.074083 -0.409309 -0.909383 3.601200 0.114048 0.909383 -0.400019 0.000000 0.000000 0.000000 0.000000 1.000000
0.990709 -0.074079 0.114051 0.000000 0.074083 -0.409310 -0.909383 3.601200 0.114048 0.909383 -0.400019 0.000000 0.000000 0.000000 0.000000 1.000000
0.990709 -0.074079 0.114050 -0.000000 0.074082 -0.409310 -0.909383 3.601200 0.114048 0.909383 -0.400019 -0.000000 0.000000 0.000000 0.000000 1.000000
0.990709 -0.074079 0.114050 0.000000 0.074083 -0.409310 -0.909383 3.601200 0.114048 0.909383 -0.400019 -0.000000 0.000000 0.000000 0.000000 1.000000
0.990709 -0.074079 0.114050 0.000000 0.074082 -0.409310 -0.909383 3.601200 0.114048 0.909383 -0.400019 0.000000 0.000000 0.000000 0.000000 1.000000</float_array>
        <technique_common>
          <accessor source="#mixamorig_RightHandRing2-Matrix-animation-output-transform-array" count="17" stride="16">
            <param type="float4x4"/>
          </accessor>
        </technique_common>
      </source>
      <source id="mixamorig_RightHandRing2-Interpolations">
        <Name_array id="mixamorig_RightHandRing2-Interpolations-array" count="17">
 LINEAR LINEAR LINEAR LINEAR LINEAR LINEAR LINEAR LINEAR LINEAR LINEAR LINEAR
LINEAR LINEAR LINEAR LINEAR LINEAR LINEAR</Name_array>
        <technique_common>
          <accessor source="#mixamorig_RightHandRing2-Interpolations-array" count="17">
            <param type="name"/>
          </accessor>
        </technique_common>
      </source>
      <sampler id="mixamorig_RightHandRing2-Matrix-animation-transform">
        <input semantic="INPUT" source="#mixamorig_RightHandRing2-Matrix-animation-input"/>
        <input semantic="OUTPUT" source="#mixamorig_RightHandRing2-Matrix-animation-output-transform"/>
        <input semantic="INTERPOLATION" source="#mixamorig_RightHandRing2-Interpolations"/>
      </sampler>
      <channel source="#mixamorig_RightHandRing2-Matrix-animation-transform" target="mixamorig_RightHandRing2/matrix"/>
    </animation>
    <animation id="mixamorig_RightHandRing3-anim" name="mixamorig_RightHandRing3">
      <source id="mixamorig_RightHandRing3-Matrix-animation-input">
        <float_array id="mixamorig_RightHandRing3-Matrix-animation-input-array" count="17">

0.000000 0.033333 0.066667 0.100000 0.133333 0.166667 0.200000 0.233333 0.266667 0.300000 0.333333 0.366667 0.400000 0.433333 0.466667 0.500000
0.533333</float_array>
        <technique_common>
          <accessor source="#mixamorig_RightHandRing3-Matrix-animation-input-array" count="17">
            <param name="TIME" type="float"/>
          </accessor>
        </technique_common>
      </source>
      <source id="mixamorig_RightHandRing3-Matrix-animation-output-transform">
        <float_array id="mixamorig_RightHandRing3-Matrix-animation-output-transform-array" count="272">

0.994682 -0.079662 0.065285 -0.000000 0.079663 0.193281 -0.977904 3.307300 0.065284 0.977904 0.198599 0.000000 0.000000 0.000000 0.000000 1.000000
0.994682 -0.079662 0.065285 0.000000 0.079663 0.193280 -0.977904 3.307300 0.065284 0.977904 0.198599 0.000000 0.000000 0.000000 0.000000 1.000000
0.994682 -0.079662 0.065285 0.000000 0.079663 0.193281 -0.977904 3.307300 0.065284 0.977904 0.198599 -0.000000 0.000000 0.000000 0.000000 1.000000
0.994682 -0.079662 0.065285 0.000000 0.079663 0.193281 -0.977904 3.307300 0.065284 0.977904 0.198600 0.000000 0.000000 0.000000 0.000000 1.000000
0.994682 -0.079662 0.065285 0.000000 0.079663 0.193281 -0.977904 3.307300 0.065284 0.977904 0.198599 0.000000 0.000000 0.000000 0.000000 1.000000
0.994682 -0.079662 0.065285 0.000000 0.079663 0.193281 -0.977904 3.307300 0.065284 0.977904 0.198599 -0.000000 0.000000 0.000000 0.000000 1.000000
0.994682 -0.079662 0.065285 0.000000 0.079663 0.193281 -0.977904 3.307300 0.065284 0.977904 0.198599 0.000000 0.000000 0.000000 0.000000 1.000000
0.994682 -0.079662 0.065284 0.000000 0.079663 0.193281 -0.977904 3.307300 0.065284 0.977904 0.198599 0.000000 0.000000 0.000000 0.000000 1.000000
0.994682 -0.079662 0.065285 0.000000 0.079663 0.193281 -0.977904 3.307300 0.065284 0.977904 0.198599 -0.000000 0.000000 0.000000 0.000000 1.000000
0.994682 -0.079662 0.065285 0.000000 0.079663 0.193281 -0.977904 3.307300 0.065283 0.977904 0.198600 0.000000 0.000000 0.000000 0.000000 1.000000
0.994682 -0.079662 0.065285 -0.000000 0.079663 0.193281 -0.977904 3.307300 0.065284 0.977904 0.198600 0.000000 0.000000 0.000000 0.000000 1.000000
0.994682 -0.079662 0.065285 0.000000 0.079663 0.193281 -0.977904 3.307300 0.065284 0.977904 0.198599 0.000000 0.000000 0.000000 0.000000 1.000000
0.994682 -0.079662 0.065285 0.000000 0.079663 0.193281 -0.977904 3.307300 0.065284 0.977904 0.198600 0.000000 0.000000 0.000000 0.000000 1.000000
0.994682 -0.079662 0.065285 -0.000000 0.079663 0.193281 -0.977904 3.307300 0.065284 0.977904 0.198599 0.000000 0.000000 0.000000 0.000000 1.000000
0.994682 -0.079662 0.065285 -0.000000 0.079663 0.193281 -0.977904 3.307300 0.065284 0.977904 0.198599 0.000000 0.000000 0.000000 0.000000 1.000000
0.994682 -0.079662 0.065285 0.000000 0.079663 0.193281 -0.977904 3.307300 0.065284 0.977904 0.198599 0.000000 0.000000 0.000000 0.000000 1.000000
0.994682 -0.079662 0.065285 0.000000 0.079663 0.193281 -0.977904 3.307300 0.065284 0.977904 0.198599 -0.000000 0.000000 0.000000 0.000000 1.000000</float_array>
        <technique_common>
          <accessor source="#mixamorig_RightHandRing3-Matrix-animation-output-transform-array" count="17" stride="16">
            <param type="float4x4"/>
          </accessor>
        </technique_common>
      </source>
      <source id="mixamorig_RightHandRing3-Interpolations">
        <Name_array id="mixamorig_RightHandRing3-Interpolations-array" count="17">
 LINEAR LINEAR LINEAR LINEAR LINEAR LINEAR LINEAR LINEAR LINEAR LINEAR LINEAR
LINEAR LINEAR LINEAR LINEAR LINEAR LINEAR</Name_array>
        <technique_common>
          <accessor source="#mixamorig_RightHandRing3-Interpolations-array" count="17">
            <param type="name"/>
          </accessor>
        </technique_common>
      </source>
      <sampler id="mixamorig_RightHandRing3-Matrix-animation-transform">
        <input semantic="INPUT" source="#mixamorig_RightHandRing3-Matrix-animation-input"/>
        <input semantic="OUTPUT" source="#mixamorig_RightHandRing3-Matrix-animation-output-transform"/>
        <input semantic="INTERPOLATION" source="#mixamorig_RightHandRing3-Interpolations"/>
      </sampler>
      <channel source="#mixamorig_RightHandRing3-Matrix-animation-transform" target="mixamorig_RightHandRing3/matrix"/>
    </animation>
    <animation id="mixamorig_RightHandPinky1-anim" name="mixamorig_RightHandPinky1">
      <source id="mixamorig_RightHandPinky1-Matrix-animation-input">
        <float_array id="mixamorig_RightHandPinky1-Matrix-animation-input-array" count="17">

0.000000 0.033333 0.066667 0.100000 0.133333 0.166667 0.200000 0.233333 0.266667 0.300000 0.333333 0.366667 0.400000 0.433333 0.466667 0.500000
0.533333</float_array>
        <technique_common>
          <accessor source="#mixamorig_RightHandPinky1-Matrix-animation-input-array" count="17">
            <param name="TIME" type="float"/>
          </accessor>
        </technique_common>
      </source>
      <source id="mixamorig_RightHandPinky1-Matrix-animation-output-transform">
        <float_array id="mixamorig_RightHandPinky1-Matrix-animation-output-transform-array" count="272">

0.937053 -0.155752 0.312526 -4.725800 0.182181 0.981609 -0.057037 10.908200 -0.297895 0.110383 0.948195 0.226100 0.000000 0.000000 0.000000 1.000000
0.937053 -0.155752 0.312526 -4.725800 0.182181 0.981609 -0.057037 10.908200 -0.297895 0.110383 0.948195 0.226100 0.000000 0.000000 0.000000 1.000000
0.937053 -0.155752 0.312526 -4.725800 0.182181 0.981609 -0.057036 10.908200 -0.297895 0.110382 0.948195 0.226100 0.000000 0.000000 0.000000 1.000000
0.937053 -0.155752 0.312526 -4.725800 0.182181 0.981609 -0.057036 10.908200 -0.297894 0.110382 0.948195 0.226100 0.000000 0.000000 0.000000 1.000000
0.937053 -0.155752 0.312526 -4.725800 0.182181 0.981609 -0.057036 10.908200 -0.297895 0.110382 0.948195 0.226100 0.000000 0.000000 0.000000 1.000000
0.937053 -0.155752 0.312526 -4.725800 0.182181 0.981609 -0.057036 10.908200 -0.297895 0.110382 0.948195 0.226100 0.000000 0.000000 0.000000 1.000000
0.937053 -0.155752 0.312526 -4.725800 0.182181 0.981609 -0.057036 10.908200 -0.297895 0.110382 0.948195 0.226100 0.000000 0.000000 0.000000 1.000000
0.937053 -0.155752 0.312526 -4.725800 0.182181 0.981609 -0.057037 10.908200 -0.297895 0.110383 0.948195 0.226100 0.000000 0.000000 0.000000 1.000000
0.937053 -0.155752 0.312526 -4.725800 0.182181 0.981609 -0.057036 10.908200 -0.297895 0.110382 0.948195 0.226100 0.000000 0.000000 0.000000 1.000000
0.937053 -0.155752 0.312526 -4.725800 0.182181 0.981609 -0.057036 10.908200 -0.297895 0.110382 0.948195 0.226100 0.000000 0.000000 0.000000 1.000000
0.937053 -0.155752 0.312526 -4.725800 0.182181 0.981609 -0.057036 10.908200 -0.297895 0.110382 0.948195 0.226100 0.000000 0.000000 0.000000 1.000000
0.937053 -0.155753 0.312526 -4.725800 0.182181 0.981609 -0.057036 10.908200 -0.297895 0.110382 0.948195 0.226100 0.000000 0.000000 0.000000 1.000000
0.937053 -0.155752 0.312526 -4.725800 0.182181 0.981609 -0.057036 10.908200 -0.297895 0.110382 0.948195 0.226100 0.000000 0.000000 0.000000 1.000000
0.937053 -0.155752 0.312526 -4.725800 0.182180 0.981609 -0.057036 10.908200 -0.297895 0.110382 0.948195 0.226100 0.000000 0.000000 0.000000 1.000000
0.937053 -0.155752 0.312526 -4.725800 0.182181 0.981609 -0.057037 10.908200 -0.297895 0.110383 0.948195 0.226100 0.000000 0.000000 0.000000 1.000000
0.937053 -0.155752 0.312526 -4.725800 0.182181 0.981609 -0.057037 10.908200 -0.297895 0.110383 0.948195 0.226100 0.000000 0.000000 0.000000 1.000000
0.937053 -0.155752 0.312526 -4.725800 0.182181 0.981609 -0.057037 10.908200 -0.297895 0.110383 0.948195 0.226100 0.000000 0.000000 0.000000 1.000000</float_array>
        <technique_common>
          <accessor source="#mixamorig_RightHandPinky1-Matrix-animation-output-transform-array" count="17" stride="16">
            <param type="float4x4"/>
          </accessor>
        </technique_common>
      </source>
      <source id="mixamorig_RightHandPinky1-Interpolations">
        <Name_array id="mixamorig_RightHandPinky1-Interpolations-array" count="17">
 LINEAR LINEAR LINEAR LINEAR LINEAR LINEAR LINEAR LINEAR LINEAR LINEAR LINEAR
LINEAR LINEAR LINEAR LINEAR LINEAR LINEAR</Name_array>
        <technique_common>
          <accessor source="#mixamorig_RightHandPinky1-Interpolations-array" count="17">
            <param type="name"/>
          </accessor>
        </technique_common>
      </source>
      <sampler id="mixamorig_RightHandPinky1-Matrix-animation-transform">
        <input semantic="INPUT" source="#mixamorig_RightHandPinky1-Matrix-animation-input"/>
        <input semantic="OUTPUT" source="#mixamorig_RightHandPinky1-Matrix-animation-output-transform"/>
        <input semantic="INTERPOLATION" source="#mixamorig_RightHandPinky1-Interpolations"/>
      </sampler>
      <channel source="#mixamorig_RightHandPinky1-Matrix-animation-transform" target="mixamorig_RightHandPinky1/matrix"/>
    </animation>
    <animation id="mixamorig_RightHandPinky2-anim" name="mixamorig_RightHandPinky2">
      <source id="mixamorig_RightHandPinky2-Matrix-animation-input">
        <float_array id="mixamorig_RightHandPinky2-Matrix-animation-input-array" count="17">

0.000000 0.033333 0.066667 0.100000 0.133333 0.166667 0.200000 0.233333 0.266667 0.300000 0.333333 0.366667 0.400000 0.433333 0.466667 0.500000
0.533333</float_array>
        <technique_common>
          <accessor source="#mixamorig_RightHandPinky2-Matrix-animation-input-array" count="17">
            <param name="TIME" type="float"/>
          </accessor>
        </technique_common>
      </source>
      <source id="mixamorig_RightHandPinky2-Matrix-animation-output-transform">
        <float_array id="mixamorig_RightHandPinky2-Matrix-animation-output-transform-array" count="272">

0.992932 -0.080982 0.086760 -0.000000 0.080983 -0.072094 -0.994105 4.136700 0.086759 0.994105 -0.065027 -0.000000 0.000000 0.000000 0.000000 1.000000
0.992932 -0.080982 0.086760 0.000000 0.080983 -0.072094 -0.994105 4.136700 0.086759 0.994105 -0.065026 -0.000000 0.000000 0.000000 0.000000 1.000000
0.992932 -0.080982 0.086760 0.000000 0.080983 -0.072094 -0.994105 4.136700 0.086759 0.994105 -0.065026 0.000000 0.000000 0.000000 0.000000 1.000000
0.992932 -0.080982 0.086760 -0.000000 0.080983 -0.072094 -0.994105 4.136700 0.086759 0.994105 -0.065027 0.000000 0.000000 0.000000 0.000000 1.000000
0.992932 -0.080981 0.086760 0.000000 0.080983 -0.072094 -0.994105 4.136700 0.086759 0.994105 -0.065026 -0.000000 0.000000 0.000000 0.000000 1.000000
0.992932 -0.080981 0.086760 0.000000 0.080983 -0.072094 -0.994105 4.136700 0.086759 0.994105 -0.065027 -0.000000 0.000000 0.000000 0.000000 1.000000
0.992932 -0.080982 0.086760 0.000000 0.080983 -0.072094 -0.994105 4.136700 0.086759 0.994105 -0.065026 -0.000000 0.000000 0.000000 0.000000 1.000000
0.992932 -0.080981 0.086760 0.000000 0.080983 -0.072094 -0.994105 4.136700 0.086759 0.994105 -0.065026 0.000000 0.000000 0.000000 0.000000 1.000000
0.992932 -0.080982 0.086760 -0.000000 0.080983 -0.072094 -0.994105 4.136700 0.086759 0.994105 -0.065026 0.000000 0.000000 0.000000 0.000000 1.000000
0.992932 -0.080982 0.086760 -0.000000 0.080983 -0.072094 -0.994105 4.136700 0.086759 0.994105 -0.065026 0.000000 0.000000 0.000000 0.000000 1.000000
0.992932 -0.080981 0.086760 0.000000 0.080983 -0.072094 -0.994105 4.136700 0.086759 0.994105 -0.065026 0.000000 0.000000 0.000000 0.000000 1.000000
0.992932 -0.080982 0.086760 0.000000 0.080983 -0.072094 -0.994105 4.136700 0.086759 0.994105 -0.065026 0.000000 0.000000 0.000000 0.000000 1.000000
0.992932 -0.080981 0.086760 -0.000000 0.080983 -0.072093 -0.994105 4.136700 0.086759 0.994105 -0.065026 0.000000 0.000000 0.000000 0.000000 1.000000
0.992932 -0.080982 0.086760 0.000000 0.080983 -0.072094 -0.994105 4.136700 0.086759 0.994105 -0.065027 0.000000 0.000000 0.000000 0.000000 1.000000
0.992932 -0.080982 0.086760 0.000000 0.080983 -0.072094 -0.994105 4.136700 0.086759 0.994105 -0.065026 -0.000000 0.000000 0.000000 0.000000 1.000000
0.992932 -0.080981 0.086760 -0.000000 0.080983 -0.072094 -0.994105 4.136700 0.086759 0.994105 -0.065026 0.000000 0.000000 0.000000 0.000000 1.000000
0.992932 -0.080981 0.086760 0.000000 0.080983 -0.072094 -0.994105 4.136700 0.086759 0.994105 -0.065026 0.000000 0.000000 0.000000 0.000000 1.000000</float_array>
        <technique_common>
          <accessor source="#mixamorig_RightHandPinky2-Matrix-animation-output-transform-array" count="17" stride="16">
            <param type="float4x4"/>
          </accessor>
        </technique_common>
      </source>
      <source id="mixamorig_RightHandPinky2-Interpolations">
        <Name_array id="mixamorig_RightHandPinky2-Interpolations-array" count="17">
 LINEAR LINEAR LINEAR LINEAR LINEAR LINEAR LINEAR LINEAR LINEAR LINEAR LINEAR
LINEAR LINEAR LINEAR LINEAR LINEAR LINEAR</Name_array>
        <technique_common>
          <accessor source="#mixamorig_RightHandPinky2-Interpolations-array" count="17">
            <param type="name"/>
          </accessor>
        </technique_common>
      </source>
      <sampler id="mixamorig_RightHandPinky2-Matrix-animation-transform">
        <input semantic="INPUT" source="#mixamorig_RightHandPinky2-Matrix-animation-input"/>
        <input semantic="OUTPUT" source="#mixamorig_RightHandPinky2-Matrix-animation-output-transform"/>
        <input semantic="INTERPOLATION" source="#mixamorig_RightHandPinky2-Interpolations"/>
      </sampler>
      <channel source="#mixamorig_RightHandPinky2-Matrix-animation-transform" target="mixamorig_RightHandPinky2/matrix"/>
    </animation>
    <animation id="mixamorig_RightHandPinky3-anim" name="mixamorig_RightHandPinky3">
      <source id="mixamorig_RightHandPinky3-Matrix-animation-input">
        <float_array id="mixamorig_RightHandPinky3-Matrix-animation-input-array" count="17">

0.000000 0.033333 0.066667 0.100000 0.133333 0.166667 0.200000 0.233333 0.266667 0.300000 0.333333 0.366667 0.400000 0.433333 0.466667 0.500000
0.533333</float_array>
        <technique_common>
          <accessor source="#mixamorig_RightHandPinky3-Matrix-animation-input-array" count="17">
            <param name="TIME" type="float"/>
          </accessor>
        </technique_common>
      </source>
      <source id="mixamorig_RightHandPinky3-Matrix-animation-output-transform">
        <float_array id="mixamorig_RightHandPinky3-Matrix-animation-output-transform-array" count="272">

0.994834 -0.079269 0.063415 0.000000 0.079270 0.216380 -0.973086 2.594800 0.063414 0.973086 0.221545 0.000000 0.000000 0.000000 0.000000 1.000000
0.994834 -0.079269 0.063416 0.000000 0.079270 0.216380 -0.973086 2.594800 0.063414 0.973086 0.221545 -0.000000 0.000000 0.000000 0.000000 1.000000
0.994834 -0.079270 0.063415 -0.000000 0.079270 0.216380 -0.973086 2.594800 0.063414 0.973086 0.221546 0.000000 0.000000 0.000000 0.000000 1.000000
0.994834 -0.079269 0.063415 -0.000000 0.079270 0.216380 -0.973086 2.594800 0.063414 0.973086 0.221545 0.000000 0.000000 0.000000 0.000000 1.000000
0.994834 -0.079269 0.063415 0.000000 0.079270 0.216380 -0.973086 2.594800 0.063414 0.973086 0.221546 0.000000 0.000000 0.000000 0.000000 1.000000
0.994834 -0.079269 0.063416 0.000000 0.079271 0.216380 -0.973086 2.594800 0.063414 0.973086 0.221545 0.000000 0.000000 0.000000 0.000000 1.000000
0.994834 -0.079269 0.063416 0.000000 0.079271 0.216380 -0.973086 2.594800 0.063414 0.973086 0.221546 0.000000 0.000000 0.000000 0.000000 1.000000
0.994834 -0.079269 0.063415 -0.000000 0.079270 0.216380 -0.973086 2.594800 0.063414 0.973086 0.221546 0.000000 0.000000 0.000000 0.000000 1.000000
0.994834 -0.079270 0.063415 -0.000000 0.079270 0.216380 -0.973086 2.594800 0.063414 0.973086 0.221546 0.000000 0.000000 0.000000 0.000000 1.000000
0.994834 -0.079269 0.063415 0.000000 0.079270 0.216380 -0.973086 2.594800 0.063414 0.973086 0.221546 -0.000000 0.000000 0.000000 0.000000 1.000000
0.994834 -0.079269 0.063415 0.000000 0.079270 0.216380 -0.973086 2.594800 0.063414 0.973086 0.221545 0.000000 0.000000 0.000000 0.000000 1.000000
0.994834 -0.079269 0.063415 0.000000 0.079270 0.216380 -0.973086 2.594800 0.063414 0.973086 0.221546 -0.000000 0.000000 0.000000 0.000000 1.000000
0.994834 -0.079269 0.063415 0.000000 0.079270 0.216380 -0.973086 2.594800 0.063414 0.973086 0.221546 -0.000000 0.000000 0.000000 0.000000 1.000000
0.994834 -0.079269 0.063415 -0.000000 0.079270 0.216379 -0.973086 2.594800 0.063414 0.973086 0.221545 0.000000 0.000000 0.000000 0.000000 1.000000
0.994834 -0.079269 0.063415 0.000000 0.079270 0.216380 -0.973086 2.594800 0.063414 0.973086 0.221545 -0.000000 0.000000 0.000000 0.000000 1.000000
0.994834 -0.079269 0.063416 -0.000000 0.079271 0.216380 -0.973086 2.594800 0.063414 0.973086 0.221546 0.000000 0.000000 0.000000 0.000000 1.000000
0.994834 -0.079269 0.063415 -0.000000 0.079270 0.216380 -0.973086 2.594800 0.063414 0.973086 0.221546 0.000000 0.000000 0.000000 0.000000 1.000000</float_array>
        <technique_common>
          <accessor source="#mixamorig_RightHandPinky3-Matrix-animation-output-transform-array" count="17" stride="16">
            <param type="float4x4"/>
          </accessor>
        </technique_common>
      </source>
      <source id="mixamorig_RightHandPinky3-Interpolations">
        <Name_array id="mixamorig_RightHandPinky3-Interpolations-array" count="17">
 LINEAR LINEAR LINEAR LINEAR LINEAR LINEAR LINEAR LINEAR LINEAR LINEAR LINEAR
LINEAR LINEAR LINEAR LINEAR LINEAR LINEAR</Name_array>
        <technique_common>
          <accessor source="#mixamorig_RightHandPinky3-Interpolations-array" count="17">
            <param type="name"/>
          </accessor>
        </technique_common>
      </source>
      <sampler id="mixamorig_RightHandPinky3-Matrix-animation-transform">
        <input semantic="INPUT" source="#mixamorig_RightHandPinky3-Matrix-animation-input"/>
        <input semantic="OUTPUT" source="#mixamorig_RightHandPinky3-Matrix-animation-output-transform"/>
        <input semantic="INTERPOLATION" source="#mixamorig_RightHandPinky3-Interpolations"/>
      </sampler>
      <channel source="#mixamorig_RightHandPinky3-Matrix-animation-transform" target="mixamorig_RightHandPinky3/matrix"/>
    </animation>
    <animation id="mixamorig_LeftUpLeg-anim" name="mixamorig_LeftUpLeg">
      <source id="mixamorig_LeftUpLeg-Matrix-animation-input">
        <float_array id="mixamorig_LeftUpLeg-Matrix-animation-input-array" count="17">

0.000000 0.033333 0.066667 0.100000 0.133333 0.166667 0.200000 0.233333 0.266667 0.300000 0.333333 0.366667 0.400000 0.433333 0.466667 0.500000
0.533333</float_array>
        <technique_common>
          <accessor source="#mixamorig_LeftUpLeg-Matrix-animation-input-array" count="17">
            <param name="TIME" type="float"/>
          </accessor>
        </technique_common>
      </source>
      <source id="mixamorig_LeftUpLeg-Matrix-animation-output-transform">
        <float_array id="mixamorig_LeftUpLeg-Matrix-animation-output-transform-array" count="272">

-0.937291 0.261126 0.230867 9.123900 -0.166795 -0.917632 0.360737 -6.657200 0.306049 0.299608 0.903642 -0.055400 0.000000 0.000000 0.000000 1.000000
-0.959601 0.275565 0.056840 9.123900 -0.052565 -0.374036 0.925923 -6.657200 0.276412 0.885529 0.373410 -0.055400 0.000000 0.000000 0.000000 1.000000
-0.959654 0.279672 -0.029124 9.123900 -0.053734 -0.080735 0.995286 -6.657200 0.276002 0.956695 0.092506 -0.055400 0.000000 0.000000 0.000000 1.000000
-0.954947 0.290112 -0.062538 9.123900 -0.077186 -0.039315 0.996241 -6.657200 0.286563 0.956185 0.059937 -0.055400 0.000000 0.000000 0.000000 1.000000
-0.951348 0.300574 -0.067763 9.123900 -0.094626 -0.075716 0.992629 -6.657200 0.293228 0.950748 0.100474 -0.055400 0.000000 0.000000 0.000000 1.000000
-0.949878 0.310060 -0.039944 9.123900 -0.103237 -0.190505 0.976243 -6.657200 0.295084 0.931435 0.212966 -0.055400 0.000000 0.000000 0.000000 1.000000
-0.950774 0.309826 0.006023 9.123900 -0.112025 -0.361766 0.925514 -6.657200 0.288927 0.879280 0.378666 -0.055400 0.000000 0.000000 0.000000 1.000000
-0.956827 0.284340 0.060275 9.123900 -0.116856 -0.566197 0.815944 -6.657200 0.266133 0.773674 0.574980 -0.055400 0.000000 0.000000 0.000000 1.000000
-0.965868 0.230141 0.118891 9.123900 -0.107330 -0.773280 0.624915 -6.657200 0.235754 0.590825 0.771587 -0.055400 0.000000 0.000000 0.000000 1.000000
-0.966403 0.200785 0.160473 9.123900 -0.087844 -0.844736 0.527925 -6.657200 0.241556 0.496092 0.833992 -0.055400 0.000000 0.000000 0.000000 1.000000
-0.961674 0.192200 0.195554 9.123900 -0.067440 -0.857088 0.510736 -6.657200 0.265771 0.477974 0.837202 -0.055400 0.000000 0.000000 0.000000 1.000000
-0.952440 0.234883 0.194137 9.123900 -0.062713 -0.774531 0.629419 -6.657200 0.298205 0.587309 0.752424 -0.055400 0.000000 0.000000 0.000000 1.000000
-0.938639 0.289289 0.187801 9.123900 -0.048638 -0.650088 0.758301 -6.657200 0.341455 0.702636 0.624268 -0.055400 0.000000 0.000000 0.000000 1.000000
-0.913941 0.373639 0.158447 9.123900 -0.041700 -0.474800 0.879105 -6.657200 0.403698 0.796844 0.449520 -0.055400 0.000000 0.000000 0.000000 1.000000
-0.877679 0.457002 0.144324 9.123900 -0.000814 -0.302566 0.953128 -6.657200 0.479249 0.836422 0.265928 -0.055400 0.000000 0.000000 0.000000 1.000000
-0.824465 0.540599 0.167363 9.123900 0.067970 -0.199004 0.977639 -6.657200 0.561817 0.817404 0.127328 -0.055400 0.000000 0.000000 0.000000 1.000000
-0.789801 0.585317 0.183355 9.123900 0.111106 -0.157463 0.981255 -6.657200 0.603217 0.795367 0.059332 -0.055400 0.000000 0.000000 0.000000 1.000000</float_array>
        <technique_common>
          <accessor source="#mixamorig_LeftUpLeg-Matrix-animation-output-transform-array" count="17" stride="16">
            <param type="float4x4"/>
          </accessor>
        </technique_common>
      </source>
      <source id="mixamorig_LeftUpLeg-Interpolations">
        <Name_array id="mixamorig_LeftUpLeg-Interpolations-array" count="17">
 LINEAR LINEAR LINEAR LINEAR LINEAR LINEAR LINEAR LINEAR LINEAR LINEAR LINEAR
LINEAR LINEAR LINEAR LINEAR LINEAR LINEAR</Name_array>
        <technique_common>
          <accessor source="#mixamorig_LeftUpLeg-Interpolations-array" count="17">
            <param type="name"/>
          </accessor>
        </technique_common>
      </source>
      <sampler id="mixamorig_LeftUpLeg-Matrix-animation-transform">
        <input semantic="INPUT" source="#mixamorig_LeftUpLeg-Matrix-animation-input"/>
        <input semantic="OUTPUT" source="#mixamorig_LeftUpLeg-Matrix-animation-output-transform"/>
        <input semantic="INTERPOLATION" source="#mixamorig_LeftUpLeg-Interpolations"/>
      </sampler>
      <channel source="#mixamorig_LeftUpLeg-Matrix-animation-transform" target="mixamorig_LeftUpLeg/matrix"/>
    </animation>
    <animation id="mixamorig_LeftLeg-anim" name="mixamorig_LeftLeg">
      <source id="mixamorig_LeftLeg-Matrix-animation-input">
        <float_array id="mixamorig_LeftLeg-Matrix-animation-input-array" count="17">

0.000000 0.033333 0.066667 0.100000 0.133333 0.166667 0.200000 0.233333 0.266667 0.300000 0.333333 0.366667 0.400000 0.433333 0.466667 0.500000
0.533333</float_array>
        <technique_common>
          <accessor source="#mixamorig_LeftLeg-Matrix-animation-input-array" count="17">
            <param name="TIME" type="float"/>
          </accessor>
        </technique_common>
      </source>
      <source id="mixamorig_LeftLeg-Matrix-animation-output-transform">
        <float_array id="mixamorig_LeftLeg-Matrix-animation-output-transform-array" count="272">

0.967185 0.021126 -0.253193 0.000000 0.109390 0.864818 0.490024 40.599400 0.229318 -0.501640 0.834128 0.000000 0.000000 0.000000 0.000000 1.000000
0.960796 0.049391 -0.272822 0.000000 0.243042 0.323495 0.914484 40.599400 0.133424 -0.944940 0.298808 0.000000 0.000000 0.000000 0.000000 1.000000
0.961333 0.057296 -0.269361 0.000000 0.263970 0.086991 0.960600 40.599400 0.078470 -0.994560 0.068503 0.000000 0.000000 0.000000 0.000000 1.000000
0.960904 0.058945 -0.270534 0.000000 0.269288 0.028291 0.962644 40.599400 0.064396 -0.997860 0.011312 0.000000 0.000000 0.000000 0.000000 1.000000
0.966267 0.060018 -0.250451 0.000000 0.249664 0.020385 0.968118 40.599400 0.063209 -0.997989 0.004713 0.000000 0.000000 0.000000 0.000000 1.000000
0.970357 0.059235 -0.234305 -0.000000 0.229995 0.071434 0.970566 40.599400 0.074229 -0.995685 0.055693 0.000000 0.000000 0.000000 0.000000 1.000000
0.969590 0.055555 -0.238347 -0.000000 0.224456 0.186310 0.956508 40.599400 0.097545 -0.980919 0.168174 0.000000 0.000000 0.000000 0.000000 1.000000
0.961604 0.046240 -0.270516 0.000000 0.233516 0.379984 0.895032 40.599400 0.144178 -0.923837 0.354596 -0.000000 0.000000 0.000000 0.000000 1.000000
0.956693 0.027819 -0.289768 0.000000 0.200420 0.658980 0.724967 40.599400 0.211119 -0.751646 0.624866 0.000000 0.000000 0.000000 0.000000 1.000000
0.974815 0.004534 -0.222970 0.000000 0.154662 0.706561 0.690544 40.599400 0.160673 -0.707637 0.688065 0.000000 0.000000 0.000000 0.000000 1.000000
0.988318 0.007362 -0.152226 0.000000 0.115203 0.617828 0.777829 40.599400 0.099776 -0.786279 0.609762 0.000000 0.000000 0.000000 0.000000 1.000000
0.992833 0.007482 0.119275 0.000000 -0.109941 0.448478 0.887006 40.599400 -0.046855 -0.893762 0.446087 -0.000000 0.000000 0.000000 0.000000 1.000000
0.971487 -0.003824 0.237061 0.000000 -0.233601 0.155515 0.959816 40.599400 -0.040537 -0.987826 0.150187 -0.000000 0.000000 0.000000 0.000000 1.000000
0.980828 -0.006302 0.194776 0.000000 -0.192583 -0.184271 0.963823 40.599400 0.029818 -0.982855 -0.181952 0.000000 0.000000 0.000000 0.000000 1.000000
0.972409 -0.006173 0.233201 0.000000 -0.213159 -0.429675 0.877464 40.599400 0.094784 -0.902962 -0.419136 0.000000 0.000000 0.000000 0.000000 1.000000
0.972479 -0.018875 0.232224 -0.000000 -0.203122 -0.556929 0.805339 40.599400 0.114132 -0.830346 -0.545436 0.000000 0.000000 0.000000 0.000000 1.000000
0.976031 -0.028497 0.215756 0.000000 -0.188425 -0.606730 0.772253 40.599400 0.108898 -0.794397 -0.597558 0.000000 0.000000 0.000000 0.000000 1.000000</float_array>
        <technique_common>
          <accessor source="#mixamorig_LeftLeg-Matrix-animation-output-transform-array" count="17" stride="16">
            <param type="float4x4"/>
          </accessor>
        </technique_common>
      </source>
      <source id="mixamorig_LeftLeg-Interpolations">
        <Name_array id="mixamorig_LeftLeg-Interpolations-array" count="17">
 LINEAR LINEAR LINEAR LINEAR LINEAR LINEAR LINEAR LINEAR LINEAR LINEAR LINEAR
LINEAR LINEAR LINEAR LINEAR LINEAR LINEAR</Name_array>
        <technique_common>
          <accessor source="#mixamorig_LeftLeg-Interpolations-array" count="17">
            <param type="name"/>
          </accessor>
        </technique_common>
      </source>
      <sampler id="mixamorig_LeftLeg-Matrix-animation-transform">
        <input semantic="INPUT" source="#mixamorig_LeftLeg-Matrix-animation-input"/>
        <input semantic="OUTPUT" source="#mixamorig_LeftLeg-Matrix-animation-output-transform"/>
        <input semantic="INTERPOLATION" source="#mixamorig_LeftLeg-Interpolations"/>
      </sampler>
      <channel source="#mixamorig_LeftLeg-Matrix-animation-transform" target="mixamorig_LeftLeg/matrix"/>
    </animation>
    <animation id="mixamorig_LeftFoot-anim" name="mixamorig_LeftFoot">
      <source id="mixamorig_LeftFoot-Matrix-animation-input">
        <float_array id="mixamorig_LeftFoot-Matrix-animation-input-array" count="17">

0.000000 0.033333 0.066667 0.100000 0.133333 0.166667 0.200000 0.233333 0.266667 0.300000 0.333333 0.366667 0.400000 0.433333 0.466667 0.500000
0.533333</float_array>
        <technique_common>
          <accessor source="#mixamorig_LeftFoot-Matrix-animation-input-array" count="17">
            <param name="TIME" type="float"/>
          </accessor>
        </technique_common>
      </source>
      <source id="mixamorig_LeftFoot-Matrix-animation-output-transform">
        <float_array id="mixamorig_LeftFoot-Matrix-animation-output-transform-array" count="272">

0.995433 0.040466 -0.086459 0.000000 -0.095376 0.459459 -0.883064 42.098999 0.003990 0.887277 0.461220 0.000000 0.000000 0.000000 0.000000 1.000000
0.981044 0.045044 -0.188475 0.000000 -0.193604 0.269530 -0.943330 42.098999 0.008309 0.961938 0.273142 -0.000000 0.000000 0.000000 0.000000 1.000000
0.971727 0.056387 -0.229277 0.000000 -0.236102 0.224609 -0.945413 42.098999 -0.001811 0.972816 0.231572 0.000000 0.000000 0.000000 0.000000 1.000000
0.969588 0.076762 -0.232395 -0.000000 -0.243395 0.202849 -0.948478 42.098999 -0.025666 0.976197 0.215363 0.000000 0.000000 0.000000 0.000000 1.000000
0.970476 0.073313 -0.229787 0.000000 -0.239504 0.180162 -0.954033 42.098999 -0.028545 0.980901 0.192402 0.000000 0.000000 0.000000 0.000000 1.000000
0.973663 0.068109 -0.217580 0.000000 -0.226115 0.166294 -0.959801 42.098999 -0.029189 0.983721 0.177315 0.000000 0.000000 0.000000 0.000000 1.000000
0.975931 0.065776 -0.207923 0.000000 -0.216368 0.172854 -0.960888 42.098999 -0.027263 0.982749 0.182926 0.000000 0.000000 0.000000 0.000000 1.000000
0.977662 0.067686 -0.198988 0.000000 -0.209150 0.219477 -0.952936 42.098999 -0.020828 0.973267 0.228731 0.000000 0.000000 0.000000 0.000000 1.000000
0.982974 0.041374 -0.179025 0.000000 -0.182545 0.330993 -0.925808 42.098999 0.020951 0.942726 0.332911 0.000000 0.000000 0.000000 0.000000 1.000000
0.980427 0.011433 -0.196549 0.000000 -0.192187 0.272278 -0.942830 42.098999 0.042736 0.962151 0.269146 0.000000 0.000000 0.000000 0.000000 1.000000
0.987510 0.057867 -0.146543 0.000000 -0.157153 0.295391 -0.942362 42.098999 -0.011244 0.953622 0.300796 -0.000000 0.000000 0.000000 0.000000 1.000000
0.999246 -0.001645 -0.038796 -0.000000 -0.025342 0.729369 -0.683651 42.098999 0.029421 0.684118 0.728777 0.000000 0.000000 0.000000 0.000000 1.000000
0.992670 -0.114106 0.039836 0.000000 0.116546 0.816477 -0.565493 42.098999 0.032000 0.565990 0.823791 0.000000 0.000000 0.000000 0.000000 1.000000
0.989672 -0.121525 0.076030 0.000000 0.143310 0.826282 -0.544721 42.098999 0.003375 0.549991 0.835164 0.000000 0.000000 0.000000 0.000000 1.000000
0.981522 -0.128279 -0.141983 0.000000 0.049871 0.887858 -0.457407 42.098999 0.184737 0.441874 0.877849 -0.000000 0.000000 0.000000 0.000000 1.000000
0.961777 -0.164742 -0.218737 0.000000 0.060952 0.907543 -0.415512 42.098999 0.266965 0.386297 0.882895 0.000000 0.000000 0.000000 0.000000 1.000000
0.958730 -0.195284 -0.206640 0.000000 0.093364 0.902732 -0.419949 42.098999 0.268550 0.383325 0.883710 -0.000000 0.000000 0.000000 0.000000 1.000000</float_array>
        <technique_common>
          <accessor source="#mixamorig_LeftFoot-Matrix-animation-output-transform-array" count="17" stride="16">
            <param type="float4x4"/>
          </accessor>
        </technique_common>
      </source>
      <source id="mixamorig_LeftFoot-Interpolations">
        <Name_array id="mixamorig_LeftFoot-Interpolations-array" count="17">
 LINEAR LINEAR LINEAR LINEAR LINEAR LINEAR LINEAR LINEAR LINEAR LINEAR LINEAR
LINEAR LINEAR LINEAR LINEAR LINEAR LINEAR</Name_array>
        <technique_common>
          <accessor source="#mixamorig_LeftFoot-Interpolations-array" count="17">
            <param type="name"/>
          </accessor>
        </technique_common>
      </source>
      <sampler id="mixamorig_LeftFoot-Matrix-animation-transform">
        <input semantic="INPUT" source="#mixamorig_LeftFoot-Matrix-animation-input"/>
        <input semantic="OUTPUT" source="#mixamorig_LeftFoot-Matrix-animation-output-transform"/>
        <input semantic="INTERPOLATION" source="#mixamorig_LeftFoot-Interpolations"/>
      </sampler>
      <channel source="#mixamorig_LeftFoot-Matrix-animation-transform" target="mixamorig_LeftFoot/matrix"/>
    </animation>
    <animation id="mixamorig_LeftToeBase-anim" name="mixamorig_LeftToeBase">
      <source id="mixamorig_LeftToeBase-Matrix-animation-input">
        <float_array id="mixamorig_LeftToeBase-Matrix-animation-input-array" count="17">

0.000000 0.033333 0.066667 0.100000 0.133333 0.166667 0.200000 0.233333 0.266667 0.300000 0.333333 0.366667 0.400000 0.433333 0.466667 0.500000
0.533333</float_array>
        <technique_common>
          <accessor source="#mixamorig_LeftToeBase-Matrix-animation-input-array" count="17">
            <param name="TIME" type="float"/>
          </accessor>
        </technique_common>
      </source>
      <source id="mixamorig_LeftToeBase-Matrix-animation-output-transform">
        <float_array id="mixamorig_LeftToeBase-Matrix-animation-output-transform-array" count="272">

0.997710 0.013117 -0.066345 -0.000000 -0.041380 0.894351 -0.445448 15.721600 0.053493 0.447173 0.892846 0.000000 0.000000 0.000000 0.000000 1.000000
0.997730 0.012607 -0.066145 0.000000 -0.040802 0.894627 -0.444947 15.721600 0.053566 0.446636 0.893111 0.000000 0.000000 0.000000 0.000000 1.000000
0.997750 0.012790 -0.065812 0.000000 -0.040836 0.894469 -0.445260 15.721600 0.053172 0.446946 0.892979 0.000000 0.000000 0.000000 0.000000 1.000000
0.997747 0.012833 -0.065847 0.000000 -0.040893 0.894446 -0.445302 15.721600 0.053182 0.446992 0.892956 -0.000000 0.000000 0.000000 0.000000 1.000000
0.997746 0.012859 -0.065859 0.000000 -0.040923 0.894429 -0.445333 15.721600 0.053180 0.447024 0.892940 0.000000 0.000000 0.000000 0.000000 1.000000
0.997746 0.012871 -0.065856 0.000000 -0.040932 0.894437 -0.445317 15.721600 0.053172 0.447009 0.892948 0.000000 0.000000 0.000000 0.000000 1.000000
0.997725 0.012886 -0.066173 0.000000 -0.041083 0.894465 -0.445246 15.721600 0.053452 0.446952 0.892960 0.000000 0.000000 0.000000 0.000000 1.000000
0.997726 0.012892 -0.066158 0.000000 -0.041082 0.894460 -0.445257 15.721600 0.053436 0.446962 0.892956 -0.000000 0.000000 0.000000 0.000000 1.000000
0.997819 0.011490 -0.065009 0.000000 -0.039389 0.893871 -0.446591 15.721600 0.052978 0.448178 0.892373 -0.000000 0.000000 0.000000 0.000000 1.000000
0.994971 0.072381 -0.069241 0.000000 -0.095616 0.892292 -0.441217 15.721600 0.029847 0.445618 0.894725 0.000000 0.000000 0.000000 0.000000 1.000000
0.986627 0.148197 -0.067864 0.000000 -0.158846 0.780861 -0.604173 15.721600 -0.036544 0.606873 0.793958 -0.000000 0.000000 0.000000 0.000000 1.000000
0.989683 0.106551 -0.095778 0.000000 -0.119386 0.243739 -0.962465 15.721600 -0.079207 0.963970 0.253945 0.000000 0.000000 0.000000 0.000000 1.000000
0.994777 0.074901 -0.069342 -0.000000 -0.099055 0.872341 -0.478759 15.721600 0.024630 0.483127 0.875204 0.000000 0.000000 0.000000 0.000000 1.000000
0.998136 0.049667 -0.035460 0.000000 -0.060223 0.895634 -0.440695 15.721600 0.009871 0.442010 0.896956 0.000000 0.000000 0.000000 0.000000 1.000000
0.997269 0.026298 -0.069018 0.000000 -0.052332 0.911012 -0.409047 15.721600 0.052119 0.411541 0.909900 -0.000000 0.000000 0.000000 0.000000 1.000000
0.996084 0.016439 -0.086867 -0.000000 -0.049373 0.918502 -0.392321 15.721600 0.073338 0.395074 0.915717 0.000000 0.000000 0.000000 0.000000 1.000000
0.995724 0.014272 -0.091267 0.000000 -0.048771 0.920293 -0.388178 15.721600 0.078453 0.390970 0.917054 0.000000 0.000000 0.000000 0.000000 1.000000</float_array>
        <technique_common>
          <accessor source="#mixamorig_LeftToeBase-Matrix-animation-output-transform-array" count="17" stride="16">
            <param type="float4x4"/>
          </accessor>
        </technique_common>
      </source>
      <source id="mixamorig_LeftToeBase-Interpolations">
        <Name_array id="mixamorig_LeftToeBase-Interpolations-array" count="17">
 LINEAR LINEAR LINEAR LINEAR LINEAR LINEAR LINEAR LINEAR LINEAR LINEAR LINEAR
LINEAR LINEAR LINEAR LINEAR LINEAR LINEAR</Name_array>
        <technique_common>
          <accessor source="#mixamorig_LeftToeBase-Interpolations-array" count="17">
            <param type="name"/>
          </accessor>
        </technique_common>
      </source>
      <sampler id="mixamorig_LeftToeBase-Matrix-animation-transform">
        <input semantic="INPUT" source="#mixamorig_LeftToeBase-Matrix-animation-input"/>
        <input semantic="OUTPUT" source="#mixamorig_LeftToeBase-Matrix-animation-output-transform"/>
        <input semantic="INTERPOLATION" source="#mixamorig_LeftToeBase-Interpolations"/>
      </sampler>
      <channel source="#mixamorig_LeftToeBase-Matrix-animation-transform" target="mixamorig_LeftToeBase/matrix"/>
    </animation>
    <animation id="mixamorig_RightUpLeg-anim" name="mixamorig_RightUpLeg">
      <source id="mixamorig_RightUpLeg-Matrix-animation-input">
        <float_array id="mixamorig_RightUpLeg-Matrix-animation-input-array" count="17">

0.000000 0.033333 0.066667 0.100000 0.133333 0.166667 0.200000 0.233333 0.266667 0.300000 0.333333 0.366667 0.400000 0.433333 0.466667 0.500000
0.533333</float_array>
        <technique_common>
          <accessor source="#mixamorig_RightUpLeg-Matrix-animation-input-array" count="17">
            <param name="TIME" type="float"/>
          </accessor>
        </technique_common>
      </source>
      <source id="mixamorig_RightUpLeg-Matrix-animation-output-transform">
        <float_array id="mixamorig_RightUpLeg-Matrix-animation-output-transform-array" count="272">

-0.878787 -0.347452 -0.327124 -9.125000 0.238939 -0.913735 0.328629 -6.655600 -0.413087 0.210632 0.885998 -0.055400 0.000000 0.000000 0.000000 1.000000
-0.921814 -0.383317 0.057684 -9.125000 0.219771 -0.394226 0.892349 -6.655600 -0.319312 0.835257 0.447645 -0.055400 0.000000 0.000000 0.000000 1.000000
-0.913867 -0.377873 0.148521 -9.125000 0.210044 -0.126957 0.969414 -6.655600 -0.347459 0.917112 0.195391 -0.055400 0.000000 0.000000 0.000000 1.000000
-0.910369 -0.393350 0.128467 -9.125000 0.187449 -0.115241 0.975491 -6.655600 -0.368905 0.912138 0.178645 -0.055400 0.000000 0.000000 0.000000 1.000000
-0.902722 -0.421270 0.087323 -9.125000 0.174584 -0.173189 0.969291 -6.655600 -0.393210 0.890246 0.229888 -0.055400 0.000000 0.000000 0.000000 1.000000
-0.885360 -0.462989 0.042165 -9.125000 0.194089 -0.285685 0.938463 -6.655600 -0.422453 0.839062 0.342795 -0.055400 0.000000 0.000000 0.000000 1.000000
-0.877567 -0.478961 -0.021733 -9.125000 0.210885 -0.426305 0.879654 -6.655600 -0.430585 0.767372 0.475117 -0.055400 0.000000 0.000000 0.000000 1.000000
-0.873374 -0.480203 -0.081375 -9.125000 0.240074 -0.569820 0.785920 -6.655600 -0.423770 0.666866 0.612951 -0.055400 0.000000 0.000000 0.000000 1.000000
-0.865255 -0.474894 -0.160653 -9.125000 0.264276 -0.704375 0.658798 -6.655600 -0.426019 0.527571 0.734967 -0.055400 0.000000 0.000000 0.000000 1.000000
-0.861169 -0.433198 -0.265948 -9.125000 0.262923 -0.827371 0.496315 -6.655600 -0.435040 0.357487 0.826404 -0.055400 0.000000 0.000000 0.000000 1.000000
-0.913149 -0.342706 -0.220706 -9.125000 0.221200 -0.871395 0.437883 -6.655600 -0.342387 0.351032 0.871520 -0.055400 0.000000 0.000000 0.000000 1.000000
-0.866526 -0.478403 -0.142349 -9.125000 0.318934 -0.750074 0.579370 -6.655600 -0.383945 0.456640 0.802538 -0.055400 0.000000 0.000000 0.000000 1.000000
-0.893957 -0.448144 0.002727 -9.125000 0.284955 -0.563711 0.775262 -6.655600 -0.345892 0.693828 0.631634 -0.055400 0.000000 0.000000 0.000000 1.000000
-0.914478 -0.388022 0.114755 -9.125000 0.251006 -0.321545 0.913020 -6.655600 -0.317373 0.863741 0.391442 -0.055400 0.000000 0.000000 0.000000 1.000000
-0.913453 -0.378242 0.150118 -9.125000 0.197436 -0.089356 0.976235 -6.655600 -0.355839 0.921384 0.156301 -0.055400 0.000000 0.000000 0.000000 1.000000
-0.898550 -0.427443 0.099505 -9.125000 0.091349 0.039606 0.995031 -6.655600 -0.429260 0.903174 0.003459 -0.055400 0.000000 0.000000 0.000000 1.000000
-0.884194 -0.463232 0.060149 -9.125000 0.021472 0.088324 0.995860 -6.655600 -0.466627 0.881825 -0.068149 -0.055400 0.000000 0.000000 0.000000 1.000000</float_array>
        <technique_common>
          <accessor source="#mixamorig_RightUpLeg-Matrix-animation-output-transform-array" count="17" stride="16">
            <param type="float4x4"/>
          </accessor>
        </technique_common>
      </source>
      <source id="mixamorig_RightUpLeg-Interpolations">
        <Name_array id="mixamorig_RightUpLeg-Interpolations-array" count="17">
 LINEAR LINEAR LINEAR LINEAR LINEAR LINEAR LINEAR LINEAR LINEAR LINEAR LINEAR
LINEAR LINEAR LINEAR LINEAR LINEAR LINEAR</Name_array>
        <technique_common>
          <accessor source="#mixamorig_RightUpLeg-Interpolations-array" count="17">
            <param type="name"/>
          </accessor>
        </technique_common>
      </source>
      <sampler id="mixamorig_RightUpLeg-Matrix-animation-transform">
        <input semantic="INPUT" source="#mixamorig_RightUpLeg-Matrix-animation-input"/>
        <input semantic="OUTPUT" source="#mixamorig_RightUpLeg-Matrix-animation-output-transform"/>
        <input semantic="INTERPOLATION" source="#mixamorig_RightUpLeg-Interpolations"/>
      </sampler>
      <channel source="#mixamorig_RightUpLeg-Matrix-animation-transform" target="mixamorig_RightUpLeg/matrix"/>
    </animation>
    <animation id="mixamorig_RightLeg-anim" name="mixamorig_RightLeg">
      <source id="mixamorig_RightLeg-Matrix-animation-input">
        <float_array id="mixamorig_RightLeg-Matrix-animation-input-array" count="17">

0.000000 0.033333 0.066667 0.100000 0.133333 0.166667 0.200000 0.233333 0.266667 0.300000 0.333333 0.366667 0.400000 0.433333 0.466667 0.500000
0.533333</float_array>
        <technique_common>
          <accessor source="#mixamorig_RightLeg-Matrix-animation-input-array" count="17">
            <param name="TIME" type="float"/>
          </accessor>
        </technique_common>
      </source>
      <source id="mixamorig_RightLeg-Matrix-animation-output-transform">
        <float_array id="mixamorig_RightLeg-Matrix-animation-output-transform-array" count="272">

0.996870 0.043025 0.066326 -0.000000 -0.075557 0.765413 0.639088 40.599400 -0.023270 -0.642099 0.766268 0.000000 0.000000 0.000000 0.000000 1.000000
0.985242 0.037039 0.167113 0.000000 -0.170488 0.125375 0.977351 40.599400 0.015248 -0.991418 0.129839 0.000000 0.000000 0.000000 0.000000 1.000000
0.988628 0.028250 0.147707 0.000000 -0.143335 -0.120180 0.982350 40.599400 0.045503 -0.992350 -0.114764 0.000000 0.000000 0.000000 0.000000 1.000000
0.987721 0.026719 0.153929 0.000000 -0.147354 -0.168049 0.974703 40.599400 0.051910 -0.985416 -0.162049 0.000000 0.000000 0.000000 0.000000 1.000000
0.990123 0.026441 0.137684 0.000000 -0.131736 -0.160581 0.978192 40.599400 0.047974 -0.986668 -0.155512 0.000000 0.000000 0.000000 0.000000 1.000000
0.999734 0.010304 0.020619 -0.000000 -0.019460 -0.102093 0.994584 40.599400 0.012353 -0.994721 -0.101865 -0.000000 0.000000 0.000000 0.000000 1.000000
0.999490 0.015158 -0.028093 -0.000000 0.027841 0.016613 0.999474 40.599400 0.015617 -0.999747 0.016183 -0.000000 0.000000 0.000000 0.000000 1.000000
0.998836 0.020639 -0.043608 0.000000 0.038704 0.196830 0.979673 40.599400 0.028803 -0.980220 0.195802 -0.000000 0.000000 0.000000 0.000000 1.000000
0.996601 0.024063 -0.078792 -0.000000 0.060417 0.436736 0.897558 40.599400 0.056009 -0.899268 0.433798 -0.000000 0.000000 0.000000 0.000000 1.000000
0.997271 0.062542 0.039226 0.000000 -0.069997 0.632164 0.771666 40.599400 0.023465 -0.772306 0.634817 0.000000 0.000000 0.000000 0.000000 1.000000
0.950730 0.163747 0.263249 0.000000 -0.306030 0.631501 0.712427 40.599400 -0.049584 -0.757888 0.650498 0.000000 0.000000 0.000000 0.000000 1.000000
0.993277 -0.054132 -0.102330 0.000000 0.115738 0.444810 0.888115 40.599400 -0.002557 -0.893987 0.448085 0.000000 0.000000 0.000000 0.000000 1.000000
0.993591 -0.027042 -0.109752 0.000000 0.110500 0.027914 0.993484 40.599400 -0.023802 -0.999244 0.030724 0.000000 0.000000 0.000000 0.000000 1.000000
0.993639 -0.024354 -0.109944 0.000000 0.093068 -0.372044 0.923538 40.599400 -0.063396 -0.927896 -0.367411 -0.000000 0.000000 0.000000 0.000000 1.000000
0.980809 -0.028079 -0.192939 0.000000 0.133772 -0.622997 0.770701 40.599400 -0.141841 -0.781720 -0.607285 -0.000000 0.000000 0.000000 0.000000 1.000000
0.985593 -0.005351 -0.169048 0.000000 0.112416 -0.726042 0.678399 40.599400 -0.126366 -0.687629 -0.714981 0.000000 0.000000 0.000000 0.000000 1.000000
0.990379 0.010957 -0.137945 0.000000 0.097877 -0.760149 0.642335 40.599400 -0.097821 -0.649657 -0.753908 0.000000 0.000000 0.000000 0.000000 1.000000</float_array>
        <technique_common>
          <accessor source="#mixamorig_RightLeg-Matrix-animation-output-transform-array" count="17" stride="16">
            <param type="float4x4"/>
          </accessor>
        </technique_common>
      </source>
      <source id="mixamorig_RightLeg-Interpolations">
        <Name_array id="mixamorig_RightLeg-Interpolations-array" count="17">
 LINEAR LINEAR LINEAR LINEAR LINEAR LINEAR LINEAR LINEAR LINEAR LINEAR LINEAR
LINEAR LINEAR LINEAR LINEAR LINEAR LINEAR</Name_array>
        <technique_common>
          <accessor source="#mixamorig_RightLeg-Interpolations-array" count="17">
            <param type="name"/>
          </accessor>
        </technique_common>
      </source>
      <sampler id="mixamorig_RightLeg-Matrix-animation-transform">
        <input semantic="INPUT" source="#mixamorig_RightLeg-Matrix-animation-input"/>
        <input semantic="OUTPUT" source="#mixamorig_RightLeg-Matrix-animation-output-transform"/>
        <input semantic="INTERPOLATION" source="#mixamorig_RightLeg-Interpolations"/>
      </sampler>
      <channel source="#mixamorig_RightLeg-Matrix-animation-transform" target="mixamorig_RightLeg/matrix"/>
    </animation>
    <animation id="mixamorig_RightFoot-anim" name="mixamorig_RightFoot">
      <source id="mixamorig_RightFoot-Matrix-animation-input">
        <float_array id="mixamorig_RightFoot-Matrix-animation-input-array" count="17">

0.000000 0.033333 0.066667 0.100000 0.133333 0.166667 0.200000 0.233333 0.266667 0.300000 0.333333 0.366667 0.400000 0.433333 0.466667 0.500000
0.533333</float_array>
        <technique_common>
          <accessor source="#mixamorig_RightFoot-Matrix-animation-input-array" count="17">
            <param name="TIME" type="float"/>
          </accessor>
        </technique_common>
      </source>
      <source id="mixamorig_RightFoot-Matrix-animation-output-transform">
        <float_array id="mixamorig_RightFoot-Matrix-animation-output-transform-array" count="272">

0.990791 -0.086705 0.103997 0.000000 0.120230 0.210132 -0.970252 42.098999 0.062272 0.973821 0.218622 0.000000 0.000000 0.000000 0.000000 1.000000
0.973375 -0.025275 0.227819 0.000000 0.226770 -0.038675 -0.973180 42.098999 0.033408 0.998932 -0.031914 -0.000000 0.000000 0.000000 0.000000 1.000000
0.966593 -0.006039 0.256246 0.000000 0.253982 -0.112082 -0.960693 42.098999 0.034523 0.993681 -0.106804 0.000000 0.000000 0.000000 0.000000 1.000000
0.966717 -0.027756 0.254337 0.000000 0.247886 -0.144437 -0.957962 42.098999 0.063325 0.989125 -0.132749 0.000000 0.000000 0.000000 0.000000 1.000000
0.969508 -0.032888 0.242842 0.000000 0.234163 -0.167871 -0.957594 42.098999 0.072260 0.985260 -0.155051 -0.000000 0.000000 0.000000 0.000000 1.000000
0.991716 -0.015887 0.127460 0.000000 0.121772 -0.199430 -0.972316 42.098999 0.040867 0.979783 -0.195844 -0.000000 0.000000 0.000000 0.000000 1.000000
0.996633 -0.013159 0.080933 0.000000 0.077806 -0.159720 -0.984091 42.098999 0.025876 0.987075 -0.158159 0.000000 0.000000 0.000000 0.000000 1.000000
0.993801 -0.047554 0.100490 -0.000000 0.099638 -0.019965 -0.994823 42.098999 0.049314 0.998669 -0.015103 0.000000 0.000000 0.000000 0.000000 1.000000
0.990963 -0.068903 0.115090 0.000000 0.126523 0.195135 -0.972581 42.098999 0.044556 0.978353 0.202090 0.000000 0.000000 0.000000 0.000000 1.000000
0.978792 -0.085157 0.186316 0.000000 0.192161 0.066496 -0.979108 42.098999 0.070989 0.994146 0.081450 -0.000000 0.000000 0.000000 0.000000 1.000000
0.926418 -0.176901 0.332349 0.000000 0.367994 0.238921 -0.898608 42.098999 0.079559 0.954789 0.286439 0.000000 0.000000 0.000000 0.000000 1.000000
0.987264 -0.132560 0.087958 -0.000000 0.154966 0.676296 -0.720145 42.098999 0.035977 0.724605 0.688225 -0.000000 0.000000 0.000000 0.000000 1.000000
0.981678 -0.148185 0.119788 -0.000000 0.190051 0.716167 -0.671555 42.098999 0.013726 0.682016 0.731208 0.000000 0.000000 0.000000 0.000000 1.000000
0.993690 -0.109052 0.026241 -0.000000 0.095740 0.702749 -0.704966 42.098999 0.058437 0.703030 0.708755 0.000000 0.000000 0.000000 0.000000 1.000000
0.999159 0.019943 -0.035825 0.000000 -0.037760 0.788086 -0.614406 42.098999 0.015980 0.615242 0.788176 0.000000 0.000000 0.000000 0.000000 1.000000
0.987028 0.126323 -0.099090 -0.000000 -0.159849 0.830836 -0.533067 42.098999 0.014989 0.541991 0.840251 -0.000000 0.000000 0.000000 0.000000 1.000000
0.975094 0.173470 -0.138205 -0.000000 -0.220012 0.835345 -0.503778 42.098999 0.028059 0.521638 0.852705 0.000000 0.000000 0.000000 0.000000 1.000000</float_array>
        <technique_common>
          <accessor source="#mixamorig_RightFoot-Matrix-animation-output-transform-array" count="17" stride="16">
            <param type="float4x4"/>
          </accessor>
        </technique_common>
      </source>
      <source id="mixamorig_RightFoot-Interpolations">
        <Name_array id="mixamorig_RightFoot-Interpolations-array" count="17">
 LINEAR LINEAR LINEAR LINEAR LINEAR LINEAR LINEAR LINEAR LINEAR LINEAR LINEAR
LINEAR LINEAR LINEAR LINEAR LINEAR LINEAR</Name_array>
        <technique_common>
          <accessor source="#mixamorig_RightFoot-Interpolations-array" count="17">
            <param type="name"/>
          </accessor>
        </technique_common>
      </source>
      <sampler id="mixamorig_RightFoot-Matrix-animation-transform">
        <input semantic="INPUT" source="#mixamorig_RightFoot-Matrix-animation-input"/>
        <input semantic="OUTPUT" source="#mixamorig_RightFoot-Matrix-animation-output-transform"/>
        <input semantic="INTERPOLATION" source="#mixamorig_RightFoot-Interpolations"/>
      </sampler>
      <channel source="#mixamorig_RightFoot-Matrix-animation-transform" target="mixamorig_RightFoot/matrix"/>
    </animation>
    <animation id="mixamorig_RightToeBase-anim" name="mixamorig_RightToeBase">
      <source id="mixamorig_RightToeBase-Matrix-animation-input">
        <float_array id="mixamorig_RightToeBase-Matrix-animation-input-array" count="17">

0.000000 0.033333 0.066667 0.100000 0.133333 0.166667 0.200000 0.233333 0.266667 0.300000 0.333333 0.366667 0.400000 0.433333 0.466667 0.500000
0.533333</float_array>
        <technique_common>
          <accessor source="#mixamorig_RightToeBase-Matrix-animation-input-array" count="17">
            <param name="TIME" type="float"/>
          </accessor>
        </technique_common>
      </source>
      <source id="mixamorig_RightToeBase-Matrix-animation-output-transform">
        <float_array id="mixamorig_RightToeBase-Matrix-animation-output-transform-array" count="272">

0.992822 -0.055303 0.106049 0.000000 0.094704 0.905044 -0.414640 15.721600 -0.073048 0.421707 0.903785 0.000000 0.000000 0.000000 0.000000 1.000000
0.992247 -0.055611 0.111141 0.000000 0.096830 0.906529 -0.410889 15.721600 -0.077903 0.418466 0.904885 -0.000000 0.000000 0.000000 0.000000 1.000000
0.992236 -0.055616 0.111242 0.000000 0.096872 0.906558 -0.410815 15.721600 -0.078000 0.418401 0.904907 -0.000000 0.000000 0.000000 0.000000 1.000000
0.992255 -0.055605 0.111081 0.000000 0.096804 0.906511 -0.410934 15.721600 -0.077846 0.418504 0.904873 0.000000 0.000000 0.000000 0.000000 1.000000
0.992238 -0.055615 0.111228 0.000000 0.096865 0.906554 -0.410825 15.721600 -0.077986 0.418410 0.904904 -0.000000 0.000000 0.000000 0.000000 1.000000
0.984507 0.030319 0.172706 0.000000 0.040692 0.918545 -0.393217 15.721600 -0.170560 0.394153 0.903080 0.000000 0.000000 0.000000 0.000000 1.000000
0.984983 0.065966 0.159553 0.000000 0.008579 0.904289 -0.426834 15.721600 -0.172439 0.421793 0.890144 -0.000000 0.000000 0.000000 0.000000 1.000000
0.989641 0.078100 0.120458 0.000000 -0.004008 0.853775 -0.520626 15.721600 -0.143505 0.514751 0.845244 0.000000 0.000000 0.000000 0.000000 1.000000
0.990893 0.080461 0.107971 0.000000 0.004016 0.783821 -0.620973 15.721600 -0.134594 0.615752 0.776360 0.000000 0.000000 0.000000 0.000000 1.000000
0.997650 -0.008705 0.067955 0.000000 0.049068 0.783015 -0.620064 15.721600 -0.047812 0.621942 0.781603 -0.000000 0.000000 0.000000 0.000000 1.000000
0.993744 -0.088143 0.068587 0.000000 0.111680 0.789772 -0.603149 15.721600 -0.001004 0.607035 0.794675 -0.000000 0.000000 0.000000 0.000000 1.000000
0.999055 0.017891 0.039599 0.000000 0.034838 0.214875 -0.976020 15.721600 -0.025971 0.976478 0.214048 0.000000 0.000000 0.000000 0.000000 1.000000
0.996243 -0.064500 -0.057796 0.000000 0.035100 0.910780 -0.411396 15.721600 0.079175 0.407822 0.909622 0.000000 0.000000 0.000000 0.000000 1.000000
0.997165 -0.074611 -0.009703 0.000000 0.065644 0.925744 -0.372410 15.721600 0.036769 0.370718 0.928017 0.000000 0.000000 0.000000 0.000000 1.000000
0.995345 -0.061307 0.074357 -0.000000 0.086074 0.912557 -0.399788 15.721600 -0.043345 0.404328 0.913587 -0.000000 0.000000 0.000000 0.000000 1.000000
0.992242 -0.075689 0.098621 0.000000 0.110694 0.898982 -0.423767 15.721600 -0.056585 0.431397 0.900386 0.000000 0.000000 0.000000 0.000000 1.000000
0.991394 -0.081362 0.102559 0.000000 0.117974 0.894844 -0.430506 15.721600 -0.056748 0.438901 0.896742 0.000000 0.000000 0.000000 0.000000 1.000000</float_array>
        <technique_common>
          <accessor source="#mixamorig_RightToeBase-Matrix-animation-output-transform-array" count="17" stride="16">
            <param type="float4x4"/>
          </accessor>
        </technique_common>
      </source>
      <source id="mixamorig_RightToeBase-Interpolations">
        <Name_array id="mixamorig_RightToeBase-Interpolations-array" count="17">
 LINEAR LINEAR LINEAR LINEAR LINEAR LINEAR LINEAR LINEAR LINEAR LINEAR LINEAR
LINEAR LINEAR LINEAR LINEAR LINEAR LINEAR</Name_array>
        <technique_common>
          <accessor source="#mixamorig_RightToeBase-Interpolations-array" count="17">
            <param type="name"/>
          </accessor>
        </technique_common>
      </source>
      <sampler id="mixamorig_RightToeBase-Matrix-animation-transform">
        <input semantic="INPUT" source="#mixamorig_RightToeBase-Matrix-animation-input"/>
        <input semantic="OUTPUT" source="#mixamorig_RightToeBase-Matrix-animation-output-transform"/>
        <input semantic="INTERPOLATION" source="#mixamorig_RightToeBase-Interpolations"/>
      </sampler>
      <channel source="#mixamorig_RightToeBase-Matrix-animation-transform" target="mixamorig_RightToeBase/matrix"/>
    </animation>
  </library_animations>
  <library_visual_scenes>
    <visual_scene id="RootNode" name="RootNode">
      <node id="mixamorig_Hips" name="mixamorig_Hips" sid="mixamorig_Hips" type="JOINT">
        <matrix sid="matrix">0.556052 0.072175 -0.828008 0.111145 0.033053 0.993514 0.108799 93.793549 0.830490 -0.087866 0.550060 -0.261245 0.000000 0.000000 0.000000 1.000000</matrix>
        <node id="mixamorig_Spine" name="mixamorig_Spine" sid="mixamorig_Spine" type="JOINT">
          <matrix sid="matrix">0.999909 -0.012060 0.006100 0.000900 0.011871 0.999475 0.030161 9.923500 -0.006461 -0.030085 0.999526 -1.227300 0.000000 0.000000 0.000000 1.000000</matrix>
          <node id="mixamorig_Spine1" name="mixamorig_Spine1" sid="mixamorig_Spine1" type="JOINT">
            <matrix sid="matrix">0.999824 -0.007536 0.017200 -0.000000 0.008982 0.996288 -0.085607 11.732000 -0.016491 0.085746 0.996181 0.000000 0.000000 0.000000 0.000000 1.000000</matrix>
            <node id="mixamorig_Spine2" name="mixamorig_Spine2" sid="mixamorig_Spine2" type="JOINT">
              <matrix sid="matrix">0.999862 -0.001065 0.016594 0.000000 0.005340 0.965662 -0.259747 13.458800 -0.015747 0.259800 0.965534 -0.000000 0.000000 0.000000 0.000000 1.000000</matrix>
              <node id="mixamorig_Neck" name="mixamorig_Neck" sid="mixamorig_Neck" type="JOINT">
                <matrix sid="matrix">0.995260 0.003543 0.097182 0.000000 0.001303 0.998760 -0.049758 15.027800 -0.097237 0.049649 0.994022 0.877900 0.000000 0.000000 0.000000 1.000000</matrix>
                <node id="mixamorig_Head" name="mixamorig_Head" sid="mixamorig_Head" type="JOINT">
                  <matrix sid="matrix">0.790196 0.101702 0.604357 0.000000 -0.102760 0.994161 -0.032939 10.321800 -0.604178 -0.036075 0.796033 3.142400 0.000000 0.000000 0.000000 1.000000</matrix>
                  <node id="mixamorig_HeadTop_End" name="mixamorig_HeadTop_End" sid="mixamorig_HeadTop_End" type="JOINT">
                    <matrix sid="matrix">1.000000 0.000000 0.000000 0.000200 -0.000000 1.000000 0.000000 18.474701 -0.000000 0.000000 1.000000 6.636400 0.000000 0.000000 0.000000 1.000000</matrix>
                  </node>
                </node>
              </node>
              <node id="mixamorig_LeftShoulder" name="mixamorig_LeftShoulder" sid="mixamorig_LeftShoulder" type="JOINT">
                <matrix sid="matrix">0.227693 0.971481 -0.066191 6.105800 0.171111 -0.106838 -0.979442 9.106300 -0.958581 0.211686 -0.190557 0.757100 0.000000 0.000000 0.000000 1.000000</matrix>
                <node id="mixamorig_LeftArm" name="mixamorig_LeftArm" sid="mixamorig_LeftArm" type="JOINT">
                  <matrix sid="matrix">0.897446 -0.411400 -0.159187 0.000000 0.038866 0.433205 -0.900457 12.922300 0.439408 0.801925 0.404767 0.000000 0.000000 0.000000 0.000000 1.000000</matrix>
                  <node id="mixamorig_LeftForeArm" name="mixamorig_LeftForeArm" sid="mixamorig_LeftForeArm" type="JOINT">
                    <matrix sid="matrix">-0.020372 -0.998091 -0.058309 0.000000 -0.221717 0.061379 -0.973177 27.404699 0.974898 -0.006897 -0.222544 0.000000 0.000000 0.000000 0.000000 1.000000</matrix>
                    <node id="mixamorig_LeftHand" name="mixamorig_LeftHand" sid="mixamorig_LeftHand" type="JOINT">
                      <matrix sid="matrix">0.878291 -0.160656 -0.450327 -0.000000 0.129041 0.986555 -0.100283 27.614500 0.460384 0.029967 0.887214 0.000000 0.000000 0.000000 0.000000 1.000000</matrix>
                      <node id="mixamorig_LeftHandThumb1" name="mixamorig_LeftHandThumb1" sid="mixamorig_LeftHandThumb1" type="JOINT">
                        <matrix sid="matrix">0.947338 -0.310540 -0.078205 -3.003000 0.224662 0.818514 -0.528736 3.788800 0.228206 0.483322 0.845176 2.167100 0.000000 0.000000 0.000000 1.000000</matrix>
                        <node id="mixamorig_LeftHandThumb2" name="mixamorig_LeftHandThumb2" sid="mixamorig_LeftHandThumb2" type="JOINT">
                          <matrix sid="matrix">0.970586 0.240708 0.004723 -0.000000 -0.240708 0.969827 0.038656 4.745000 0.004724 -0.038655 0.999241 -0.000000 0.000000 0.000000 0.000000 1.000000</matrix>
                          <node id="mixamorig_LeftHandThumb3" name="mixamorig_LeftHandThumb3" sid="mixamorig_LeftHandThumb3" type="JOINT">
                            <matrix sid="matrix">0.882545 -0.433165 -0.182979 0.000000 0.458995 0.878109 0.135085 4.382100 0.102162 -0.203206 0.973792 0.000000 0.000000 0.000000 0.000000 1.000000</matrix>
                            <node id="mixamorig_LeftHandThumb4" name="mixamorig_LeftHandThumb4" sid="mixamorig_LeftHandThumb4" type="JOINT">
                              <matrix sid="matrix">0.958041 -0.140321 0.249934 0.000000 0.144918 0.989444 0.000010 3.459100 -0.247297 0.036210 0.968263 -0.000000 0.000000 0.000000 0.000000 1.000000</matrix>
                            </node>
                          </node>
                        </node>
                      </node>
                      <node id="mixamorig_LeftHandIndex1" name="mixamorig_LeftHandIndex1" sid="mixamorig_LeftHandIndex1" type="JOINT">
                        <matrix sid="matrix">0.986094 0.037690 0.161858 -2.822000 0.022509 0.934678 -0.354781 12.266600 -0.164656 0.353491 0.920832 0.231800 0.000000 0.000000 0.000000 1.000000</matrix>
                        <node id="mixamorig_LeftHandIndex2" name="mixamorig_LeftHandIndex2" sid="mixamorig_LeftHandIndex2" type="JOINT">
                          <matrix sid="matrix">0.998733 0.048788 -0.012369 0.000000 -0.048789 0.878044 -0.476086 3.892000 -0.012367 0.476086 0.879312 0.000000 0.000000 0.000000 0.000000 1.000000</matrix>
                          <node id="mixamorig_LeftHandIndex3" name="mixamorig_LeftHandIndex3" sid="mixamorig_LeftHandIndex3" type="JOINT">
                            <matrix sid="matrix">0.998725 0.048933 -0.012447 0.000000 -0.048933 0.877267 -0.477503 3.415200 -0.012446 0.477503 0.878542 -0.000000 0.000000 0.000000 0.000000 1.000000</matrix>
                            <node id="mixamorig_LeftHandIndex4" name="mixamorig_LeftHandIndex4" sid="mixamorig_LeftHandIndex4" type="JOINT">
                              <matrix sid="matrix">0.999968 -0.000045 0.008004 0.000000 0.000045 1.000000 -0.000001 3.078000 -0.008004 0.000002 0.999968 0.000000 0.000000 0.000000 0.000000 1.000000</matrix>
                            </node>
                          </node>
                        </node>
                      </node>
                      <node id="mixamorig_LeftHandMiddle1" name="mixamorig_LeftHandMiddle1" sid="mixamorig_LeftHandMiddle1" type="JOINT">
                        <matrix sid="matrix">0.984145 0.032624 0.174341 0.000000 0.031421 0.935323 -0.352398 12.775500 -0.174561 0.352289 0.919468 0.000000 0.000000 0.000000 0.000000 1.000000</matrix>
                        <node id="mixamorig_LeftHandMiddle2" name="mixamorig_LeftHandMiddle2" sid="mixamorig_LeftHandMiddle2" type="JOINT">
                          <matrix sid="matrix">0.996836 0.073247 -0.030879 0.000000 -0.073247 0.695515 -0.714768 3.614000 -0.030878 0.714768 0.698680 -0.000000 0.000000 0.000000 0.000000 1.000000</matrix>
                          <node id="mixamorig_LeftHandMiddle3" name="mixamorig_LeftHandMiddle3" sid="mixamorig_LeftHandMiddle3" type="JOINT">
                            <matrix sid="matrix">0.997088 0.070763 -0.028412 -0.000000 -0.070763 0.719837 -0.690526 3.459800 -0.028411 0.690526 0.722749 0.000000 0.000000 0.000000 0.000000 1.000000</matrix>
                            <node id="mixamorig_LeftHandMiddle4" name="mixamorig_LeftHandMiddle4" sid="mixamorig_LeftHandMiddle4" type="JOINT">
                              <matrix sid="matrix">0.999957 0.001309 0.009159 0.000000 -0.001309 0.999999 -0.000003 3.680200 -0.009159 -0.000009 0.999958 0.000000 0.000000 0.000000 0.000000 1.000000</matrix>
                            </node>
                          </node>
                        </node>
                      </node>
                      <node id="mixamorig_LeftHandRing1" name="mixamorig_LeftHandRing1" sid="mixamorig_LeftHandRing1" type="JOINT">
                        <matrix sid="matrix">0.999760 0.005520 0.021220 2.216600 0.001287 0.951348 -0.308116 12.147000 -0.021889 0.308070 0.951112 -0.010000 0.000000 0.000000 0.000000 1.000000</matrix>
                        <node id="mixamorig_LeftHandRing2" name="mixamorig_LeftHandRing2" sid="mixamorig_LeftHandRing2" type="JOINT">
                          <matrix sid="matrix">0.993321 0.095213 -0.065178 -0.000000 -0.095214 0.357302 -0.929123 3.601200 -0.065177 0.929123 0.363981 0.000000 0.000000 0.000000 0.000000 1.000000</matrix>
                          <node id="mixamorig_LeftHandRing3" name="mixamorig_LeftHandRing3" sid="mixamorig_LeftHandRing3" type="JOINT">
                            <matrix sid="matrix">0.981672 0.189922 -0.015830 0.000000 -0.167429 0.819761 -0.547686 3.307300 -0.091041 0.540298 0.836534 0.000000 0.000000 0.000000 0.000000 1.000000</matrix>
                            <node id="mixamorig_LeftHandRing4" name="mixamorig_LeftHandRing4" sid="mixamorig_LeftHandRing4" type="JOINT">
                              <matrix sid="matrix">0.999889 -0.001541 0.014793 0.000000 0.001541 0.999999 -0.000005 3.660100 -0.014793 0.000028 0.999891 0.000000 0.000000 0.000000 0.000000 1.000000</matrix>
                            </node>
                          </node>
                        </node>
                      </node>
                      <node id="mixamorig_LeftHandPinky1" name="mixamorig_LeftHandPinky1" sid="mixamorig_LeftHandPinky1" type="JOINT">
                        <matrix sid="matrix">0.990027 0.012009 -0.140366 4.725800 -0.028080 0.993189 -0.113084 10.908200 0.138051 0.115897 0.983621 0.226100 0.000000 0.000000 0.000000 1.000000</matrix>
                        <node id="mixamorig_LeftHandPinky2" name="mixamorig_LeftHandPinky2" sid="mixamorig_LeftHandPinky2" type="JOINT">
                          <matrix sid="matrix">0.996060 0.079914 -0.038449 0.000000 -0.079915 0.620861 -0.779836 4.136700 -0.038448 0.779836 0.624802 0.000000 0.000000 0.000000 0.000000 1.000000</matrix>
                          <node id="mixamorig_LeftHandPinky3" name="mixamorig_LeftHandPinky3" sid="mixamorig_LeftHandPinky3" type="JOINT">
                            <matrix sid="matrix">0.998422 0.054010 -0.015403 0.000000 -0.054010 0.848118 -0.527047 2.594800 -0.015402 0.527047 0.849696 0.000000 0.000000 0.000000 0.000000 1.000000</matrix>
                            <node id="mixamorig_LeftHandPinky4" name="mixamorig_LeftHandPinky4" sid="mixamorig_LeftHandPinky4" type="JOINT">
                              <matrix sid="matrix">0.999966 0.001150 0.008199 0.000000 -0.001150 0.999999 -0.000002 2.923900 -0.008199 -0.000007 0.999966 0.000000 0.000000 0.000000 0.000000 1.000000</matrix>
                            </node>
                          </node>
                        </node>
                      </node>
                    </node>
                  </node>
                </node>
              </node>
              <node id="mixamorig_RightShoulder" name="mixamorig_RightShoulder" sid="mixamorig_RightShoulder" type="JOINT">
                <matrix sid="matrix">0.147086 -0.988995 -0.015946 -6.105700 -0.183740 -0.011478 -0.982908 9.106400 0.971908 0.147502 -0.183406 0.757100 0.000000 0.000000 0.000000 1.000000</matrix>
                <node id="mixamorig_RightArm" name="mixamorig_RightArm" sid="mixamorig_RightArm" type="JOINT">
                  <matrix sid="matrix">0.687145 0.448179 -0.571811 0.000000 -0.723376 0.495200 -0.481149 12.922300 0.067520 0.744253 0.664476 0.000000 0.000000 0.000000 0.000000 1.000000</matrix>
                  <node id="mixamorig_RightForeArm" name="mixamorig_RightForeArm" sid="mixamorig_RightForeArm" type="JOINT">
                    <matrix sid="matrix">-0.157212 0.967120 0.199910 0.000000 -0.894031 -0.053385 -0.444813 27.404699 -0.419515 -0.248656 0.873028 -0.000000 0.000000 0.000000 0.000000 1.000000</matrix>
                    <node id="mixamorig_RightHand" name="mixamorig_RightHand" sid="mixamorig_RightHand" type="JOINT">
                      <matrix sid="matrix">0.910269 0.404843 0.086673 -0.000000 -0.379610 0.899684 -0.215558 27.614500 -0.165245 0.163314 0.972637 0.000000 0.000000 0.000000 0.000000 1.000000</matrix>
                      <node id="mixamorig_RightHandThumb1" name="mixamorig_RightHandThumb1" sid="mixamorig_RightHandThumb1" type="JOINT">
                        <matrix sid="matrix">0.940074 0.284006 -0.188681 3.003000 -0.338515 0.843664 -0.416699 3.788800 0.040838 0.455600 0.889248 2.167100 0.000000 0.000000 0.000000 1.000000</matrix>
                        <node id="mixamorig_RightHandThumb2" name="mixamorig_RightHandThumb2" sid="mixamorig_RightHandThumb2" type="JOINT">
                          <matrix sid="matrix">0.929576 -0.368456 0.011383 0.000000 0.365890 0.925981 0.093189 4.745000 -0.044876 -0.082461 0.995583 0.000000 0.000000 0.000000 0.000000 1.000000</matrix>
                          <node id="mixamorig_RightHandThumb3" name="mixamorig_RightHandThumb3" sid="mixamorig_RightHandThumb3" type="JOINT">
                            <matrix sid="matrix">0.925652 -0.377751 -0.021763 -0.000000 0.359656 0.860530 0.360743 4.382100 -0.117543 -0.341750 0.932411 0.000000 0.000000 0.000000 0.000000 1.000000</matrix>
                            <node id="mixamorig_RightHandThumb4" name="mixamorig_RightHandThumb4" sid="mixamorig_RightHandThumb4" type="JOINT">
                              <matrix sid="matrix">0.957214 0.140745 -0.252850 0.000000 -0.145440 0.989367 0.000124 3.459100 0.250179 0.036655 0.967505 0.000000 0.000000 0.000000 0.000000 1.000000</matrix>
                            </node>
                          </node>
                        </node>
                      </node>
                      <node id="mixamorig_RightHandIndex1" name="mixamorig_RightHandIndex1" sid="mixamorig_RightHandIndex1" type="JOINT">
                        <matrix sid="matrix">0.994803 -0.101771 0.002949 2.822000 0.101624 0.990766 -0.089746 12.266600 0.006212 0.089579 0.995960 0.231800 0.000000 0.000000 0.000000 1.000000</matrix>
                        <node id="mixamorig_RightHandIndex2" name="mixamorig_RightHandIndex2" sid="mixamorig_RightHandIndex2" type="JOINT">
                          <matrix sid="matrix">0.999866 -0.016294 0.001646 -0.000000 0.016294 0.979656 -0.200023 3.892000 0.001647 0.200023 0.979790 0.000000 0.000000 0.000000 0.000000 1.000000</matrix>
                          <node id="mixamorig_RightHandIndex3" name="mixamorig_RightHandIndex3" sid="mixamorig_RightHandIndex3" type="JOINT">
                            <matrix sid="matrix">0.998896 -0.044988 0.013558 0.000000 0.044988 0.832464 -0.552249 3.415200 0.013558 0.552249 0.833569 0.000000 0.000000 0.000000 0.000000 1.000000</matrix>
                            <node id="mixamorig_RightHandIndex4" name="mixamorig_RightHandIndex4" sid="mixamorig_RightHandIndex4" type="JOINT">
                              <matrix sid="matrix">0.999906 -0.002748 -0.013418 0.000000 0.002750 0.999996 0.000127 3.078000 0.013418 -0.000164 0.999910 0.000000 0.000000 0.000000 0.000000 1.000000</matrix>
                            </node>
                          </node>
                        </node>
                      </node>
                      <node id="mixamorig_RightHandMiddle1" name="mixamorig_RightHandMiddle1" sid="mixamorig_RightHandMiddle1" type="JOINT">
                        <matrix sid="matrix">0.975745 -0.210103 -0.061467 0.000000 0.209286 0.977660 -0.019519 12.775500 0.064195 0.006182 0.997918 0.000000 0.000000 0.000000 0.000000 1.000000</matrix>
                        <node id="mixamorig_RightHandMiddle2" name="mixamorig_RightHandMiddle2" sid="mixamorig_RightHandMiddle2" type="JOINT">
                          <matrix sid="matrix">0.991914 -0.079083 0.099257 0.000000 0.079084 -0.226509 -0.970793 3.614000 0.099256 0.970793 -0.218423 0.000000 0.000000 0.000000 0.000000 1.000000</matrix>
                          <node id="mixamorig_RightHandMiddle3" name="mixamorig_RightHandMiddle3" sid="mixamorig_RightHandMiddle3" type="JOINT">
                            <matrix sid="matrix">0.995522 -0.076903 0.054970 -0.000000 0.076904 0.320736 -0.944042 3.459800 0.054969 0.944042 0.325213 0.000000 0.000000 0.000000 0.000000 1.000000</matrix>
                            <node id="mixamorig_RightHandMiddle4" name="mixamorig_RightHandMiddle4" sid="mixamorig_RightHandMiddle4" type="JOINT">
                              <matrix sid="matrix">0.999905 0.003417 -0.013389 0.000000 -0.003415 0.999994 0.000126 3.680200 0.013390 -0.000080 0.999910 -0.000000 0.000000 0.000000 0.000000 1.000000</matrix>
                            </node>
                          </node>
                        </node>
                      </node>
                      <node id="mixamorig_RightHandRing1" name="mixamorig_RightHandRing1" sid="mixamorig_RightHandRing1" type="JOINT">
                        <matrix sid="matrix">0.953947 -0.177116 0.242106 -2.216600 0.218550 0.963196 -0.156492 12.147000 -0.205478 0.202197 0.957546 -0.010000 0.000000 0.000000 0.000000 1.000000</matrix>
                        <node id="mixamorig_RightHandRing2" name="mixamorig_RightHandRing2" sid="mixamorig_RightHandRing2" type="JOINT">
                          <matrix sid="matrix">0.990709 -0.074079 0.114050 0.000000 0.074082 -0.409310 -0.909383 3.601200 0.114048 0.909383 -0.400019 -0.000000 0.000000 0.000000 0.000000 1.000000</matrix>
                          <node id="mixamorig_RightHandRing3" name="mixamorig_RightHandRing3" sid="mixamorig_RightHandRing3" type="JOINT">
                            <matrix sid="matrix">0.994682 -0.079662 0.065285 -0.000000 0.079663 0.193281 -0.977904 3.307300 0.065284 0.977904 0.198599 0.000000 0.000000 0.000000 0.000000 1.000000</matrix>
                            <node id="mixamorig_RightHandRing4" name="mixamorig_RightHandRing4" sid="mixamorig_RightHandRing4" type="JOINT">
                              <matrix sid="matrix">0.999884 0.000602 -0.015226 0.000000 -0.000600 1.000000 0.000128 3.660100 0.015226 -0.000119 0.999884 -0.000000 0.000000 0.000000 0.000000 1.000000</matrix>
                            </node>
                          </node>
                        </node>
                      </node>
                      <node id="mixamorig_RightHandPinky1" name="mixamorig_RightHandPinky1" sid="mixamorig_RightHandPinky1" type="JOINT">
                        <matrix sid="matrix">0.937053 -0.155752 0.312526 -4.725800 0.182181 0.981609 -0.057037 10.908200 -0.297895 0.110383 0.948195 0.226100 0.000000 0.000000 0.000000 1.000000</matrix>
                        <node id="mixamorig_RightHandPinky2" name="mixamorig_RightHandPinky2" sid="mixamorig_RightHandPinky2" type="JOINT">
                          <matrix sid="matrix">0.992932 -0.080982 0.086760 -0.000000 0.080983 -0.072094 -0.994105 4.136700 0.086759 0.994105 -0.065027 -0.000000 0.000000 0.000000 0.000000 1.000000</matrix>
                          <node id="mixamorig_RightHandPinky3" name="mixamorig_RightHandPinky3" sid="mixamorig_RightHandPinky3" type="JOINT">
                            <matrix sid="matrix">0.994834 -0.079269 0.063415 0.000000 0.079270 0.216380 -0.973086 2.594800 0.063414 0.973086 0.221545 0.000000 0.000000 0.000000 0.000000 1.000000</matrix>
                            <node id="mixamorig_RightHandPinky4" name="mixamorig_RightHandPinky4" sid="mixamorig_RightHandPinky4" type="JOINT">
                              <matrix sid="matrix">0.999846 -0.004410 -0.016998 -0.000000 0.004413 0.999990 0.000127 2.923900 0.016997 -0.000202 0.999856 0.000000 0.000000 0.000000 0.000000 1.000000</matrix>
                            </node>
                          </node>
                        </node>
                      </node>
                    </node>
                  </node>
                </node>
              </node>
            </node>
          </node>
        </node>
        <node id="mixamorig_LeftUpLeg" name="mixamorig_LeftUpLeg" sid="mixamorig_LeftUpLeg" type="JOINT">
          <matrix sid="matrix">-0.937291 0.261126 0.230867 9.123900 -0.166795 -0.917632 0.360737 -6.657200 0.306049 0.299608 0.903642 -0.055400 0.000000 0.000000 0.000000 1.000000</matrix>
          <node id="mixamorig_LeftLeg" name="mixamorig_LeftLeg" sid="mixamorig_LeftLeg" type="JOINT">
            <matrix sid="matrix">0.967185 0.021126 -0.253193 0.000000 0.109390 0.864818 0.490024 40.599400 0.229318 -0.501640 0.834128 0.000000 0.000000 0.000000 0.000000 1.000000</matrix>
            <node id="mixamorig_LeftFoot" name="mixamorig_LeftFoot" sid="mixamorig_LeftFoot" type="JOINT">
              <matrix sid="matrix">0.995433 0.040466 -0.086459 0.000000 -0.095376 0.459459 -0.883064 42.098999 0.003990 0.887277 0.461220 0.000000 0.000000 0.000000 0.000000 1.000000</matrix>
              <node id="mixamorig_LeftToeBase" name="mixamorig_LeftToeBase" sid="mixamorig_LeftToeBase" type="JOINT">
                <matrix sid="matrix">0.997710 0.013117 -0.066345 -0.000000 -0.041380 0.894351 -0.445448 15.721600 0.053493 0.447173 0.892846 0.000000 0.000000 0.000000 0.000000 1.000000</matrix>
                <node id="mixamorig_LeftToe_End" name="mixamorig_LeftToe_End" sid="mixamorig_LeftToe_End" type="JOINT">
                  <matrix sid="matrix">1.000000 -0.000000 -0.000000 0.000000 0.000000 1.000000 -0.000000 10.000000 0.000000 0.000000 1.000000 0.000000 0.000000 0.000000 0.000000 1.000000</matrix>
                </node>
              </node>
            </node>
          </node>
        </node>
        <node id="mixamorig_RightUpLeg" name="mixamorig_RightUpLeg" sid="mixamorig_RightUpLeg" type="JOINT">
          <matrix sid="matrix">-0.878787 -0.347452 -0.327124 -9.125000 0.238939 -0.913735 0.328629 -6.655600 -0.413087 0.210632 0.885998 -0.055400 0.000000 0.000000 0.000000 1.000000</matrix>
          <node id="mixamorig_RightLeg" name="mixamorig_RightLeg" sid="mixamorig_RightLeg" type="JOINT">
            <matrix sid="matrix">0.996870 0.043025 0.066326 -0.000000 -0.075557 0.765413 0.639088 40.599400 -0.023270 -0.642099 0.766268 0.000000 0.000000 0.000000 0.000000 1.000000</matrix>
            <node id="mixamorig_RightFoot" name="mixamorig_RightFoot" sid="mixamorig_RightFoot" type="JOINT">
              <matrix sid="matrix">0.990791 -0.086705 0.103997 0.000000 0.120230 0.210132 -0.970252 42.098999 0.062272 0.973821 0.218622 0.000000 0.000000 0.000000 0.000000 1.000000</matrix>
              <node id="mixamorig_RightToeBase" name="mixamorig_RightToeBase" sid="mixamorig_RightToeBase" type="JOINT">
                <matrix sid="matrix">0.992822 -0.055303 0.106049 0.000000 0.094704 0.905044 -0.414640 15.721600 -0.073048 0.421707 0.903785 0.000000 0.000000 0.000000 0.000000 1.000000</matrix>
                <node id="mixamorig_RightToe_End" name="mixamorig_RightToe_End" sid="mixamorig_RightToe_End" type="JOINT">
                  <matrix sid="matrix">1.000000 0.000000 0.000000 -0.000000 -0.000000 1.000000 0.000000 10.000000 0.000000 0.000000 1.000000 0.000000 0.000000 0.000000 0.000000 1.000000</matrix>
                </node>
              </node>
            </node>
          </node>
        </node>
      </node>
    </visual_scene>
  </library_visual_scenes>
  <scene>
    <instance_visual_scene url="#RootNode"/>
  </scene>
</COLLADA>
