<?xml version="1.0" encoding="utf-8"?>
<COLLADA xmlns="http://www.collada.org/2005/11/COLLADASchema" version="1.4.1">
  <asset>
    <contributor>
      <author>Mixamo</author>
      <authoring_tool>COLLADA Mixamo exporter</authoring_tool>
      <comments/>
    </contributor>
    <created>2026-05-22T19:46:16Z</created>
    <modified>2026-05-22T19:46:16Z</modified>
    <revision/>
    <title/>
    <unit meter="0.010000"/>
    <up_axis>Y_UP</up_axis>
  </asset>
  <library_animations>
    <animation id="mixamorig_Hips-anim" name="mixamorig_Hips">
      <source id="mixamorig_Hips-Matrix-animation-input">
        <float_array id="mixamorig_Hips-Matrix-animation-input-array" count="21">

0.000000 0.033333 0.066667 0.100000 0.133333 0.166667 0.200000 0.233333 0.266667 0.300000 0.333333 0.366667 0.400000 0.433333 0.466667 0.500000
0.533333 0.566667 0.600000 0.633333 0.666667</float_array>
        <technique_common>
          <accessor source="#mixamorig_Hips-Matrix-animation-input-array" count="21">
            <param name="TIME" type="float"/>
          </accessor>
        </technique_common>
      </source>
      <source id="mixamorig_Hips-Matrix-animation-output-transform">
        <float_array id="mixamorig_Hips-Matrix-animation-output-transform-array" count="336">

0.595431 -0.019587 -0.803167 -0.499555 0.032940 0.999457 0.000046 93.726219 0.802731 -0.026484 0.595753 0.158158 0.000000 0.000000 0.000000 1.000000
0.595589 -0.019365 -0.803056 -0.518648 0.033186 0.999449 0.000512 93.778893 0.802604 -0.026955 0.595903 0.151789 0.000000 0.000000 0.000000 1.000000
0.598871 -0.019404 -0.800610 -0.644939 0.041954 0.999094 0.007167 93.747444 0.799746 -0.037881 0.599143 0.075970 0.000000 0.000000 0.000000 1.000000
0.607178 -0.019473 -0.794327 -0.981444 0.051863 0.998539 0.015164 93.522339 0.792871 -0.050403 0.607301 -0.001550 0.000000 0.000000 0.000000 1.000000
0.621446 -0.019242 -0.783221 -1.388294 0.061242 0.997832 0.024078 93.367615 0.781060 -0.062929 0.621277 -0.087711 0.000000 0.000000 0.000000 1.000000
0.650715 -0.019033 -0.759083 -1.794771 0.069781 0.996954 0.034822 93.303711 0.756109 -0.075629 0.650061 -0.171779 0.000000 0.000000 0.000000 1.000000
0.676258 -0.020773 -0.736372 -2.145665 0.076218 0.996211 0.041893 93.303986 0.732711 -0.084455 0.675279 -0.204577 0.000000 0.000000 0.000000 1.000000
0.661646 -0.026904 -0.749333 -2.398693 0.083431 0.995792 0.037916 93.319962 0.745160 -0.087605 0.661107 -0.167225 0.000000 0.000000 0.000000 1.000000
0.612699 -0.036950 -0.789452 -2.433366 0.088694 0.995811 0.022227 93.529053 0.785323 -0.083638 0.613410 0.145576 0.000000 0.000000 0.000000 1.000000
0.578152 -0.055530 -0.814038 -2.243819 0.092310 0.995728 -0.002363 93.788879 0.810691 -0.073778 0.580807 0.206707 0.000000 0.000000 0.000000 1.000000
0.563381 -0.085282 -0.821784 -1.910174 0.091475 0.994982 -0.040544 91.673622 0.821118 -0.052331 0.568355 -0.024213 0.000000 0.000000 0.000000 1.000000
0.566064 -0.122684 -0.815181 -1.555353 0.084695 0.992286 -0.090526 86.844879 0.819999 -0.017798 0.572088 -0.365538 0.000000 0.000000 0.000000 1.000000
0.578355 -0.189206 -0.793540 -1.043102 0.077269 0.981064 -0.177602 81.412987 0.812117 0.041401 0.582024 -1.129175 0.000000 0.000000 0.000000 1.000000
0.584271 -0.257493 -0.769626 -0.530263 0.076597 0.961594 -0.263570 78.295181 0.807935 0.095045 0.581555 -2.058446 0.000000 0.000000 0.000000 1.000000
0.576145 -0.315891 -0.753837 -0.038393 0.082827 0.940113 -0.330646 76.589478 0.813140 0.128062 0.567806 -2.972468 0.000000 0.000000 0.000000 1.000000
0.562582 -0.349669 -0.749155 0.353170 0.099619 0.928223 -0.358440 76.495956 0.820718 0.127022 0.557035 -3.687074 0.000000 0.000000 0.000000 1.000000
0.550025 -0.355902 -0.755517 0.545874 0.118500 0.928756 -0.351240 77.852570 0.826698 0.103662 0.553014 -3.935203 0.000000 0.000000 0.000000 1.000000
0.547488 -0.302699 -0.780148 0.511580 0.115862 0.950724 -0.287574 80.613434 0.828754 0.067054 0.555582 -3.583719 0.000000 0.000000 0.000000 1.000000
0.552034 -0.193977 -0.810944 0.375380 0.093698 0.980835 -0.170832 84.550171 0.828540 0.018321 0.559630 -2.869502 0.000000 0.000000 0.000000 1.000000
0.556194 -0.058639 -0.828981 0.258695 0.062484 0.997635 -0.028647 89.157059 0.828700 -0.035865 0.558543 -1.712755 0.000000 0.000000 0.000000 1.000000
0.556052 0.072187 -0.828007 0.111118 0.033024 0.993516 0.108794 93.791313 0.830491 -0.087839 0.550063 -0.261168 0.000000 0.000000 0.000000 1.000000</float_array>
        <technique_common>
          <accessor source="#mixamorig_Hips-Matrix-animation-output-transform-array" count="21" stride="16">
            <param type="float4x4"/>
          </accessor>
        </technique_common>
      </source>
      <source id="mixamorig_Hips-Interpolations">
        <Name_array id="mixamorig_Hips-Interpolations-array" count="21">
 LINEAR LINEAR LINEAR LINEAR LINEAR LINEAR LINEAR LINEAR LINEAR LINEAR LINEAR
LINEAR LINEAR LINEAR LINEAR LINEAR LINEAR LINEAR LINEAR LINEAR LINEAR</Name_array>
        <technique_common>
          <accessor source="#mixamorig_Hips-Interpolations-array" count="21">
            <param type="name"/>
          </accessor>
        </technique_common>
      </source>
      <sampler id="mixamorig_Hips-Matrix-animation-transform">
        <input semantic="INPUT" source="#mixamorig_Hips-Matrix-animation-input"/>
        <input semantic="OUTPUT" source="#mixamorig_Hips-Matrix-animation-output-transform"/>
        <input semantic="INTERPOLATION" source="#mixamorig_Hips-Interpolations"/>
      </sampler>
      <channel source="#mixamorig_Hips-Matrix-animation-transform" target="mixamorig_Hips/matrix"/>
    </animation>
    <animation id="mixamorig_Spine-anim" name="mixamorig_Spine">
      <source id="mixamorig_Spine-Matrix-animation-input">
        <float_array id="mixamorig_Spine-Matrix-animation-input-array" count="21">

0.000000 0.033333 0.066667 0.100000 0.133333 0.166667 0.200000 0.233333 0.266667 0.300000 0.333333 0.366667 0.400000 0.433333 0.466667 0.500000
0.533333 0.566667 0.600000 0.633333 0.666667</float_array>
        <technique_common>
          <accessor source="#mixamorig_Spine-Matrix-animation-input-array" count="21">
            <param name="TIME" type="float"/>
          </accessor>
        </technique_common>
      </source>
      <source id="mixamorig_Spine-Matrix-animation-output-transform">
        <float_array id="mixamorig_Spine-Matrix-animation-output-transform-array" count="336">

0.999949 0.006959 -0.007286 0.000900 -0.008060 0.986417 -0.164060 9.923500 0.006046 0.164110 0.986423 -1.227300 0.000000 0.000000 0.000000 1.000000
0.999942 0.007099 -0.008067 0.000900 -0.008177 0.989735 -0.142677 9.923500 0.006972 0.142735 0.989736 -1.227300 0.000000 0.000000 0.000000 1.000000
0.999940 0.007151 -0.008356 0.000900 -0.008090 0.992939 -0.118348 9.923500 0.007450 0.118408 0.992937 -1.227300 0.000000 0.000000 0.000000 1.000000
0.999966 0.006067 -0.005672 0.000900 -0.006578 0.995462 -0.094933 9.923500 0.005071 0.094967 0.995468 -1.227300 0.000000 0.000000 0.000000 1.000000
1.000000 -0.000195 -0.000933 0.000900 0.000125 0.997287 -0.073609 9.923500 0.000945 0.073609 0.997287 -1.227300 0.000000 0.000000 0.000000 1.000000
0.999962 -0.006031 0.006281 0.000900 0.006377 0.998378 -0.056579 9.923500 -0.005930 0.056617 0.998378 -1.227300 0.000000 0.000000 0.000000 1.000000
0.999877 -0.006548 0.014223 0.000900 0.007180 0.998967 -0.044880 9.923500 -0.013915 0.044977 0.998891 -1.227300 0.000000 0.000000 0.000000 1.000000
0.999813 0.002702 0.019167 0.000900 -0.002144 0.999575 -0.029063 9.923500 -0.019238 0.029016 0.999394 -1.227300 0.000000 0.000000 0.000000 1.000000
0.999666 0.014945 0.021073 0.000900 -0.014762 0.999852 -0.008811 9.923500 -0.021202 0.008497 0.999739 -1.227300 0.000000 0.000000 0.000000 1.000000
0.999282 0.030962 0.021843 0.000900 -0.031181 0.999466 0.009747 9.923500 -0.021529 -0.010421 0.999714 -1.227300 0.000000 0.000000 0.000000 1.000000
0.998287 0.054694 0.020790 0.000900 -0.055361 0.997920 0.033015 9.923500 -0.018941 -0.034110 0.999239 -1.227300 0.000000 0.000000 0.000000 1.000000
0.996255 0.083696 0.021688 0.000900 -0.084891 0.994474 0.061773 9.923500 -0.016398 -0.063383 0.997855 -1.227300 0.000000 0.000000 0.000000 1.000000
0.989900 0.138962 0.028078 0.000900 -0.141218 0.983975 0.108858 9.923500 -0.012501 -0.111724 0.993661 -1.227300 0.000000 0.000000 0.000000 1.000000
0.979878 0.195289 0.041245 0.000900 -0.199319 0.968297 0.150575 9.923500 -0.010532 -0.155766 0.987738 -1.227300 0.000000 0.000000 0.000000 1.000000
0.969568 0.238131 0.056850 0.000900 -0.244615 0.951822 0.184929 9.923500 -0.010074 -0.193208 0.981106 -1.227300 0.000000 0.000000 0.000000 1.000000
0.964635 0.255135 0.066215 0.000900 -0.263402 0.942475 0.205815 9.923500 -0.009895 -0.215978 0.976348 -1.227300 0.000000 0.000000 0.000000 1.000000
0.959703 0.270194 0.077231 0.000900 -0.280968 0.927639 0.246055 9.923500 -0.005160 -0.257839 0.966174 -1.227300 0.000000 0.000000 0.000000 1.000000
0.960218 0.267271 0.080914 0.000900 -0.279250 0.918311 0.280579 9.923500 0.000686 -0.292012 0.956414 -1.227300 0.000000 0.000000 0.000000 1.000000
0.973556 0.219362 0.063783 0.000900 -0.228443 0.936446 0.266239 9.923500 -0.001326 -0.273769 0.961795 -1.227300 0.000000 0.000000 0.000000 1.000000
0.991765 0.124088 0.031687 0.000900 -0.127810 0.974716 0.183285 9.923500 -0.008143 -0.185826 0.982549 -1.227300 0.000000 0.000000 0.000000 1.000000
0.999913 -0.011017 0.007197 0.000900 0.010800 0.999504 0.029570 9.923500 -0.007519 -0.029490 0.999537 -1.227300 0.000000 0.000000 0.000000 1.000000</float_array>
        <technique_common>
          <accessor source="#mixamorig_Spine-Matrix-animation-output-transform-array" count="21" stride="16">
            <param type="float4x4"/>
          </accessor>
        </technique_common>
      </source>
      <source id="mixamorig_Spine-Interpolations">
        <Name_array id="mixamorig_Spine-Interpolations-array" count="21">
 LINEAR LINEAR LINEAR LINEAR LINEAR LINEAR LINEAR LINEAR LINEAR LINEAR LINEAR
LINEAR LINEAR LINEAR LINEAR LINEAR LINEAR LINEAR LINEAR LINEAR LINEAR</Name_array>
        <technique_common>
          <accessor source="#mixamorig_Spine-Interpolations-array" count="21">
            <param type="name"/>
          </accessor>
        </technique_common>
      </source>
      <sampler id="mixamorig_Spine-Matrix-animation-transform">
        <input semantic="INPUT" source="#mixamorig_Spine-Matrix-animation-input"/>
        <input semantic="OUTPUT" source="#mixamorig_Spine-Matrix-animation-output-transform"/>
        <input semantic="INTERPOLATION" source="#mixamorig_Spine-Interpolations"/>
      </sampler>
      <channel source="#mixamorig_Spine-Matrix-animation-transform" target="mixamorig_Spine/matrix"/>
    </animation>
    <animation id="mixamorig_Spine1-anim" name="mixamorig_Spine1">
      <source id="mixamorig_Spine1-Matrix-animation-input">
        <float_array id="mixamorig_Spine1-Matrix-animation-input-array" count="21">

0.000000 0.033333 0.066667 0.100000 0.133333 0.166667 0.200000 0.233333 0.266667 0.300000 0.333333 0.366667 0.400000 0.433333 0.466667 0.500000
0.533333 0.566667 0.600000 0.633333 0.666667</float_array>
        <technique_common>
          <accessor source="#mixamorig_Spine1-Matrix-animation-input-array" count="21">
            <param name="TIME" type="float"/>
          </accessor>
        </technique_common>
      </source>
      <source id="mixamorig_Spine1-Matrix-animation-output-transform">
        <float_array id="mixamorig_Spine1-Matrix-animation-output-transform-array" count="336">

0.999870 -0.007775 -0.014117 0.000000 0.006544 0.996344 -0.085186 11.732000 0.014727 0.085082 0.996265 0.000000 0.000000 0.000000 0.000000 1.000000
0.999818 -0.007785 -0.017410 0.000000 0.006281 0.996376 -0.084830 11.732000 0.018007 0.084705 0.996243 0.000000 0.000000 0.000000 0.000000 1.000000
0.999736 -0.007826 -0.021585 0.000000 0.005978 0.996414 -0.084398 11.732000 0.022168 0.084247 0.996198 -0.000000 0.000000 0.000000 0.000000 1.000000
0.999753 -0.007787 -0.020817 0.000000 0.006010 0.996440 -0.084090 11.732000 0.021398 0.083944 0.996241 0.000000 0.000000 0.000000 0.000000 1.000000
0.999827 -0.007779 -0.016906 -0.000000 0.006331 0.996439 -0.084078 11.732000 0.017500 0.083957 0.996316 0.000000 0.000000 0.000000 0.000000 1.000000
0.999925 -0.007802 -0.009455 0.000000 0.006978 0.996418 -0.084279 11.732000 0.010078 0.084206 0.996397 -0.000000 0.000000 0.000000 0.000000 1.000000
0.999968 -0.007840 -0.001377 0.000000 0.007696 0.996387 -0.084579 11.732000 0.002035 0.084566 0.996416 -0.000000 0.000000 0.000000 0.000000 1.000000
0.999932 -0.011655 0.000689 -0.000000 0.011670 0.995984 -0.088762 11.732000 0.000349 0.088764 0.996053 0.000000 0.000000 0.000000 0.000000 1.000000
0.999828 -0.018273 -0.003064 -0.000000 0.017888 0.995086 -0.097382 11.732000 0.004828 0.097310 0.995242 0.000000 0.000000 0.000000 0.000000 1.000000
0.999671 -0.025104 -0.005205 0.000000 0.024398 0.993887 -0.107676 11.732000 0.007876 0.107513 0.994172 -0.000000 0.000000 0.000000 0.000000 1.000000
0.999373 -0.035036 -0.005174 0.000000 0.034140 0.991890 -0.122432 11.732000 0.009422 0.122179 0.992463 -0.000000 0.000000 0.000000 0.000000 1.000000
0.998806 -0.048790 -0.002579 0.000000 0.047940 0.988863 -0.140894 11.732000 0.009424 0.140602 0.990021 0.000000 0.000000 0.000000 0.000000 1.000000
0.997158 -0.075222 0.004171 0.000000 0.074816 0.982222 -0.172173 11.732000 0.008854 0.171996 0.985058 0.000000 0.000000 0.000000 0.000000 1.000000
0.994706 -0.102147 0.011210 0.000000 0.102321 0.974477 -0.199811 11.732000 0.009486 0.199900 0.979770 0.000000 0.000000 0.000000 0.000000 1.000000
0.992218 -0.123701 0.014199 -0.000000 0.123759 0.967242 -0.221647 11.732000 0.013684 0.221680 0.975024 0.000000 0.000000 0.000000 0.000000 1.000000
0.991173 -0.131854 0.013780 0.000000 0.131444 0.963893 -0.231586 11.732000 0.017253 0.231353 0.972717 -0.000000 0.000000 0.000000 0.000000 1.000000
0.990088 -0.139527 0.016087 0.000000 0.139189 0.959401 -0.245309 11.732000 0.018794 0.245117 0.969311 0.000000 0.000000 0.000000 0.000000 1.000000
0.990221 -0.137755 0.022044 0.000000 0.138842 0.957708 -0.252030 11.732000 0.013607 0.252626 0.967468 -0.000000 0.000000 0.000000 0.000000 1.000000
0.993153 -0.114274 0.024258 -0.000000 0.116783 0.965956 -0.230848 11.732000 0.002948 0.232100 0.972687 0.000000 0.000000 0.000000 0.000000 1.000000
0.997311 -0.070090 0.021402 0.000000 0.072758 0.981925 -0.174730 11.732000 -0.008768 0.175817 0.984384 -0.000000 0.000000 0.000000 0.000000 1.000000
0.999795 -0.007533 0.018771 0.000000 0.009115 0.996282 -0.085670 11.732000 -0.018056 0.085824 0.996147 0.000000 0.000000 0.000000 0.000000 1.000000</float_array>
        <technique_common>
          <accessor source="#mixamorig_Spine1-Matrix-animation-output-transform-array" count="21" stride="16">
            <param type="float4x4"/>
          </accessor>
        </technique_common>
      </source>
      <source id="mixamorig_Spine1-Interpolations">
        <Name_array id="mixamorig_Spine1-Interpolations-array" count="21">
 LINEAR LINEAR LINEAR LINEAR LINEAR LINEAR LINEAR LINEAR LINEAR LINEAR LINEAR
LINEAR LINEAR LINEAR LINEAR LINEAR LINEAR LINEAR LINEAR LINEAR LINEAR</Name_array>
        <technique_common>
          <accessor source="#mixamorig_Spine1-Interpolations-array" count="21">
            <param type="name"/>
          </accessor>
        </technique_common>
      </source>
      <sampler id="mixamorig_Spine1-Matrix-animation-transform">
        <input semantic="INPUT" source="#mixamorig_Spine1-Matrix-animation-input"/>
        <input semantic="OUTPUT" source="#mixamorig_Spine1-Matrix-animation-output-transform"/>
        <input semantic="INTERPOLATION" source="#mixamorig_Spine1-Interpolations"/>
      </sampler>
      <channel source="#mixamorig_Spine1-Matrix-animation-transform" target="mixamorig_Spine1/matrix"/>
    </animation>
    <animation id="mixamorig_Spine2-anim" name="mixamorig_Spine2">
      <source id="mixamorig_Spine2-Matrix-animation-input">
        <float_array id="mixamorig_Spine2-Matrix-animation-input-array" count="21">

0.000000 0.033333 0.066667 0.100000 0.133333 0.166667 0.200000 0.233333 0.266667 0.300000 0.333333 0.366667 0.400000 0.433333 0.466667 0.500000
0.533333 0.566667 0.600000 0.633333 0.666667</float_array>
        <technique_common>
          <accessor source="#mixamorig_Spine2-Matrix-animation-input-array" count="21">
            <param name="TIME" type="float"/>
          </accessor>
        </technique_common>
      </source>
      <source id="mixamorig_Spine2-Matrix-animation-output-transform">
        <float_array id="mixamorig_Spine2-Matrix-animation-output-transform-array" count="336">

0.999865 -0.009128 -0.013648 0.000000 0.005280 0.965820 -0.259161 13.458800 0.015547 0.259054 0.965738 -0.000000 0.000000 0.000000 0.000000 1.000000
0.999809 -0.009926 -0.016843 0.000000 0.005230 0.965915 -0.258805 13.458800 0.018838 0.258668 0.965783 -0.000000 0.000000 0.000000 0.000000 1.000000
0.999722 -0.010974 -0.020888 0.000000 0.005206 0.966032 -0.258372 13.458800 0.023014 0.258191 0.965820 0.000000 0.000000 0.000000 0.000000 1.000000
0.999739 -0.010750 -0.020153 0.000000 0.005186 0.966111 -0.258075 13.458800 0.022245 0.257903 0.965915 0.000000 0.000000 0.000000 0.000000 1.000000
0.999818 -0.009793 -0.016361 0.000000 0.005240 0.966110 -0.258077 13.458800 0.018334 0.257944 0.965986 -0.000000 0.000000 0.000000 0.000000 1.000000
0.999926 -0.008009 -0.009131 -0.000000 0.005379 0.966049 -0.258302 13.458800 0.010890 0.258234 0.966021 0.000000 0.000000 0.000000 0.000000 1.000000
0.999981 -0.006072 -0.001292 0.000000 0.005531 0.965960 -0.258632 13.458800 0.002819 0.258620 0.965975 0.000000 0.000000 0.000000 0.000000 1.000000
0.999956 -0.009242 0.001660 -0.000000 0.009354 0.964834 -0.262694 13.458800 0.000826 0.262698 0.964878 0.000000 0.000000 0.000000 0.000000 1.000000
0.999864 -0.016504 -0.000349 -0.000000 0.015792 0.962438 -0.271041 13.458800 0.004809 0.270998 0.962568 0.000000 0.000000 0.000000 0.000000 1.000000
0.999722 -0.023551 -0.000762 -0.000000 0.022388 0.959443 -0.281012 13.458800 0.007350 0.280917 0.959704 0.000000 0.000000 0.000000 0.000000 1.000000
0.999451 -0.033077 0.001707 0.000000 0.032107 0.954883 -0.295241 13.458800 0.008136 0.295134 0.955421 0.000000 0.000000 0.000000 0.000000 1.000000
0.998923 -0.045768 0.007658 0.000000 0.045865 0.948686 -0.312876 13.458800 0.007054 0.312891 0.949763 -0.000000 0.000000 0.000000 0.000000 1.000000
0.997329 -0.069979 0.020932 -0.000000 0.072913 0.936777 -0.342247 13.458800 0.004342 0.342859 0.939377 -0.000000 0.000000 0.000000 0.000000 1.000000
0.994895 -0.094751 0.034721 0.000000 0.100875 0.924501 -0.367590 13.458800 0.002729 0.369216 0.929340 0.000000 0.000000 0.000000 0.000000 1.000000
0.992436 -0.114947 0.043110 0.000000 0.122657 0.913645 -0.387567 13.458800 0.005162 0.389923 0.920833 -0.000000 0.000000 0.000000 0.000000 1.000000
0.991433 -0.122741 0.044674 0.000000 0.130365 0.908572 -0.396864 13.458800 0.008122 0.399288 0.916790 0.000000 0.000000 0.000000 0.000000 1.000000
0.990338 -0.129785 0.048859 -0.000000 0.138380 0.901808 -0.409382 13.458800 0.009070 0.412188 0.911054 0.000000 0.000000 0.000000 0.000000 1.000000
0.990329 -0.127604 0.054455 0.000000 0.138681 0.899200 -0.414979 13.458800 0.003987 0.418518 0.908200 -0.000000 0.000000 0.000000 0.000000 1.000000
0.993172 -0.104985 0.050875 0.000000 0.116562 0.911099 -0.395363 13.458800 -0.004845 0.398593 0.917115 0.000000 0.000000 0.000000 0.000000 1.000000
0.997381 -0.062274 0.036784 0.000000 0.071141 0.936379 -0.343705 13.458800 -0.013039 0.345421 0.938357 0.000000 0.000000 0.000000 0.000000 1.000000
0.999836 -0.000686 0.018079 0.000000 0.005361 0.965643 -0.259818 13.458800 -0.017280 0.259872 0.965488 0.000000 0.000000 0.000000 0.000000 1.000000</float_array>
        <technique_common>
          <accessor source="#mixamorig_Spine2-Matrix-animation-output-transform-array" count="21" stride="16">
            <param type="float4x4"/>
          </accessor>
        </technique_common>
      </source>
      <source id="mixamorig_Spine2-Interpolations">
        <Name_array id="mixamorig_Spine2-Interpolations-array" count="21">
 LINEAR LINEAR LINEAR LINEAR LINEAR LINEAR LINEAR LINEAR LINEAR LINEAR LINEAR
LINEAR LINEAR LINEAR LINEAR LINEAR LINEAR LINEAR LINEAR LINEAR LINEAR</Name_array>
        <technique_common>
          <accessor source="#mixamorig_Spine2-Interpolations-array" count="21">
            <param type="name"/>
          </accessor>
        </technique_common>
      </source>
      <sampler id="mixamorig_Spine2-Matrix-animation-transform">
        <input semantic="INPUT" source="#mixamorig_Spine2-Matrix-animation-input"/>
        <input semantic="OUTPUT" source="#mixamorig_Spine2-Matrix-animation-output-transform"/>
        <input semantic="INTERPOLATION" source="#mixamorig_Spine2-Interpolations"/>
      </sampler>
      <channel source="#mixamorig_Spine2-Matrix-animation-transform" target="mixamorig_Spine2/matrix"/>
    </animation>
    <animation id="mixamorig_Neck-anim" name="mixamorig_Neck">
      <source id="mixamorig_Neck-Matrix-animation-input">
        <float_array id="mixamorig_Neck-Matrix-animation-input-array" count="21">

0.000000 0.033333 0.066667 0.100000 0.133333 0.166667 0.200000 0.233333 0.266667 0.300000 0.333333 0.366667 0.400000 0.433333 0.466667 0.500000
0.533333 0.566667 0.600000 0.633333 0.666667</float_array>
        <technique_common>
          <accessor source="#mixamorig_Neck-Matrix-animation-input-array" count="21">
            <param name="TIME" type="float"/>
          </accessor>
        </technique_common>
      </source>
      <source id="mixamorig_Neck-Matrix-animation-output-transform">
        <float_array id="mixamorig_Neck-Matrix-animation-output-transform-array" count="336">

0.996585 0.034295 0.075110 0.000000 -0.035233 0.999316 0.011205 15.027800 -0.074674 -0.013813 0.997112 0.877900 0.000000 0.000000 0.000000 1.000000
0.996580 0.034292 0.075176 0.000000 -0.035316 0.999300 0.012333 15.027800 -0.074700 -0.014946 0.997094 0.877900 0.000000 0.000000 0.000000 1.000000
0.996565 0.034304 0.075375 0.000000 -0.035573 0.999246 0.015564 15.027800 -0.074784 -0.018192 0.997034 0.877900 0.000000 0.000000 0.000000 1.000000
0.996540 0.034321 0.075692 0.000000 -0.035973 0.999141 0.020569 15.027800 -0.074921 -0.023221 0.996919 0.877900 0.000000 0.000000 0.000000 1.000000
0.996507 0.034333 0.076128 -0.000000 -0.036488 0.998967 0.027101 15.027800 -0.075119 -0.029784 0.996730 0.877900 0.000000 0.000000 0.000000 1.000000
0.996465 0.034336 0.076670 -0.000000 -0.037094 0.998705 0.034830 15.027800 -0.075375 -0.037551 0.996448 0.877900 0.000000 0.000000 0.000000 1.000000
0.996416 0.034329 0.077311 -0.000000 -0.037769 0.998340 0.043491 15.027800 -0.075690 -0.046255 0.996058 0.877900 0.000000 0.000000 0.000000 1.000000
0.996360 0.034297 0.078044 -0.000000 -0.038483 0.997864 0.052779 15.027800 -0.076067 -0.055590 0.995552 0.877900 0.000000 0.000000 0.000000 1.000000
0.996297 0.034245 0.078861 -0.000000 -0.039219 0.997280 0.062412 15.027800 -0.076509 -0.065273 0.994930 0.877900 0.000000 0.000000 0.000000 1.000000
0.996230 0.034155 0.079748 0.000000 -0.039938 0.996599 0.072082 15.027800 -0.077015 -0.074995 0.994205 0.877900 0.000000 0.000000 0.000000 1.000000
0.996157 0.034030 0.080700 0.000000 -0.040623 0.995843 0.081520 15.027800 -0.077590 -0.084485 0.993399 0.877900 0.000000 0.000000 0.000000 1.000000
0.996082 0.033836 0.081705 0.000000 -0.041217 0.995051 0.090412 15.027800 -0.078241 -0.093425 0.992547 0.877900 0.000000 0.000000 0.000000 1.000000
0.995967 0.033404 0.083274 0.000000 -0.041875 0.993888 0.102145 15.027800 -0.079353 -0.105220 0.991278 0.877900 0.000000 0.000000 0.000000 1.000000
0.995853 0.032749 0.084880 -0.000000 -0.042116 0.992923 0.111037 15.027800 -0.080643 -0.114151 0.990185 0.877900 0.000000 0.000000 0.000000 1.000000
0.995748 0.031789 0.086462 0.000000 -0.041768 0.992350 0.116173 15.027800 -0.082108 -0.119291 0.989458 0.877900 0.000000 0.000000 0.000000 1.000000
0.995658 0.030100 0.088086 0.000000 -0.040093 0.992674 0.113973 15.027800 -0.084010 -0.117010 0.989571 0.877900 0.000000 0.000000 0.000000 1.000000
0.995572 0.025410 0.090499 -0.000000 -0.033423 0.995545 0.088168 15.027800 -0.087855 -0.090803 0.991986 0.877900 0.000000 0.000000 0.000000 1.000000
0.995480 0.018662 0.093120 0.000000 -0.023074 0.998650 0.046531 15.027800 -0.092126 -0.048469 0.994567 0.877900 0.000000 0.000000 0.000000 1.000000
0.995382 0.011545 0.095299 0.000000 -0.011720 0.999931 0.001275 15.027800 -0.095278 -0.002386 0.995448 0.877900 0.000000 0.000000 0.000000 1.000000
0.995297 0.005875 0.096694 0.000000 -0.002506 0.999387 -0.034932 15.027800 -0.096840 0.034525 0.994701 0.877900 0.000000 0.000000 0.000000 1.000000
0.995268 0.003228 0.097112 0.000000 0.001609 0.998763 -0.049690 15.027800 -0.097153 0.049611 0.994032 0.877900 0.000000 0.000000 0.000000 1.000000</float_array>
        <technique_common>
          <accessor source="#mixamorig_Neck-Matrix-animation-output-transform-array" count="21" stride="16">
            <param type="float4x4"/>
          </accessor>
        </technique_common>
      </source>
      <source id="mixamorig_Neck-Interpolations">
        <Name_array id="mixamorig_Neck-Interpolations-array" count="21">
 LINEAR LINEAR LINEAR LINEAR LINEAR LINEAR LINEAR LINEAR LINEAR LINEAR LINEAR
LINEAR LINEAR LINEAR LINEAR LINEAR LINEAR LINEAR LINEAR LINEAR LINEAR</Name_array>
        <technique_common>
          <accessor source="#mixamorig_Neck-Interpolations-array" count="21">
            <param type="name"/>
          </accessor>
        </technique_common>
      </source>
      <sampler id="mixamorig_Neck-Matrix-animation-transform">
        <input semantic="INPUT" source="#mixamorig_Neck-Matrix-animation-input"/>
        <input semantic="OUTPUT" source="#mixamorig_Neck-Matrix-animation-output-transform"/>
        <input semantic="INTERPOLATION" source="#mixamorig_Neck-Interpolations"/>
      </sampler>
      <channel source="#mixamorig_Neck-Matrix-animation-transform" target="mixamorig_Neck/matrix"/>
    </animation>
    <animation id="mixamorig_Head-anim" name="mixamorig_Head">
      <source id="mixamorig_Head-Matrix-animation-input">
        <float_array id="mixamorig_Head-Matrix-animation-input-array" count="21">

0.000000 0.033333 0.066667 0.100000 0.133333 0.166667 0.200000 0.233333 0.266667 0.300000 0.333333 0.366667 0.400000 0.433333 0.466667 0.500000
0.533333 0.566667 0.600000 0.633333 0.666667</float_array>
        <technique_common>
          <accessor source="#mixamorig_Head-Matrix-animation-input-array" count="21">
            <param name="TIME" type="float"/>
          </accessor>
        </technique_common>
      </source>
      <source id="mixamorig_Head-Matrix-animation-output-transform">
        <float_array id="mixamorig_Head-Matrix-animation-output-transform-array" count="336">

0.911467 0.008832 0.411279 -0.000000 -0.009339 0.999956 -0.000777 10.321800 -0.411268 -0.003132 0.911509 3.142400 0.000000 0.000000 0.000000 1.000000
0.910941 0.009643 0.412423 0.000000 -0.011393 0.999934 0.001783 10.321800 -0.412378 -0.006322 0.910991 3.142400 0.000000 0.000000 0.000000 1.000000
0.909420 0.011931 0.415707 -0.000000 -0.017221 0.999811 0.008979 10.321800 -0.415522 -0.015325 0.909454 3.142400 0.000000 0.000000 0.000000 1.000000
0.906980 0.015539 0.420887 -0.000000 -0.026476 0.999446 0.020154 10.321800 -0.420341 -0.029423 0.906889 3.142400 0.000000 0.000000 0.000000 1.000000
0.903682 0.020288 0.427722 0.000000 -0.038786 0.998649 0.034577 10.321800 -0.426443 -0.047836 0.903249 3.142400 0.000000 0.000000 0.000000 1.000000
0.899577 0.026010 0.435987 -0.000000 -0.053804 0.997221 0.051523 10.321800 -0.433436 -0.069806 0.898477 3.142400 0.000000 0.000000 0.000000 1.000000
0.894736 0.032520 0.445410 0.000000 -0.071135 0.994990 0.070250 10.321800 -0.440894 -0.094540 0.892566 3.142400 0.000000 0.000000 0.000000 1.000000
0.889215 0.039652 0.455768 0.000000 -0.090383 0.991827 0.090051 10.321800 -0.448472 -0.121269 0.885532 3.142400 0.000000 0.000000 0.000000 1.000000
0.883098 0.047225 0.466805 0.000000 -0.111085 0.987679 0.110230 10.321800 -0.455848 -0.149199 0.877464 3.142400 0.000000 0.000000 0.000000 1.000000
0.876482 0.055062 0.478276 0.000000 -0.132735 0.982572 0.130128 10.321800 -0.462776 -0.177539 0.868515 3.142400 0.000000 0.000000 0.000000 1.000000
0.869461 0.062980 0.489971 0.000000 -0.154785 0.976627 0.149136 10.321800 -0.469126 -0.205508 0.858887 3.142400 0.000000 0.000000 0.000000 1.000000
0.862096 0.071367 0.501694 0.000000 -0.177887 0.969649 0.167741 10.321800 -0.474496 -0.233854 0.848626 3.142400 0.000000 0.000000 0.000000 1.000000
0.850407 0.086881 0.518902 -0.000000 -0.217072 0.956353 0.195625 10.321800 -0.479257 -0.279000 0.832149 3.142400 0.000000 0.000000 0.000000 1.000000
0.838534 0.104051 0.534821 0.000000 -0.256965 0.941094 0.219797 10.321800 -0.480447 -0.321738 0.815877 3.142400 0.000000 0.000000 0.000000 1.000000
0.827287 0.120696 0.548661 0.000000 -0.292692 0.926223 0.237576 10.321800 -0.479508 -0.357132 0.801579 3.142400 0.000000 0.000000 0.000000 1.000000
0.817340 0.134270 0.560291 0.000000 -0.316908 0.916914 0.242566 10.321800 -0.481169 -0.375820 0.791982 3.142400 0.000000 0.000000 0.000000 1.000000
0.808088 0.139629 0.572274 0.000000 -0.308114 0.928197 0.208605 10.321800 -0.502056 -0.344896 0.793087 3.142400 0.000000 0.000000 0.000000 1.000000
0.800331 0.136185 0.583887 0.000000 -0.268959 0.951924 0.146637 10.321800 -0.535846 -0.274399 0.798482 3.142400 0.000000 0.000000 0.000000 1.000000
0.794729 0.124906 0.593973 0.000000 -0.207693 0.975485 0.072758 10.321800 -0.570324 -0.181187 0.801188 3.142400 0.000000 0.000000 0.000000 1.000000
0.791260 0.111147 0.601294 0.000000 -0.141882 0.989877 0.003730 10.321800 -0.594792 -0.088264 0.799019 3.142400 0.000000 0.000000 0.000000 1.000000
0.790140 0.101784 0.604415 0.000000 -0.102795 0.994154 -0.033036 10.321800 -0.604244 -0.036028 0.795984 3.142400 0.000000 0.000000 0.000000 1.000000</float_array>
        <technique_common>
          <accessor source="#mixamorig_Head-Matrix-animation-output-transform-array" count="21" stride="16">
            <param type="float4x4"/>
          </accessor>
        </technique_common>
      </source>
      <source id="mixamorig_Head-Interpolations">
        <Name_array id="mixamorig_Head-Interpolations-array" count="21">
 LINEAR LINEAR LINEAR LINEAR LINEAR LINEAR LINEAR LINEAR LINEAR LINEAR LINEAR
LINEAR LINEAR LINEAR LINEAR LINEAR LINEAR LINEAR LINEAR LINEAR LINEAR</Name_array>
        <technique_common>
          <accessor source="#mixamorig_Head-Interpolations-array" count="21">
            <param type="name"/>
          </accessor>
        </technique_common>
      </source>
      <sampler id="mixamorig_Head-Matrix-animation-transform">
        <input semantic="INPUT" source="#mixamorig_Head-Matrix-animation-input"/>
        <input semantic="OUTPUT" source="#mixamorig_Head-Matrix-animation-output-transform"/>
        <input semantic="INTERPOLATION" source="#mixamorig_Head-Interpolations"/>
      </sampler>
      <channel source="#mixamorig_Head-Matrix-animation-transform" target="mixamorig_Head/matrix"/>
    </animation>
    <animation id="mixamorig_LeftShoulder-anim" name="mixamorig_LeftShoulder">
      <source id="mixamorig_LeftShoulder-Matrix-animation-input">
        <float_array id="mixamorig_LeftShoulder-Matrix-animation-input-array" count="21">

0.000000 0.033333 0.066667 0.100000 0.133333 0.166667 0.200000 0.233333 0.266667 0.300000 0.333333 0.366667 0.400000 0.433333 0.466667 0.500000
0.533333 0.566667 0.600000 0.633333 0.666667</float_array>
        <technique_common>
          <accessor source="#mixamorig_LeftShoulder-Matrix-animation-input-array" count="21">
            <param name="TIME" type="float"/>
          </accessor>
        </technique_common>
      </source>
      <source id="mixamorig_LeftShoulder-Matrix-animation-output-transform">
        <float_array id="mixamorig_LeftShoulder-Matrix-animation-output-transform-array" count="336">

0.145045 0.988590 -0.040643 6.105800 -0.095303 -0.026927 -0.995084 9.106300 -0.984824 0.148205 0.090310 0.757100 0.000000 0.000000 0.000000 1.000000
0.159376 0.986536 -0.036676 6.105800 -0.072777 -0.025309 -0.997027 9.106300 -0.984532 0.161572 0.067763 0.757100 0.000000 0.000000 0.000000 1.000000
0.174665 0.984116 -0.031735 6.105800 -0.048513 -0.023590 -0.998544 9.106300 -0.983432 0.175950 0.043622 0.757100 0.000000 0.000000 0.000000 1.000000
0.190323 0.981382 -0.025829 6.105800 -0.023117 -0.021823 -0.999495 9.106300 -0.981449 0.190823 0.018534 0.757100 0.000000 0.000000 0.000000 1.000000
0.208288 0.977882 -0.019050 6.105800 0.002552 -0.020021 -0.999796 9.106300 -0.978064 0.208197 -0.006665 0.757100 0.000000 0.000000 0.000000 1.000000
0.222017 0.974940 -0.014132 6.105800 0.027995 -0.020862 -0.999390 9.106300 -0.974641 0.221486 -0.031925 0.757100 0.000000 0.000000 0.000000 1.000000
0.238356 0.970941 -0.021427 6.105800 0.050191 -0.034349 -0.998149 9.106300 -0.969880 0.236839 -0.056920 0.757100 0.000000 0.000000 0.000000 1.000000
0.256691 0.965981 -0.031462 6.105800 0.069797 -0.050996 -0.996257 9.106300 -0.963970 0.253534 -0.080513 0.757100 0.000000 0.000000 0.000000 1.000000
0.272271 0.961185 -0.044629 6.105800 0.086593 -0.070669 -0.993734 9.106300 -0.958316 0.266701 -0.102473 0.757100 0.000000 0.000000 0.000000 1.000000
0.288014 0.955660 -0.061340 6.105800 0.099476 -0.093565 -0.990631 9.106300 -0.952445 0.279214 -0.122013 0.757100 0.000000 0.000000 0.000000 1.000000
0.304096 0.949095 -0.082126 6.105800 0.107619 -0.119883 -0.986938 9.106300 -0.946543 0.291285 -0.138597 0.757100 0.000000 0.000000 0.000000 1.000000
0.319340 0.941595 -0.106866 6.105800 0.110764 -0.149085 -0.982601 9.106300 -0.941145 0.301947 -0.151904 0.757100 0.000000 0.000000 0.000000 1.000000
0.339132 0.929779 -0.143184 6.105800 0.109796 -0.190283 -0.975570 9.106300 -0.934310 0.315126 -0.166617 0.757100 0.000000 0.000000 0.000000 1.000000
0.353139 0.919716 -0.171508 6.105800 0.105845 -0.221417 -0.969418 9.106300 -0.929564 0.324186 -0.175538 0.757100 0.000000 0.000000 0.000000 1.000000
0.359340 0.914699 -0.184936 6.105800 0.103022 -0.235844 -0.966315 9.106300 -0.927503 0.328183 -0.178983 0.757100 0.000000 0.000000 0.000000 1.000000
0.354538 0.917324 -0.181163 6.105800 0.105736 -0.231838 -0.966991 9.106300 -0.929044 0.323680 -0.179189 0.757100 0.000000 0.000000 0.000000 1.000000
0.338323 0.926174 -0.166550 6.105800 0.115904 -0.216651 -0.969344 9.106300 -0.933865 0.308648 -0.180645 0.757100 0.000000 0.000000 0.000000 1.000000
0.313959 0.938416 -0.144239 6.105800 0.130764 -0.193212 -0.972404 9.106300 -0.940389 0.286434 -0.183372 0.757100 0.000000 0.000000 0.000000 1.000000
0.284860 0.951323 -0.117639 6.105800 0.146708 -0.164546 -0.975398 9.106300 -0.947276 0.260594 -0.186439 0.757100 0.000000 0.000000 0.000000 1.000000
0.254884 0.962740 -0.090366 6.105800 0.160785 -0.134348 -0.977803 9.106300 -0.953511 0.234696 -0.189037 0.757100 0.000000 0.000000 0.000000 1.000000
0.224978 0.972819 -0.054851 6.105800 0.172316 -0.095131 -0.980437 9.106300 -0.959006 0.211125 -0.189034 0.757100 0.000000 0.000000 0.000000 1.000000</float_array>
        <technique_common>
          <accessor source="#mixamorig_LeftShoulder-Matrix-animation-output-transform-array" count="21" stride="16">
            <param type="float4x4"/>
          </accessor>
        </technique_common>
      </source>
      <source id="mixamorig_LeftShoulder-Interpolations">
        <Name_array id="mixamorig_LeftShoulder-Interpolations-array" count="21">
 LINEAR LINEAR LINEAR LINEAR LINEAR LINEAR LINEAR LINEAR LINEAR LINEAR LINEAR
LINEAR LINEAR LINEAR LINEAR LINEAR LINEAR LINEAR LINEAR LINEAR LINEAR</Name_array>
        <technique_common>
          <accessor source="#mixamorig_LeftShoulder-Interpolations-array" count="21">
            <param type="name"/>
          </accessor>
        </technique_common>
      </source>
      <sampler id="mixamorig_LeftShoulder-Matrix-animation-transform">
        <input semantic="INPUT" source="#mixamorig_LeftShoulder-Matrix-animation-input"/>
        <input semantic="OUTPUT" source="#mixamorig_LeftShoulder-Matrix-animation-output-transform"/>
        <input semantic="INTERPOLATION" source="#mixamorig_LeftShoulder-Interpolations"/>
      </sampler>
      <channel source="#mixamorig_LeftShoulder-Matrix-animation-transform" target="mixamorig_LeftShoulder/matrix"/>
    </animation>
    <animation id="mixamorig_LeftArm-anim" name="mixamorig_LeftArm">
      <source id="mixamorig_LeftArm-Matrix-animation-input">
        <float_array id="mixamorig_LeftArm-Matrix-animation-input-array" count="21">

0.000000 0.033333 0.066667 0.100000 0.133333 0.166667 0.200000 0.233333 0.266667 0.300000 0.333333 0.366667 0.400000 0.433333 0.466667 0.500000
0.533333 0.566667 0.600000 0.633333 0.666667</float_array>
        <technique_common>
          <accessor source="#mixamorig_LeftArm-Matrix-animation-input-array" count="21">
            <param name="TIME" type="float"/>
          </accessor>
        </technique_common>
      </source>
      <source id="mixamorig_LeftArm-Matrix-animation-output-transform">
        <float_array id="mixamorig_LeftArm-Matrix-animation-output-transform-array" count="336">

0.766613 -0.422420 -0.483597 -0.000000 -0.266496 0.475898 -0.838153 12.922300 0.584195 0.771416 0.252256 0.000000 0.000000 0.000000 0.000000 1.000000
0.746640 -0.431837 -0.506010 -0.000000 -0.275629 0.491466 -0.826129 12.922300 0.605440 0.756292 0.247921 0.000000 0.000000 0.000000 0.000000 1.000000
0.721199 -0.451653 -0.525244 0.000000 -0.275011 0.509240 -0.815502 12.922300 0.635799 0.732588 0.243054 0.000000 0.000000 0.000000 0.000000 1.000000
0.722022 -0.471528 -0.506306 0.000000 -0.250288 0.504220 -0.826510 12.922300 0.645012 0.723480 0.246040 0.000000 0.000000 0.000000 0.000000 1.000000
0.736824 -0.491876 -0.463841 0.000000 -0.211123 0.484361 -0.849012 12.922300 0.642275 0.723500 0.253043 0.000000 0.000000 0.000000 0.000000 1.000000
0.751753 -0.537457 -0.382109 0.000000 -0.130433 0.446808 -0.885070 12.922300 0.646417 0.715194 0.265788 0.000000 0.000000 0.000000 0.000000 1.000000
0.758384 -0.575466 -0.306092 0.000000 -0.048008 0.419014 -0.906710 12.922300 0.650038 0.702329 0.290146 0.000000 0.000000 0.000000 0.000000 1.000000
0.773268 -0.556997 -0.303003 -0.000000 -0.047393 0.425756 -0.903596 12.922300 0.632306 0.713082 0.302826 0.000000 0.000000 0.000000 0.000000 1.000000
0.787132 -0.499380 -0.361998 0.000000 -0.114396 0.458528 -0.881287 12.922300 0.606083 0.735100 0.303795 -0.000000 0.000000 0.000000 0.000000 1.000000
0.784849 -0.465583 -0.408955 0.000000 -0.159305 0.486170 -0.859221 12.922300 0.598860 0.739507 0.307401 -0.000000 0.000000 0.000000 0.000000 1.000000
0.770973 -0.460728 -0.439693 0.000000 -0.174647 0.510984 -0.841662 12.922300 0.612453 0.725689 0.313490 0.000000 0.000000 0.000000 0.000000 1.000000
0.751636 -0.482297 -0.449926 0.000000 -0.158310 0.530286 -0.832907 12.922300 0.640298 0.697271 0.322230 0.000000 0.000000 0.000000 0.000000 1.000000
0.721670 -0.530999 -0.444110 0.000000 -0.109094 0.546299 -0.830455 12.922300 0.683587 0.647764 0.336319 0.000000 0.000000 0.000000 0.000000 1.000000
0.695215 -0.577715 -0.427694 -0.000000 -0.057883 0.548082 -0.834419 12.922300 0.716468 0.604857 0.347595 0.000000 0.000000 0.000000 0.000000 1.000000
0.671545 -0.605312 -0.427346 0.000000 -0.034887 0.550275 -0.834255 12.922300 0.740142 0.575148 0.348417 -0.000000 0.000000 0.000000 0.000000 1.000000
0.675323 -0.596561 -0.433652 0.000000 -0.044076 0.554289 -0.831157 12.922300 0.736204 0.580413 0.348030 0.000000 0.000000 0.000000 0.000000 1.000000
0.695868 -0.595424 -0.401544 0.000000 -0.023607 0.539855 -0.841427 12.922300 0.717781 0.595002 0.361612 0.000000 0.000000 0.000000 0.000000 1.000000
0.725925 -0.604806 -0.327479 0.000000 0.033074 0.506290 -0.861729 12.922300 0.686978 0.614720 0.387532 0.000000 0.000000 0.000000 0.000000 1.000000
0.768015 -0.589892 -0.249362 0.000000 0.075214 0.469751 -0.879589 12.922300 0.636000 0.656782 0.405144 0.000000 0.000000 0.000000 0.000000 1.000000
0.828723 -0.527744 -0.186290 0.000000 0.080742 0.442124 -0.893313 12.922300 0.553803 0.725268 0.409009 -0.000000 0.000000 0.000000 0.000000 1.000000
0.897887 -0.414330 -0.148762 0.000000 0.047954 0.427964 -0.902523 12.922300 0.437607 0.803229 0.404132 0.000000 0.000000 0.000000 0.000000 1.000000</float_array>
        <technique_common>
          <accessor source="#mixamorig_LeftArm-Matrix-animation-output-transform-array" count="21" stride="16">
            <param type="float4x4"/>
          </accessor>
        </technique_common>
      </source>
      <source id="mixamorig_LeftArm-Interpolations">
        <Name_array id="mixamorig_LeftArm-Interpolations-array" count="21">
 LINEAR LINEAR LINEAR LINEAR LINEAR LINEAR LINEAR LINEAR LINEAR LINEAR LINEAR
LINEAR LINEAR LINEAR LINEAR LINEAR LINEAR LINEAR LINEAR LINEAR LINEAR</Name_array>
        <technique_common>
          <accessor source="#mixamorig_LeftArm-Interpolations-array" count="21">
            <param type="name"/>
          </accessor>
        </technique_common>
      </source>
      <sampler id="mixamorig_LeftArm-Matrix-animation-transform">
        <input semantic="INPUT" source="#mixamorig_LeftArm-Matrix-animation-input"/>
        <input semantic="OUTPUT" source="#mixamorig_LeftArm-Matrix-animation-output-transform"/>
        <input semantic="INTERPOLATION" source="#mixamorig_LeftArm-Interpolations"/>
      </sampler>
      <channel source="#mixamorig_LeftArm-Matrix-animation-transform" target="mixamorig_LeftArm/matrix"/>
    </animation>
    <animation id="mixamorig_LeftForeArm-anim" name="mixamorig_LeftForeArm">
      <source id="mixamorig_LeftForeArm-Matrix-animation-input">
        <float_array id="mixamorig_LeftForeArm-Matrix-animation-input-array" count="21">

0.000000 0.033333 0.066667 0.100000 0.133333 0.166667 0.200000 0.233333 0.266667 0.300000 0.333333 0.366667 0.400000 0.433333 0.466667 0.500000
0.533333 0.566667 0.600000 0.633333 0.666667</float_array>
        <technique_common>
          <accessor source="#mixamorig_LeftForeArm-Matrix-animation-input-array" count="21">
            <param name="TIME" type="float"/>
          </accessor>
        </technique_common>
      </source>
      <source id="mixamorig_LeftForeArm-Matrix-animation-output-transform">
        <float_array id="mixamorig_LeftForeArm-Matrix-animation-output-transform-array" count="336">

0.100680 -0.992560 0.068477 0.000000 -0.076747 -0.076370 -0.994121 27.404699 0.991954 0.094833 -0.083865 0.000000 0.000000 0.000000 0.000000 1.000000
0.100291 -0.992630 0.068027 0.000000 -0.078601 -0.076062 -0.994000 27.404699 0.991849 0.094343 -0.085650 0.000000 0.000000 0.000000 0.000000 1.000000
0.096788 -0.992323 0.076982 -0.000000 -0.045366 -0.081663 -0.995627 27.404699 0.994271 0.092873 -0.052922 0.000000 0.000000 0.000000 0.000000 1.000000
0.096703 -0.993657 0.057390 0.000000 -0.093426 -0.066468 -0.993405 27.404699 0.990919 0.090703 -0.099261 0.000000 0.000000 0.000000 0.000000 1.000000
0.091243 -0.995399 0.029235 -0.000000 -0.100128 -0.038379 -0.994234 27.404699 0.990782 0.087789 -0.103169 0.000000 0.000000 0.000000 0.000000 1.000000
0.081645 -0.996303 -0.026726 -0.000000 -0.109568 0.017681 -0.993822 27.404699 0.990621 0.084069 -0.107719 -0.000000 0.000000 0.000000 0.000000 1.000000
0.070984 -0.994437 -0.077820 0.000000 -0.118970 0.069020 -0.990496 27.404699 0.990357 0.079568 -0.113409 -0.000000 0.000000 0.000000 0.000000 1.000000
0.065098 -0.994289 -0.084569 0.000000 -0.121379 0.076230 -0.989675 27.404699 0.990469 0.074691 -0.115724 0.000000 0.000000 0.000000 0.000000 1.000000
0.061605 -0.996015 -0.064484 -0.000000 -0.132438 0.055878 -0.989615 27.404699 0.989275 0.069506 -0.128468 0.000000 0.000000 0.000000 0.000000 1.000000
0.059870 -0.997092 -0.047140 0.000000 -0.092055 0.041508 -0.994888 27.404699 0.993952 0.063903 -0.089302 0.000000 0.000000 0.000000 0.000000 1.000000
0.056143 -0.998230 -0.019602 0.000000 -0.115204 0.013025 -0.993256 27.404699 0.991754 0.058022 -0.114269 0.000000 0.000000 0.000000 0.000000 1.000000
0.053097 -0.998514 0.012302 0.000000 -0.081588 -0.016616 -0.996528 27.404699 0.995251 0.051909 -0.082349 0.000000 0.000000 0.000000 0.000000 1.000000
0.047370 -0.998435 0.029725 0.000000 -0.144590 -0.036299 -0.988826 27.404699 0.988357 0.042543 -0.146083 0.000000 0.000000 0.000000 0.000000 1.000000
0.032667 -0.999448 -0.006013 0.000000 -0.170285 0.000362 -0.985395 27.404699 0.984853 0.033213 -0.170179 0.000000 0.000000 0.000000 0.000000 1.000000
0.013933 -0.998661 -0.049818 0.000000 -0.213362 0.045706 -0.975903 27.404699 0.976874 0.024226 -0.212440 0.000000 0.000000 0.000000 0.000000 1.000000
0.018541 -0.999788 0.008947 0.000000 -0.236021 -0.013072 -0.971660 27.404699 0.971571 0.015904 -0.236214 0.000000 0.000000 0.000000 0.000000 1.000000
0.019245 -0.998908 0.042582 0.000000 -0.239655 -0.045958 -0.969770 27.404699 0.970667 0.008458 -0.240278 0.000000 0.000000 0.000000 0.000000 1.000000
0.005934 -0.999866 0.015234 0.000000 -0.236320 -0.016205 -0.971540 27.404699 0.971657 0.002165 -0.236385 0.000000 0.000000 0.000000 0.000000 1.000000
-0.012387 -0.999311 -0.034985 0.000000 -0.264247 0.037016 -0.963744 27.404699 0.964375 -0.002694 -0.264523 0.000000 0.000000 0.000000 0.000000 1.000000
-0.016206 -0.997908 -0.062578 -0.000000 -0.162352 0.064382 -0.984630 27.404699 0.986600 -0.005797 -0.163056 0.000000 0.000000 0.000000 0.000000 1.000000
-0.021589 -0.997800 -0.062683 0.000000 -0.226901 0.065952 -0.971682 27.404699 0.973679 -0.006755 -0.227825 0.000000 0.000000 0.000000 0.000000 1.000000</float_array>
        <technique_common>
          <accessor source="#mixamorig_LeftForeArm-Matrix-animation-output-transform-array" count="21" stride="16">
            <param type="float4x4"/>
          </accessor>
        </technique_common>
      </source>
      <source id="mixamorig_LeftForeArm-Interpolations">
        <Name_array id="mixamorig_LeftForeArm-Interpolations-array" count="21">
 LINEAR LINEAR LINEAR LINEAR LINEAR LINEAR LINEAR LINEAR LINEAR LINEAR LINEAR
LINEAR LINEAR LINEAR LINEAR LINEAR LINEAR LINEAR LINEAR LINEAR LINEAR</Name_array>
        <technique_common>
          <accessor source="#mixamorig_LeftForeArm-Interpolations-array" count="21">
            <param type="name"/>
          </accessor>
        </technique_common>
      </source>
      <sampler id="mixamorig_LeftForeArm-Matrix-animation-transform">
        <input semantic="INPUT" source="#mixamorig_LeftForeArm-Matrix-animation-input"/>
        <input semantic="OUTPUT" source="#mixamorig_LeftForeArm-Matrix-animation-output-transform"/>
        <input semantic="INTERPOLATION" source="#mixamorig_LeftForeArm-Interpolations"/>
      </sampler>
      <channel source="#mixamorig_LeftForeArm-Matrix-animation-transform" target="mixamorig_LeftForeArm/matrix"/>
    </animation>
    <animation id="mixamorig_LeftHand-anim" name="mixamorig_LeftHand">
      <source id="mixamorig_LeftHand-Matrix-animation-input">
        <float_array id="mixamorig_LeftHand-Matrix-animation-input-array" count="21">

0.000000 0.033333 0.066667 0.100000 0.133333 0.166667 0.200000 0.233333 0.266667 0.300000 0.333333 0.366667 0.400000 0.433333 0.466667 0.500000
0.533333 0.566667 0.600000 0.633333 0.666667</float_array>
        <technique_common>
          <accessor source="#mixamorig_LeftHand-Matrix-animation-input-array" count="21">
            <param name="TIME" type="float"/>
          </accessor>
        </technique_common>
      </source>
      <source id="mixamorig_LeftHand-Matrix-animation-output-transform">
        <float_array id="mixamorig_LeftHand-Matrix-animation-output-transform-array" count="336">

0.781581 0.102706 -0.615290 0.000000 0.047879 0.973566 0.223329 27.614500 0.621963 -0.204009 0.756004 -0.000000 0.000000 0.000000 0.000000 1.000000
0.782845 0.102271 -0.613755 -0.000000 0.056526 0.970631 0.233838 27.614500 0.619644 -0.217752 0.754073 0.000000 0.000000 0.000000 0.000000 1.000000
0.757500 0.110308 -0.643448 0.000000 0.082265 0.961636 0.261703 27.614500 0.647631 -0.251173 0.719365 0.000000 0.000000 0.000000 0.000000 1.000000
0.792249 0.075696 -0.605485 0.000000 0.095372 0.964720 0.245396 27.614500 0.602699 -0.252162 0.757079 0.000000 0.000000 0.000000 0.000000 1.000000
0.803343 0.041395 -0.594077 0.000000 0.099403 0.974265 0.202304 27.614500 0.587162 -0.221572 0.778554 0.000000 0.000000 0.000000 0.000000 1.000000
0.821870 0.002709 -0.569669 -0.000000 0.095319 0.985237 0.142203 27.614500 0.561644 -0.171173 0.809479 0.000000 0.000000 0.000000 0.000000 1.000000
0.841350 -0.030037 -0.539655 0.000000 0.089777 0.992351 0.084733 27.614500 0.532982 -0.119739 0.837611 0.000000 0.000000 0.000000 0.000000 1.000000
0.848977 -0.056430 -0.525409 0.000000 0.086555 0.995703 0.032920 27.614500 0.521293 -0.073425 0.850213 0.000000 0.000000 0.000000 0.000000 1.000000
0.851247 -0.075759 -0.519268 0.000000 0.080808 0.996646 -0.012935 27.614500 0.518506 -0.030950 0.854513 0.000000 0.000000 0.000000 0.000000 1.000000
0.826530 -0.085438 -0.556371 0.000000 0.074904 0.996318 -0.041723 27.614500 0.557886 -0.007190 0.829886 -0.000000 0.000000 0.000000 0.000000 1.000000
0.840533 -0.090947 -0.534072 0.000000 0.082049 0.995807 -0.040445 27.614500 0.535511 -0.009825 0.844471 0.000000 0.000000 0.000000 0.000000 1.000000
0.829849 -0.090493 -0.550602 -0.000000 0.093423 0.995366 -0.022786 27.614500 0.550112 -0.032530 0.834457 0.000000 0.000000 0.000000 0.000000 1.000000
0.876787 -0.091572 -0.472080 0.000000 0.097716 0.995147 -0.011548 27.614500 0.470847 -0.036004 0.881480 -0.000000 0.000000 0.000000 0.000000 1.000000
0.899854 -0.086397 -0.427549 0.000000 0.073003 0.996192 -0.047657 27.614500 0.430039 0.011672 0.902735 0.000000 0.000000 0.000000 0.000000 1.000000
0.917154 -0.075080 -0.391398 0.000000 0.043054 0.995012 -0.089982 27.614500 0.396201 0.065676 0.915812 -0.000000 0.000000 0.000000 0.000000 1.000000
0.911058 -0.082803 -0.403878 -0.000000 0.064536 0.996190 -0.058660 27.614500 0.407196 0.027378 0.912930 0.000000 0.000000 0.000000 0.000000 1.000000
0.897387 -0.116725 -0.425526 -0.000000 0.104539 0.993162 -0.051971 27.614500 0.428682 0.002154 0.903453 0.000000 0.000000 0.000000 0.000000 1.000000
0.890966 -0.160172 -0.424882 0.000000 0.144127 0.987089 -0.069883 27.614500 0.430589 0.001026 0.902547 0.000000 0.000000 0.000000 0.000000 1.000000
0.901910 -0.184677 -0.390451 0.000000 0.163441 0.982686 -0.087260 27.614500 0.399806 0.014885 0.916479 0.000000 0.000000 0.000000 0.000000 1.000000
0.853684 -0.189423 -0.485121 0.000000 0.163279 0.981891 -0.096069 27.614500 0.494534 0.002802 0.869154 0.000000 0.000000 0.000000 0.000000 1.000000
0.877097 -0.167835 -0.450036 0.000000 0.132703 0.985169 -0.108775 27.614500 0.461618 0.035685 0.886361 0.000000 0.000000 0.000000 0.000000 1.000000</float_array>
        <technique_common>
          <accessor source="#mixamorig_LeftHand-Matrix-animation-output-transform-array" count="21" stride="16">
            <param type="float4x4"/>
          </accessor>
        </technique_common>
      </source>
      <source id="mixamorig_LeftHand-Interpolations">
        <Name_array id="mixamorig_LeftHand-Interpolations-array" count="21">
 LINEAR LINEAR LINEAR LINEAR LINEAR LINEAR LINEAR LINEAR LINEAR LINEAR LINEAR
LINEAR LINEAR LINEAR LINEAR LINEAR LINEAR LINEAR LINEAR LINEAR LINEAR</Name_array>
        <technique_common>
          <accessor source="#mixamorig_LeftHand-Interpolations-array" count="21">
            <param type="name"/>
          </accessor>
        </technique_common>
      </source>
      <sampler id="mixamorig_LeftHand-Matrix-animation-transform">
        <input semantic="INPUT" source="#mixamorig_LeftHand-Matrix-animation-input"/>
        <input semantic="OUTPUT" source="#mixamorig_LeftHand-Matrix-animation-output-transform"/>
        <input semantic="INTERPOLATION" source="#mixamorig_LeftHand-Interpolations"/>
      </sampler>
      <channel source="#mixamorig_LeftHand-Matrix-animation-transform" target="mixamorig_LeftHand/matrix"/>
    </animation>
    <animation id="mixamorig_LeftHandThumb1-anim" name="mixamorig_LeftHandThumb1">
      <source id="mixamorig_LeftHandThumb1-Matrix-animation-input">
        <float_array id="mixamorig_LeftHandThumb1-Matrix-animation-input-array" count="21">

0.000000 0.033333 0.066667 0.100000 0.133333 0.166667 0.200000 0.233333 0.266667 0.300000 0.333333 0.366667 0.400000 0.433333 0.466667 0.500000
0.533333 0.566667 0.600000 0.633333 0.666667</float_array>
        <technique_common>
          <accessor source="#mixamorig_LeftHandThumb1-Matrix-animation-input-array" count="21">
            <param name="TIME" type="float"/>
          </accessor>
        </technique_common>
      </source>
      <source id="mixamorig_LeftHandThumb1-Matrix-animation-output-transform">
        <float_array id="mixamorig_LeftHandThumb1-Matrix-animation-output-transform-array" count="336">

0.947338 -0.310540 -0.078206 -3.003000 0.224662 0.818514 -0.528736 3.788800 0.228206 0.483322 0.845176 2.167100 0.000000 0.000000 0.000000 1.000000
0.947338 -0.310540 -0.078205 -3.003000 0.224662 0.818514 -0.528736 3.788800 0.228206 0.483322 0.845176 2.167100 0.000000 0.000000 0.000000 1.000000
0.947338 -0.310540 -0.078205 -3.003000 0.224663 0.818514 -0.528736 3.788800 0.228206 0.483322 0.845176 2.167100 0.000000 0.000000 0.000000 1.000000
0.947338 -0.310540 -0.078206 -3.003000 0.224662 0.818514 -0.528736 3.788800 0.228206 0.483322 0.845176 2.167100 0.000000 0.000000 0.000000 1.000000
0.947338 -0.310540 -0.078205 -3.003000 0.224662 0.818514 -0.528736 3.788800 0.228206 0.483322 0.845176 2.167100 0.000000 0.000000 0.000000 1.000000
0.947338 -0.310540 -0.078205 -3.003000 0.224662 0.818514 -0.528736 3.788800 0.228206 0.483322 0.845176 2.167100 0.000000 0.000000 0.000000 1.000000
0.947338 -0.310540 -0.078206 -3.003000 0.224662 0.818514 -0.528736 3.788800 0.228206 0.483322 0.845176 2.167100 0.000000 0.000000 0.000000 1.000000
0.947338 -0.310540 -0.078205 -3.003000 0.224663 0.818514 -0.528736 3.788800 0.228206 0.483322 0.845176 2.167100 0.000000 0.000000 0.000000 1.000000
0.947338 -0.310540 -0.078205 -3.003000 0.224662 0.818514 -0.528736 3.788800 0.228206 0.483322 0.845176 2.167100 0.000000 0.000000 0.000000 1.000000
0.947338 -0.310540 -0.078205 -3.003000 0.224662 0.818514 -0.528736 3.788800 0.228206 0.483322 0.845176 2.167100 0.000000 0.000000 0.000000 1.000000
0.947338 -0.310540 -0.078205 -3.003000 0.224662 0.818514 -0.528736 3.788800 0.228206 0.483322 0.845176 2.167100 0.000000 0.000000 0.000000 1.000000
0.947338 -0.310540 -0.078205 -3.003000 0.224662 0.818514 -0.528736 3.788800 0.228206 0.483322 0.845176 2.167100 0.000000 0.000000 0.000000 1.000000
0.947338 -0.310540 -0.078205 -3.003000 0.224662 0.818514 -0.528736 3.788800 0.228206 0.483322 0.845176 2.167100 0.000000 0.000000 0.000000 1.000000
0.947338 -0.310540 -0.078206 -3.003000 0.224662 0.818514 -0.528736 3.788800 0.228206 0.483322 0.845176 2.167100 0.000000 0.000000 0.000000 1.000000
0.947338 -0.310540 -0.078205 -3.003000 0.224662 0.818514 -0.528736 3.788800 0.228206 0.483322 0.845176 2.167100 0.000000 0.000000 0.000000 1.000000
0.947338 -0.310540 -0.078205 -3.003000 0.224662 0.818514 -0.528736 3.788800 0.228206 0.483322 0.845176 2.167100 0.000000 0.000000 0.000000 1.000000
0.947338 -0.310540 -0.078205 -3.003000 0.224662 0.818514 -0.528736 3.788800 0.228206 0.483322 0.845176 2.167100 0.000000 0.000000 0.000000 1.000000
0.947338 -0.310540 -0.078205 -3.003000 0.224662 0.818514 -0.528736 3.788800 0.228206 0.483322 0.845176 2.167100 0.000000 0.000000 0.000000 1.000000
0.947338 -0.310540 -0.078206 -3.003000 0.224662 0.818514 -0.528736 3.788800 0.228206 0.483322 0.845176 2.167100 0.000000 0.000000 0.000000 1.000000
0.947338 -0.310540 -0.078205 -3.003000 0.224663 0.818514 -0.528736 3.788800 0.228206 0.483322 0.845176 2.167100 0.000000 0.000000 0.000000 1.000000
0.947338 -0.310540 -0.078205 -3.003000 0.224662 0.818514 -0.528736 3.788800 0.228206 0.483322 0.845176 2.167100 0.000000 0.000000 0.000000 1.000000</float_array>
        <technique_common>
          <accessor source="#mixamorig_LeftHandThumb1-Matrix-animation-output-transform-array" count="21" stride="16">
            <param type="float4x4"/>
          </accessor>
        </technique_common>
      </source>
      <source id="mixamorig_LeftHandThumb1-Interpolations">
        <Name_array id="mixamorig_LeftHandThumb1-Interpolations-array" count="21">
 LINEAR LINEAR LINEAR LINEAR LINEAR LINEAR LINEAR LINEAR LINEAR LINEAR LINEAR
LINEAR LINEAR LINEAR LINEAR LINEAR LINEAR LINEAR LINEAR LINEAR LINEAR</Name_array>
        <technique_common>
          <accessor source="#mixamorig_LeftHandThumb1-Interpolations-array" count="21">
            <param type="name"/>
          </accessor>
        </technique_common>
      </source>
      <sampler id="mixamorig_LeftHandThumb1-Matrix-animation-transform">
        <input semantic="INPUT" source="#mixamorig_LeftHandThumb1-Matrix-animation-input"/>
        <input semantic="OUTPUT" source="#mixamorig_LeftHandThumb1-Matrix-animation-output-transform"/>
        <input semantic="INTERPOLATION" source="#mixamorig_LeftHandThumb1-Interpolations"/>
      </sampler>
      <channel source="#mixamorig_LeftHandThumb1-Matrix-animation-transform" target="mixamorig_LeftHandThumb1/matrix"/>
    </animation>
    <animation id="mixamorig_LeftHandThumb2-anim" name="mixamorig_LeftHandThumb2">
      <source id="mixamorig_LeftHandThumb2-Matrix-animation-input">
        <float_array id="mixamorig_LeftHandThumb2-Matrix-animation-input-array" count="21">

0.000000 0.033333 0.066667 0.100000 0.133333 0.166667 0.200000 0.233333 0.266667 0.300000 0.333333 0.366667 0.400000 0.433333 0.466667 0.500000
0.533333 0.566667 0.600000 0.633333 0.666667</float_array>
        <technique_common>
          <accessor source="#mixamorig_LeftHandThumb2-Matrix-animation-input-array" count="21">
            <param name="TIME" type="float"/>
          </accessor>
        </technique_common>
      </source>
      <source id="mixamorig_LeftHandThumb2-Matrix-animation-output-transform">
        <float_array id="mixamorig_LeftHandThumb2-Matrix-animation-output-transform-array" count="336">

0.970586 0.240708 0.004723 0.000000 -0.240708 0.969827 0.038656 4.745000 0.004724 -0.038656 0.999241 0.000000 0.000000 0.000000 0.000000 1.000000
0.970586 0.240708 0.004723 0.000000 -0.240708 0.969827 0.038656 4.745000 0.004724 -0.038656 0.999241 0.000000 0.000000 0.000000 0.000000 1.000000
0.970586 0.240708 0.004723 0.000000 -0.240708 0.969827 0.038656 4.745000 0.004724 -0.038655 0.999241 0.000000 0.000000 0.000000 0.000000 1.000000
0.970586 0.240708 0.004723 -0.000000 -0.240708 0.969827 0.038656 4.745000 0.004724 -0.038656 0.999241 -0.000000 0.000000 0.000000 0.000000 1.000000
0.970586 0.240708 0.004723 0.000000 -0.240708 0.969827 0.038655 4.745000 0.004724 -0.038655 0.999241 0.000000 0.000000 0.000000 0.000000 1.000000
0.970586 0.240708 0.004723 0.000000 -0.240708 0.969827 0.038655 4.745000 0.004724 -0.038655 0.999241 0.000000 0.000000 0.000000 0.000000 1.000000
0.970586 0.240708 0.004723 -0.000000 -0.240708 0.969827 0.038655 4.745000 0.004724 -0.038655 0.999241 0.000000 0.000000 0.000000 0.000000 1.000000
0.970586 0.240708 0.004723 0.000000 -0.240708 0.969827 0.038655 4.745000 0.004724 -0.038655 0.999241 0.000000 0.000000 0.000000 0.000000 1.000000
0.970586 0.240708 0.004723 -0.000000 -0.240708 0.969827 0.038655 4.745000 0.004724 -0.038655 0.999241 0.000000 0.000000 0.000000 0.000000 1.000000
0.970586 0.240708 0.004723 0.000000 -0.240708 0.969827 0.038655 4.745000 0.004724 -0.038655 0.999241 0.000000 0.000000 0.000000 0.000000 1.000000
0.970586 0.240708 0.004723 -0.000000 -0.240708 0.969827 0.038656 4.745000 0.004724 -0.038655 0.999241 0.000000 0.000000 0.000000 0.000000 1.000000
0.970586 0.240708 0.004723 -0.000000 -0.240708 0.969827 0.038656 4.745000 0.004724 -0.038656 0.999241 0.000000 0.000000 0.000000 0.000000 1.000000
0.970586 0.240708 0.004723 0.000000 -0.240708 0.969827 0.038655 4.745000 0.004724 -0.038655 0.999241 -0.000000 0.000000 0.000000 0.000000 1.000000
0.970586 0.240708 0.004723 0.000000 -0.240708 0.969827 0.038655 4.745000 0.004724 -0.038655 0.999241 0.000000 0.000000 0.000000 0.000000 1.000000
0.970586 0.240708 0.004723 0.000000 -0.240708 0.969827 0.038655 4.745000 0.004724 -0.038655 0.999241 -0.000000 0.000000 0.000000 0.000000 1.000000
0.970586 0.240708 0.004724 0.000000 -0.240708 0.969827 0.038655 4.745000 0.004724 -0.038655 0.999241 -0.000000 0.000000 0.000000 0.000000 1.000000
0.970586 0.240708 0.004723 -0.000000 -0.240708 0.969828 0.038655 4.745000 0.004724 -0.038655 0.999241 -0.000000 0.000000 0.000000 0.000000 1.000000
0.970586 0.240708 0.004723 -0.000000 -0.240708 0.969827 0.038655 4.745000 0.004724 -0.038655 0.999241 -0.000000 0.000000 0.000000 0.000000 1.000000
0.970586 0.240708 0.004723 -0.000000 -0.240708 0.969827 0.038655 4.745000 0.004724 -0.038655 0.999241 -0.000000 0.000000 0.000000 0.000000 1.000000
0.970586 0.240709 0.004723 0.000000 -0.240708 0.969827 0.038655 4.745000 0.004724 -0.038655 0.999241 0.000000 0.000000 0.000000 0.000000 1.000000
0.970586 0.240708 0.004723 -0.000000 -0.240708 0.969827 0.038656 4.745000 0.004724 -0.038655 0.999241 -0.000000 0.000000 0.000000 0.000000 1.000000</float_array>
        <technique_common>
          <accessor source="#mixamorig_LeftHandThumb2-Matrix-animation-output-transform-array" count="21" stride="16">
            <param type="float4x4"/>
          </accessor>
        </technique_common>
      </source>
      <source id="mixamorig_LeftHandThumb2-Interpolations">
        <Name_array id="mixamorig_LeftHandThumb2-Interpolations-array" count="21">
 LINEAR LINEAR LINEAR LINEAR LINEAR LINEAR LINEAR LINEAR LINEAR LINEAR LINEAR
LINEAR LINEAR LINEAR LINEAR LINEAR LINEAR LINEAR LINEAR LINEAR LINEAR</Name_array>
        <technique_common>
          <accessor source="#mixamorig_LeftHandThumb2-Interpolations-array" count="21">
            <param type="name"/>
          </accessor>
        </technique_common>
      </source>
      <sampler id="mixamorig_LeftHandThumb2-Matrix-animation-transform">
        <input semantic="INPUT" source="#mixamorig_LeftHandThumb2-Matrix-animation-input"/>
        <input semantic="OUTPUT" source="#mixamorig_LeftHandThumb2-Matrix-animation-output-transform"/>
        <input semantic="INTERPOLATION" source="#mixamorig_LeftHandThumb2-Interpolations"/>
      </sampler>
      <channel source="#mixamorig_LeftHandThumb2-Matrix-animation-transform" target="mixamorig_LeftHandThumb2/matrix"/>
    </animation>
    <animation id="mixamorig_LeftHandThumb3-anim" name="mixamorig_LeftHandThumb3">
      <source id="mixamorig_LeftHandThumb3-Matrix-animation-input">
        <float_array id="mixamorig_LeftHandThumb3-Matrix-animation-input-array" count="21">

0.000000 0.033333 0.066667 0.100000 0.133333 0.166667 0.200000 0.233333 0.266667 0.300000 0.333333 0.366667 0.400000 0.433333 0.466667 0.500000
0.533333 0.566667 0.600000 0.633333 0.666667</float_array>
        <technique_common>
          <accessor source="#mixamorig_LeftHandThumb3-Matrix-animation-input-array" count="21">
            <param name="TIME" type="float"/>
          </accessor>
        </technique_common>
      </source>
      <source id="mixamorig_LeftHandThumb3-Matrix-animation-output-transform">
        <float_array id="mixamorig_LeftHandThumb3-Matrix-animation-output-transform-array" count="336">

0.882545 -0.433165 -0.182980 -0.000000 0.458995 0.878109 0.135085 4.382100 0.102162 -0.203206 0.973792 -0.000000 0.000000 0.000000 0.000000 1.000000
0.882545 -0.433165 -0.182980 0.000000 0.458995 0.878109 0.135085 4.382100 0.102162 -0.203206 0.973792 0.000000 0.000000 0.000000 0.000000 1.000000
0.882546 -0.433165 -0.182980 0.000000 0.458995 0.878109 0.135086 4.382100 0.102162 -0.203206 0.973792 0.000000 0.000000 0.000000 0.000000 1.000000
0.882545 -0.433165 -0.182980 0.000000 0.458995 0.878109 0.135086 4.382100 0.102162 -0.203206 0.973792 -0.000000 0.000000 0.000000 0.000000 1.000000
0.882546 -0.433165 -0.182980 -0.000000 0.458995 0.878109 0.135086 4.382100 0.102162 -0.203206 0.973792 0.000000 0.000000 0.000000 0.000000 1.000000
0.882545 -0.433165 -0.182980 0.000000 0.458995 0.878109 0.135086 4.382100 0.102162 -0.203206 0.973792 0.000000 0.000000 0.000000 0.000000 1.000000
0.882545 -0.433165 -0.182980 0.000000 0.458995 0.878109 0.135086 4.382100 0.102162 -0.203206 0.973792 0.000000 0.000000 0.000000 0.000000 1.000000
0.882546 -0.433165 -0.182980 0.000000 0.458995 0.878109 0.135086 4.382100 0.102162 -0.203206 0.973792 -0.000000 0.000000 0.000000 0.000000 1.000000
0.882546 -0.433165 -0.182980 0.000000 0.458995 0.878109 0.135086 4.382100 0.102162 -0.203206 0.973792 0.000000 0.000000 0.000000 0.000000 1.000000
0.882545 -0.433165 -0.182980 0.000000 0.458995 0.878109 0.135086 4.382100 0.102162 -0.203206 0.973792 0.000000 0.000000 0.000000 0.000000 1.000000
0.882546 -0.433165 -0.182980 0.000000 0.458995 0.878109 0.135085 4.382100 0.102162 -0.203206 0.973792 0.000000 0.000000 0.000000 0.000000 1.000000
0.882546 -0.433165 -0.182979 0.000000 0.458995 0.878109 0.135086 4.382100 0.102162 -0.203206 0.973792 0.000000 0.000000 0.000000 0.000000 1.000000
0.882545 -0.433165 -0.182980 0.000000 0.458995 0.878109 0.135086 4.382100 0.102162 -0.203206 0.973792 0.000000 0.000000 0.000000 0.000000 1.000000
0.882545 -0.433165 -0.182980 -0.000000 0.458995 0.878109 0.135085 4.382100 0.102162 -0.203206 0.973792 -0.000000 0.000000 0.000000 0.000000 1.000000
0.882545 -0.433165 -0.182980 0.000000 0.458995 0.878109 0.135086 4.382100 0.102162 -0.203206 0.973792 -0.000000 0.000000 0.000000 0.000000 1.000000
0.882546 -0.433165 -0.182980 0.000000 0.458995 0.878109 0.135086 4.382100 0.102162 -0.203206 0.973792 0.000000 0.000000 0.000000 0.000000 1.000000
0.882545 -0.433165 -0.182980 -0.000000 0.458995 0.878109 0.135086 4.382100 0.102162 -0.203206 0.973792 -0.000000 0.000000 0.000000 0.000000 1.000000
0.882546 -0.433165 -0.182980 -0.000000 0.458995 0.878109 0.135085 4.382100 0.102162 -0.203206 0.973792 0.000000 0.000000 0.000000 0.000000 1.000000
0.882545 -0.433165 -0.182979 0.000000 0.458995 0.878109 0.135085 4.382100 0.102162 -0.203206 0.973792 -0.000000 0.000000 0.000000 0.000000 1.000000
0.882545 -0.433165 -0.182980 -0.000000 0.458995 0.878109 0.135085 4.382100 0.102162 -0.203206 0.973792 0.000000 0.000000 0.000000 0.000000 1.000000
0.882545 -0.433165 -0.182980 0.000000 0.458995 0.878109 0.135086 4.382100 0.102162 -0.203206 0.973792 0.000000 0.000000 0.000000 0.000000 1.000000</float_array>
        <technique_common>
          <accessor source="#mixamorig_LeftHandThumb3-Matrix-animation-output-transform-array" count="21" stride="16">
            <param type="float4x4"/>
          </accessor>
        </technique_common>
      </source>
      <source id="mixamorig_LeftHandThumb3-Interpolations">
        <Name_array id="mixamorig_LeftHandThumb3-Interpolations-array" count="21">
 LINEAR LINEAR LINEAR LINEAR LINEAR LINEAR LINEAR LINEAR LINEAR LINEAR LINEAR
LINEAR LINEAR LINEAR LINEAR LINEAR LINEAR LINEAR LINEAR LINEAR LINEAR</Name_array>
        <technique_common>
          <accessor source="#mixamorig_LeftHandThumb3-Interpolations-array" count="21">
            <param type="name"/>
          </accessor>
        </technique_common>
      </source>
      <sampler id="mixamorig_LeftHandThumb3-Matrix-animation-transform">
        <input semantic="INPUT" source="#mixamorig_LeftHandThumb3-Matrix-animation-input"/>
        <input semantic="OUTPUT" source="#mixamorig_LeftHandThumb3-Matrix-animation-output-transform"/>
        <input semantic="INTERPOLATION" source="#mixamorig_LeftHandThumb3-Interpolations"/>
      </sampler>
      <channel source="#mixamorig_LeftHandThumb3-Matrix-animation-transform" target="mixamorig_LeftHandThumb3/matrix"/>
    </animation>
    <animation id="mixamorig_LeftHandIndex1-anim" name="mixamorig_LeftHandIndex1">
      <source id="mixamorig_LeftHandIndex1-Matrix-animation-input">
        <float_array id="mixamorig_LeftHandIndex1-Matrix-animation-input-array" count="21">

0.000000 0.033333 0.066667 0.100000 0.133333 0.166667 0.200000 0.233333 0.266667 0.300000 0.333333 0.366667 0.400000 0.433333 0.466667 0.500000
0.533333 0.566667 0.600000 0.633333 0.666667</float_array>
        <technique_common>
          <accessor source="#mixamorig_LeftHandIndex1-Matrix-animation-input-array" count="21">
            <param name="TIME" type="float"/>
          </accessor>
        </technique_common>
      </source>
      <source id="mixamorig_LeftHandIndex1-Matrix-animation-output-transform">
        <float_array id="mixamorig_LeftHandIndex1-Matrix-animation-output-transform-array" count="336">

0.986094 0.037690 0.161857 -2.822000 0.022509 0.934678 -0.354782 12.266600 -0.164656 0.353491 0.920832 0.231800 0.000000 0.000000 0.000000 1.000000
0.986094 0.037690 0.161858 -2.822000 0.022509 0.934678 -0.354782 12.266600 -0.164656 0.353491 0.920832 0.231800 0.000000 0.000000 0.000000 1.000000
0.986094 0.037689 0.161857 -2.822000 0.022510 0.934678 -0.354781 12.266600 -0.164656 0.353491 0.920832 0.231800 0.000000 0.000000 0.000000 1.000000
0.986094 0.037690 0.161858 -2.822000 0.022509 0.934678 -0.354781 12.266600 -0.164656 0.353491 0.920832 0.231800 0.000000 0.000000 0.000000 1.000000
0.986094 0.037690 0.161858 -2.822000 0.022509 0.934678 -0.354781 12.266600 -0.164656 0.353491 0.920832 0.231800 0.000000 0.000000 0.000000 1.000000
0.986094 0.037690 0.161858 -2.822000 0.022509 0.934678 -0.354781 12.266600 -0.164657 0.353491 0.920832 0.231800 0.000000 0.000000 0.000000 1.000000
0.986094 0.037690 0.161857 -2.822000 0.022509 0.934678 -0.354782 12.266600 -0.164656 0.353491 0.920832 0.231800 0.000000 0.000000 0.000000 1.000000
0.986094 0.037690 0.161858 -2.822000 0.022509 0.934678 -0.354781 12.266600 -0.164656 0.353491 0.920832 0.231800 0.000000 0.000000 0.000000 1.000000
0.986094 0.037689 0.161858 -2.822000 0.022510 0.934678 -0.354781 12.266600 -0.164656 0.353491 0.920832 0.231800 0.000000 0.000000 0.000000 1.000000
0.986094 0.037690 0.161858 -2.822000 0.022510 0.934678 -0.354781 12.266600 -0.164656 0.353491 0.920832 0.231800 0.000000 0.000000 0.000000 1.000000
0.986094 0.037690 0.161857 -2.822000 0.022509 0.934678 -0.354782 12.266600 -0.164656 0.353491 0.920832 0.231800 0.000000 0.000000 0.000000 1.000000
0.986094 0.037689 0.161858 -2.822000 0.022510 0.934678 -0.354781 12.266600 -0.164656 0.353491 0.920832 0.231800 0.000000 0.000000 0.000000 1.000000
0.986094 0.037690 0.161857 -2.822000 0.022509 0.934678 -0.354782 12.266600 -0.164656 0.353491 0.920832 0.231800 0.000000 0.000000 0.000000 1.000000
0.986094 0.037690 0.161857 -2.822000 0.022509 0.934678 -0.354781 12.266600 -0.164656 0.353491 0.920832 0.231800 0.000000 0.000000 0.000000 1.000000
0.986094 0.037690 0.161858 -2.822000 0.022509 0.934678 -0.354781 12.266600 -0.164656 0.353491 0.920832 0.231800 0.000000 0.000000 0.000000 1.000000
0.986094 0.037690 0.161858 -2.822000 0.022509 0.934678 -0.354781 12.266600 -0.164656 0.353491 0.920832 0.231800 0.000000 0.000000 0.000000 1.000000
0.986094 0.037690 0.161857 -2.822000 0.022509 0.934678 -0.354782 12.266600 -0.164656 0.353491 0.920832 0.231800 0.000000 0.000000 0.000000 1.000000
0.986094 0.037690 0.161857 -2.822000 0.022509 0.934678 -0.354781 12.266600 -0.164656 0.353491 0.920832 0.231800 0.000000 0.000000 0.000000 1.000000
0.986094 0.037690 0.161858 -2.822000 0.022509 0.934678 -0.354782 12.266600 -0.164656 0.353491 0.920832 0.231800 0.000000 0.000000 0.000000 1.000000
0.986094 0.037690 0.161858 -2.822000 0.022509 0.934678 -0.354781 12.266600 -0.164656 0.353491 0.920832 0.231800 0.000000 0.000000 0.000000 1.000000
0.986094 0.037690 0.161857 -2.822000 0.022509 0.934678 -0.354781 12.266600 -0.164656 0.353491 0.920832 0.231800 0.000000 0.000000 0.000000 1.000000</float_array>
        <technique_common>
          <accessor source="#mixamorig_LeftHandIndex1-Matrix-animation-output-transform-array" count="21" stride="16">
            <param type="float4x4"/>
          </accessor>
        </technique_common>
      </source>
      <source id="mixamorig_LeftHandIndex1-Interpolations">
        <Name_array id="mixamorig_LeftHandIndex1-Interpolations-array" count="21">
 LINEAR LINEAR LINEAR LINEAR LINEAR LINEAR LINEAR LINEAR LINEAR LINEAR LINEAR
LINEAR LINEAR LINEAR LINEAR LINEAR LINEAR LINEAR LINEAR LINEAR LINEAR</Name_array>
        <technique_common>
          <accessor source="#mixamorig_LeftHandIndex1-Interpolations-array" count="21">
            <param type="name"/>
          </accessor>
        </technique_common>
      </source>
      <sampler id="mixamorig_LeftHandIndex1-Matrix-animation-transform">
        <input semantic="INPUT" source="#mixamorig_LeftHandIndex1-Matrix-animation-input"/>
        <input semantic="OUTPUT" source="#mixamorig_LeftHandIndex1-Matrix-animation-output-transform"/>
        <input semantic="INTERPOLATION" source="#mixamorig_LeftHandIndex1-Interpolations"/>
      </sampler>
      <channel source="#mixamorig_LeftHandIndex1-Matrix-animation-transform" target="mixamorig_LeftHandIndex1/matrix"/>
    </animation>
    <animation id="mixamorig_LeftHandIndex2-anim" name="mixamorig_LeftHandIndex2">
      <source id="mixamorig_LeftHandIndex2-Matrix-animation-input">
        <float_array id="mixamorig_LeftHandIndex2-Matrix-animation-input-array" count="21">

0.000000 0.033333 0.066667 0.100000 0.133333 0.166667 0.200000 0.233333 0.266667 0.300000 0.333333 0.366667 0.400000 0.433333 0.466667 0.500000
0.533333 0.566667 0.600000 0.633333 0.666667</float_array>
        <technique_common>
          <accessor source="#mixamorig_LeftHandIndex2-Matrix-animation-input-array" count="21">
            <param name="TIME" type="float"/>
          </accessor>
        </technique_common>
      </source>
      <source id="mixamorig_LeftHandIndex2-Matrix-animation-output-transform">
        <float_array id="mixamorig_LeftHandIndex2-Matrix-animation-output-transform-array" count="336">

0.998733 0.048788 -0.012368 0.000000 -0.048788 0.878044 -0.476087 3.892000 -0.012367 0.476087 0.879311 0.000000 0.000000 0.000000 0.000000 1.000000
0.998733 0.048787 -0.012368 0.000000 -0.048788 0.878044 -0.476087 3.892000 -0.012367 0.476087 0.879311 0.000000 0.000000 0.000000 0.000000 1.000000
0.998733 0.048788 -0.012368 0.000000 -0.048788 0.878044 -0.476087 3.892000 -0.012367 0.476087 0.879311 0.000000 0.000000 0.000000 0.000000 1.000000
0.998733 0.048788 -0.012368 0.000000 -0.048788 0.878044 -0.476087 3.892000 -0.012367 0.476087 0.879311 0.000000 0.000000 0.000000 0.000000 1.000000
0.998733 0.048788 -0.012368 0.000000 -0.048788 0.878044 -0.476087 3.892000 -0.012367 0.476087 0.879311 0.000000 0.000000 0.000000 0.000000 1.000000
0.998733 0.048788 -0.012369 0.000000 -0.048788 0.878044 -0.476087 3.892000 -0.012367 0.476087 0.879311 0.000000 0.000000 0.000000 0.000000 1.000000
0.998733 0.048788 -0.012368 0.000000 -0.048788 0.878044 -0.476087 3.892000 -0.012367 0.476087 0.879311 -0.000000 0.000000 0.000000 0.000000 1.000000
0.998733 0.048788 -0.012368 0.000000 -0.048789 0.878044 -0.476086 3.892000 -0.012367 0.476086 0.879312 0.000000 0.000000 0.000000 0.000000 1.000000
0.998733 0.048788 -0.012368 -0.000000 -0.048788 0.878044 -0.476087 3.892000 -0.012367 0.476087 0.879311 0.000000 0.000000 0.000000 0.000000 1.000000
0.998733 0.048788 -0.012368 -0.000000 -0.048788 0.878044 -0.476087 3.892000 -0.012367 0.476087 0.879311 0.000000 0.000000 0.000000 0.000000 1.000000
0.998733 0.048788 -0.012368 0.000000 -0.048788 0.878044 -0.476087 3.892000 -0.012368 0.476087 0.879311 0.000000 0.000000 0.000000 0.000000 1.000000
0.998733 0.048788 -0.012369 0.000000 -0.048789 0.878044 -0.476087 3.892000 -0.012367 0.476087 0.879311 0.000000 0.000000 0.000000 0.000000 1.000000
0.998733 0.048788 -0.012368 0.000000 -0.048788 0.878044 -0.476086 3.892000 -0.012367 0.476086 0.879312 0.000000 0.000000 0.000000 0.000000 1.000000
0.998733 0.048788 -0.012369 0.000000 -0.048788 0.878044 -0.476087 3.892000 -0.012367 0.476087 0.879311 -0.000000 0.000000 0.000000 0.000000 1.000000
0.998733 0.048788 -0.012369 0.000000 -0.048788 0.878044 -0.476086 3.892000 -0.012367 0.476087 0.879311 0.000000 0.000000 0.000000 0.000000 1.000000
0.998733 0.048788 -0.012369 0.000000 -0.048788 0.878044 -0.476087 3.892000 -0.012367 0.476087 0.879311 0.000000 0.000000 0.000000 0.000000 1.000000
0.998733 0.048788 -0.012368 0.000000 -0.048788 0.878044 -0.476087 3.892000 -0.012367 0.476087 0.879311 -0.000000 0.000000 0.000000 0.000000 1.000000
0.998733 0.048788 -0.012368 0.000000 -0.048788 0.878044 -0.476087 3.892000 -0.012367 0.476087 0.879311 0.000000 0.000000 0.000000 0.000000 1.000000
0.998733 0.048788 -0.012368 0.000000 -0.048788 0.878044 -0.476087 3.892000 -0.012367 0.476087 0.879311 0.000000 0.000000 0.000000 0.000000 1.000000
0.998733 0.048788 -0.012368 0.000000 -0.048788 0.878044 -0.476087 3.892000 -0.012367 0.476087 0.879311 0.000000 0.000000 0.000000 0.000000 1.000000
0.998733 0.048788 -0.012368 0.000000 -0.048788 0.878044 -0.476086 3.892000 -0.012367 0.476086 0.879312 0.000000 0.000000 0.000000 0.000000 1.000000</float_array>
        <technique_common>
          <accessor source="#mixamorig_LeftHandIndex2-Matrix-animation-output-transform-array" count="21" stride="16">
            <param type="float4x4"/>
          </accessor>
        </technique_common>
      </source>
      <source id="mixamorig_LeftHandIndex2-Interpolations">
        <Name_array id="mixamorig_LeftHandIndex2-Interpolations-array" count="21">
 LINEAR LINEAR LINEAR LINEAR LINEAR LINEAR LINEAR LINEAR LINEAR LINEAR LINEAR
LINEAR LINEAR LINEAR LINEAR LINEAR LINEAR LINEAR LINEAR LINEAR LINEAR</Name_array>
        <technique_common>
          <accessor source="#mixamorig_LeftHandIndex2-Interpolations-array" count="21">
            <param type="name"/>
          </accessor>
        </technique_common>
      </source>
      <sampler id="mixamorig_LeftHandIndex2-Matrix-animation-transform">
        <input semantic="INPUT" source="#mixamorig_LeftHandIndex2-Matrix-animation-input"/>
        <input semantic="OUTPUT" source="#mixamorig_LeftHandIndex2-Matrix-animation-output-transform"/>
        <input semantic="INTERPOLATION" source="#mixamorig_LeftHandIndex2-Interpolations"/>
      </sampler>
      <channel source="#mixamorig_LeftHandIndex2-Matrix-animation-transform" target="mixamorig_LeftHandIndex2/matrix"/>
    </animation>
    <animation id="mixamorig_LeftHandIndex3-anim" name="mixamorig_LeftHandIndex3">
      <source id="mixamorig_LeftHandIndex3-Matrix-animation-input">
        <float_array id="mixamorig_LeftHandIndex3-Matrix-animation-input-array" count="21">

0.000000 0.033333 0.066667 0.100000 0.133333 0.166667 0.200000 0.233333 0.266667 0.300000 0.333333 0.366667 0.400000 0.433333 0.466667 0.500000
0.533333 0.566667 0.600000 0.633333 0.666667</float_array>
        <technique_common>
          <accessor source="#mixamorig_LeftHandIndex3-Matrix-animation-input-array" count="21">
            <param name="TIME" type="float"/>
          </accessor>
        </technique_common>
      </source>
      <source id="mixamorig_LeftHandIndex3-Matrix-animation-output-transform">
        <float_array id="mixamorig_LeftHandIndex3-Matrix-animation-output-transform-array" count="336">

0.998725 0.048933 -0.012447 0.000000 -0.048933 0.877267 -0.477503 3.415200 -0.012446 0.477503 0.878542 -0.000000 0.000000 0.000000 0.000000 1.000000
0.998725 0.048933 -0.012447 0.000000 -0.048933 0.877267 -0.477503 3.415200 -0.012446 0.477503 0.878542 -0.000000 0.000000 0.000000 0.000000 1.000000
0.998725 0.048933 -0.012447 -0.000000 -0.048933 0.877267 -0.477502 3.415200 -0.012446 0.477502 0.878542 0.000000 0.000000 0.000000 0.000000 1.000000
0.998725 0.048933 -0.012447 0.000000 -0.048933 0.877267 -0.477502 3.415200 -0.012446 0.477502 0.878542 0.000000 0.000000 0.000000 0.000000 1.000000
0.998725 0.048933 -0.012447 -0.000000 -0.048933 0.877267 -0.477502 3.415200 -0.012446 0.477502 0.878542 -0.000000 0.000000 0.000000 0.000000 1.000000
0.998725 0.048933 -0.012447 0.000000 -0.048933 0.877267 -0.477503 3.415200 -0.012447 0.477503 0.878542 -0.000000 0.000000 0.000000 0.000000 1.000000
0.998725 0.048933 -0.012447 0.000000 -0.048933 0.877267 -0.477502 3.415200 -0.012446 0.477502 0.878542 -0.000000 0.000000 0.000000 0.000000 1.000000
0.998725 0.048933 -0.012447 0.000000 -0.048933 0.877267 -0.477503 3.415200 -0.012446 0.477503 0.878542 0.000000 0.000000 0.000000 0.000000 1.000000
0.998725 0.048933 -0.012447 0.000000 -0.048933 0.877267 -0.477502 3.415200 -0.012446 0.477502 0.878542 0.000000 0.000000 0.000000 0.000000 1.000000
0.998725 0.048933 -0.012447 0.000000 -0.048933 0.877267 -0.477503 3.415200 -0.012446 0.477503 0.878542 0.000000 0.000000 0.000000 0.000000 1.000000
0.998725 0.048933 -0.012447 0.000000 -0.048933 0.877267 -0.477502 3.415200 -0.012446 0.477502 0.878542 0.000000 0.000000 0.000000 0.000000 1.000000
0.998725 0.048933 -0.012447 -0.000000 -0.048933 0.877267 -0.477502 3.415200 -0.012446 0.477502 0.878542 -0.000000 0.000000 0.000000 0.000000 1.000000
0.998725 0.048933 -0.012447 0.000000 -0.048933 0.877267 -0.477502 3.415200 -0.012446 0.477502 0.878542 0.000000 0.000000 0.000000 0.000000 1.000000
0.998725 0.048933 -0.012447 -0.000000 -0.048933 0.877267 -0.477502 3.415200 -0.012446 0.477502 0.878542 0.000000 0.000000 0.000000 0.000000 1.000000
0.998724 0.048933 -0.012447 0.000000 -0.048933 0.877267 -0.477502 3.415200 -0.012446 0.477502 0.878542 0.000000 0.000000 0.000000 0.000000 1.000000
0.998725 0.048933 -0.012447 0.000000 -0.048933 0.877267 -0.477502 3.415200 -0.012446 0.477502 0.878542 0.000000 0.000000 0.000000 0.000000 1.000000
0.998725 0.048933 -0.012447 -0.000000 -0.048933 0.877267 -0.477502 3.415200 -0.012446 0.477502 0.878543 0.000000 0.000000 0.000000 0.000000 1.000000
0.998724 0.048933 -0.012447 0.000000 -0.048933 0.877267 -0.477502 3.415200 -0.012446 0.477502 0.878542 -0.000000 0.000000 0.000000 0.000000 1.000000
0.998724 0.048933 -0.012447 0.000000 -0.048933 0.877267 -0.477502 3.415200 -0.012446 0.477503 0.878542 0.000000 0.000000 0.000000 0.000000 1.000000
0.998725 0.048933 -0.012447 0.000000 -0.048933 0.877267 -0.477503 3.415200 -0.012446 0.477503 0.878542 0.000000 0.000000 0.000000 0.000000 1.000000
0.998725 0.048933 -0.012447 -0.000000 -0.048933 0.877266 -0.477503 3.415200 -0.012446 0.477503 0.878542 -0.000000 0.000000 0.000000 0.000000 1.000000</float_array>
        <technique_common>
          <accessor source="#mixamorig_LeftHandIndex3-Matrix-animation-output-transform-array" count="21" stride="16">
            <param type="float4x4"/>
          </accessor>
        </technique_common>
      </source>
      <source id="mixamorig_LeftHandIndex3-Interpolations">
        <Name_array id="mixamorig_LeftHandIndex3-Interpolations-array" count="21">
 LINEAR LINEAR LINEAR LINEAR LINEAR LINEAR LINEAR LINEAR LINEAR LINEAR LINEAR
LINEAR LINEAR LINEAR LINEAR LINEAR LINEAR LINEAR LINEAR LINEAR LINEAR</Name_array>
        <technique_common>
          <accessor source="#mixamorig_LeftHandIndex3-Interpolations-array" count="21">
            <param type="name"/>
          </accessor>
        </technique_common>
      </source>
      <sampler id="mixamorig_LeftHandIndex3-Matrix-animation-transform">
        <input semantic="INPUT" source="#mixamorig_LeftHandIndex3-Matrix-animation-input"/>
        <input semantic="OUTPUT" source="#mixamorig_LeftHandIndex3-Matrix-animation-output-transform"/>
        <input semantic="INTERPOLATION" source="#mixamorig_LeftHandIndex3-Interpolations"/>
      </sampler>
      <channel source="#mixamorig_LeftHandIndex3-Matrix-animation-transform" target="mixamorig_LeftHandIndex3/matrix"/>
    </animation>
    <animation id="mixamorig_LeftHandMiddle1-anim" name="mixamorig_LeftHandMiddle1">
      <source id="mixamorig_LeftHandMiddle1-Matrix-animation-input">
        <float_array id="mixamorig_LeftHandMiddle1-Matrix-animation-input-array" count="21">

0.000000 0.033333 0.066667 0.100000 0.133333 0.166667 0.200000 0.233333 0.266667 0.300000 0.333333 0.366667 0.400000 0.433333 0.466667 0.500000
0.533333 0.566667 0.600000 0.633333 0.666667</float_array>
        <technique_common>
          <accessor source="#mixamorig_LeftHandMiddle1-Matrix-animation-input-array" count="21">
            <param name="TIME" type="float"/>
          </accessor>
        </technique_common>
      </source>
      <source id="mixamorig_LeftHandMiddle1-Matrix-animation-output-transform">
        <float_array id="mixamorig_LeftHandMiddle1-Matrix-animation-output-transform-array" count="336">

0.984145 0.032624 0.174341 -0.000000 0.031422 0.935322 -0.352398 12.775500 -0.174561 0.352289 0.919468 -0.000000 0.000000 0.000000 0.000000 1.000000
0.984145 0.032624 0.174341 -0.000000 0.031422 0.935322 -0.352398 12.775500 -0.174561 0.352289 0.919468 -0.000000 0.000000 0.000000 0.000000 1.000000
0.984145 0.032624 0.174341 -0.000000 0.031422 0.935322 -0.352398 12.775500 -0.174561 0.352289 0.919468 0.000000 0.000000 0.000000 0.000000 1.000000
0.984145 0.032624 0.174341 0.000000 0.031422 0.935322 -0.352398 12.775500 -0.174561 0.352289 0.919468 0.000000 0.000000 0.000000 0.000000 1.000000
0.984145 0.032624 0.174340 0.000000 0.031421 0.935322 -0.352399 12.775500 -0.174561 0.352289 0.919468 0.000000 0.000000 0.000000 0.000000 1.000000
0.984145 0.032624 0.174341 0.000000 0.031422 0.935322 -0.352398 12.775500 -0.174561 0.352289 0.919468 0.000000 0.000000 0.000000 0.000000 1.000000
0.984145 0.032624 0.174341 0.000000 0.031421 0.935322 -0.352398 12.775500 -0.174561 0.352289 0.919468 0.000000 0.000000 0.000000 0.000000 1.000000
0.984145 0.032624 0.174341 0.000000 0.031422 0.935323 -0.352398 12.775500 -0.174561 0.352289 0.919468 -0.000000 0.000000 0.000000 0.000000 1.000000
0.984145 0.032624 0.174341 0.000000 0.031421 0.935322 -0.352398 12.775500 -0.174561 0.352289 0.919468 0.000000 0.000000 0.000000 0.000000 1.000000
0.984145 0.032624 0.174341 0.000000 0.031422 0.935322 -0.352398 12.775500 -0.174561 0.352289 0.919468 0.000000 0.000000 0.000000 0.000000 1.000000
0.984145 0.032624 0.174341 -0.000000 0.031421 0.935323 -0.352398 12.775500 -0.174561 0.352289 0.919468 0.000000 0.000000 0.000000 0.000000 1.000000
0.984145 0.032624 0.174340 0.000000 0.031421 0.935322 -0.352399 12.775500 -0.174561 0.352289 0.919468 0.000000 0.000000 0.000000 0.000000 1.000000
0.984145 0.032624 0.174340 0.000000 0.031421 0.935322 -0.352398 12.775500 -0.174561 0.352289 0.919468 0.000000 0.000000 0.000000 0.000000 1.000000
0.984145 0.032624 0.174340 0.000000 0.031421 0.935322 -0.352398 12.775500 -0.174561 0.352289 0.919468 0.000000 0.000000 0.000000 0.000000 1.000000
0.984145 0.032624 0.174341 0.000000 0.031421 0.935322 -0.352398 12.775500 -0.174561 0.352289 0.919468 0.000000 0.000000 0.000000 0.000000 1.000000
0.984145 0.032624 0.174341 -0.000000 0.031421 0.935322 -0.352398 12.775500 -0.174561 0.352289 0.919468 0.000000 0.000000 0.000000 0.000000 1.000000
0.984145 0.032624 0.174340 0.000000 0.031421 0.935322 -0.352398 12.775500 -0.174561 0.352289 0.919468 0.000000 0.000000 0.000000 0.000000 1.000000
0.984145 0.032624 0.174340 0.000000 0.031421 0.935323 -0.352398 12.775500 -0.174561 0.352289 0.919468 0.000000 0.000000 0.000000 0.000000 1.000000
0.984145 0.032624 0.174340 0.000000 0.031421 0.935322 -0.352398 12.775500 -0.174561 0.352289 0.919468 0.000000 0.000000 0.000000 0.000000 1.000000
0.984145 0.032624 0.174341 -0.000000 0.031422 0.935323 -0.352398 12.775500 -0.174561 0.352289 0.919468 -0.000000 0.000000 0.000000 0.000000 1.000000
0.984145 0.032624 0.174341 -0.000000 0.031422 0.935323 -0.352397 12.775500 -0.174561 0.352288 0.919468 -0.000000 0.000000 0.000000 0.000000 1.000000</float_array>
        <technique_common>
          <accessor source="#mixamorig_LeftHandMiddle1-Matrix-animation-output-transform-array" count="21" stride="16">
            <param type="float4x4"/>
          </accessor>
        </technique_common>
      </source>
      <source id="mixamorig_LeftHandMiddle1-Interpolations">
        <Name_array id="mixamorig_LeftHandMiddle1-Interpolations-array" count="21">
 LINEAR LINEAR LINEAR LINEAR LINEAR LINEAR LINEAR LINEAR LINEAR LINEAR LINEAR
LINEAR LINEAR LINEAR LINEAR LINEAR LINEAR LINEAR LINEAR LINEAR LINEAR</Name_array>
        <technique_common>
          <accessor source="#mixamorig_LeftHandMiddle1-Interpolations-array" count="21">
            <param type="name"/>
          </accessor>
        </technique_common>
      </source>
      <sampler id="mixamorig_LeftHandMiddle1-Matrix-animation-transform">
        <input semantic="INPUT" source="#mixamorig_LeftHandMiddle1-Matrix-animation-input"/>
        <input semantic="OUTPUT" source="#mixamorig_LeftHandMiddle1-Matrix-animation-output-transform"/>
        <input semantic="INTERPOLATION" source="#mixamorig_LeftHandMiddle1-Interpolations"/>
      </sampler>
      <channel source="#mixamorig_LeftHandMiddle1-Matrix-animation-transform" target="mixamorig_LeftHandMiddle1/matrix"/>
    </animation>
    <animation id="mixamorig_LeftHandMiddle2-anim" name="mixamorig_LeftHandMiddle2">
      <source id="mixamorig_LeftHandMiddle2-Matrix-animation-input">
        <float_array id="mixamorig_LeftHandMiddle2-Matrix-animation-input-array" count="21">

0.000000 0.033333 0.066667 0.100000 0.133333 0.166667 0.200000 0.233333 0.266667 0.300000 0.333333 0.366667 0.400000 0.433333 0.466667 0.500000
0.533333 0.566667 0.600000 0.633333 0.666667</float_array>
        <technique_common>
          <accessor source="#mixamorig_LeftHandMiddle2-Matrix-animation-input-array" count="21">
            <param name="TIME" type="float"/>
          </accessor>
        </technique_common>
      </source>
      <source id="mixamorig_LeftHandMiddle2-Matrix-animation-output-transform">
        <float_array id="mixamorig_LeftHandMiddle2-Matrix-animation-output-transform-array" count="336">

0.996836 0.073247 -0.030879 0.000000 -0.073247 0.695515 -0.714768 3.614000 -0.030878 0.714768 0.698680 0.000000 0.000000 0.000000 0.000000 1.000000
0.996836 0.073247 -0.030879 -0.000000 -0.073247 0.695516 -0.714768 3.614000 -0.030878 0.714768 0.698680 0.000000 0.000000 0.000000 0.000000 1.000000
0.996836 0.073247 -0.030879 0.000000 -0.073247 0.695516 -0.714767 3.614000 -0.030878 0.714767 0.698680 -0.000000 0.000000 0.000000 0.000000 1.000000
0.996836 0.073247 -0.030878 -0.000000 -0.073247 0.695516 -0.714768 3.614000 -0.030878 0.714768 0.698680 -0.000000 0.000000 0.000000 0.000000 1.000000
0.996836 0.073247 -0.030878 -0.000000 -0.073247 0.695516 -0.714767 3.614000 -0.030878 0.714768 0.698680 -0.000000 0.000000 0.000000 0.000000 1.000000
0.996836 0.073247 -0.030879 0.000000 -0.073248 0.695515 -0.714768 3.614000 -0.030878 0.714768 0.698680 0.000000 0.000000 0.000000 0.000000 1.000000
0.996836 0.073247 -0.030878 0.000000 -0.073247 0.695515 -0.714768 3.614000 -0.030878 0.714768 0.698680 0.000000 0.000000 0.000000 0.000000 1.000000
0.996836 0.073247 -0.030879 0.000000 -0.073247 0.695516 -0.714767 3.614000 -0.030878 0.714767 0.698680 -0.000000 0.000000 0.000000 0.000000 1.000000
0.996836 0.073247 -0.030878 -0.000000 -0.073247 0.695516 -0.714768 3.614000 -0.030878 0.714768 0.698680 0.000000 0.000000 0.000000 0.000000 1.000000
0.996836 0.073247 -0.030879 0.000000 -0.073248 0.695516 -0.714768 3.614000 -0.030878 0.714768 0.698680 0.000000 0.000000 0.000000 0.000000 1.000000
0.996836 0.073247 -0.030878 -0.000000 -0.073247 0.695515 -0.714768 3.614000 -0.030878 0.714768 0.698680 0.000000 0.000000 0.000000 0.000000 1.000000
0.996836 0.073247 -0.030878 0.000000 -0.073247 0.695516 -0.714767 3.614000 -0.030878 0.714767 0.698680 0.000000 0.000000 0.000000 0.000000 1.000000
0.996836 0.073246 -0.030878 0.000000 -0.073247 0.695515 -0.714768 3.614000 -0.030878 0.714768 0.698680 0.000000 0.000000 0.000000 0.000000 1.000000
0.996836 0.073247 -0.030879 0.000000 -0.073247 0.695516 -0.714768 3.614000 -0.030878 0.714768 0.698680 0.000000 0.000000 0.000000 0.000000 1.000000
0.996836 0.073247 -0.030879 0.000000 -0.073247 0.695515 -0.714768 3.614000 -0.030878 0.714768 0.698680 0.000000 0.000000 0.000000 0.000000 1.000000
0.996836 0.073247 -0.030878 0.000000 -0.073247 0.695516 -0.714768 3.614000 -0.030878 0.714768 0.698680 0.000000 0.000000 0.000000 0.000000 1.000000
0.996836 0.073247 -0.030878 0.000000 -0.073247 0.695516 -0.714767 3.614000 -0.030878 0.714767 0.698680 0.000000 0.000000 0.000000 0.000000 1.000000
0.996836 0.073247 -0.030878 0.000000 -0.073247 0.695516 -0.714768 3.614000 -0.030878 0.714768 0.698680 0.000000 0.000000 0.000000 0.000000 1.000000
0.996836 0.073247 -0.030879 0.000000 -0.073247 0.695516 -0.714768 3.614000 -0.030878 0.714768 0.698680 0.000000 0.000000 0.000000 0.000000 1.000000
0.996836 0.073247 -0.030879 0.000000 -0.073247 0.695516 -0.714768 3.614000 -0.030878 0.714768 0.698680 0.000000 0.000000 0.000000 0.000000 1.000000
0.996836 0.073247 -0.030878 -0.000000 -0.073247 0.695516 -0.714767 3.614000 -0.030878 0.714767 0.698680 0.000000 0.000000 0.000000 0.000000 1.000000</float_array>
        <technique_common>
          <accessor source="#mixamorig_LeftHandMiddle2-Matrix-animation-output-transform-array" count="21" stride="16">
            <param type="float4x4"/>
          </accessor>
        </technique_common>
      </source>
      <source id="mixamorig_LeftHandMiddle2-Interpolations">
        <Name_array id="mixamorig_LeftHandMiddle2-Interpolations-array" count="21">
 LINEAR LINEAR LINEAR LINEAR LINEAR LINEAR LINEAR LINEAR LINEAR LINEAR LINEAR
LINEAR LINEAR LINEAR LINEAR LINEAR LINEAR LINEAR LINEAR LINEAR LINEAR</Name_array>
        <technique_common>
          <accessor source="#mixamorig_LeftHandMiddle2-Interpolations-array" count="21">
            <param type="name"/>
          </accessor>
        </technique_common>
      </source>
      <sampler id="mixamorig_LeftHandMiddle2-Matrix-animation-transform">
        <input semantic="INPUT" source="#mixamorig_LeftHandMiddle2-Matrix-animation-input"/>
        <input semantic="OUTPUT" source="#mixamorig_LeftHandMiddle2-Matrix-animation-output-transform"/>
        <input semantic="INTERPOLATION" source="#mixamorig_LeftHandMiddle2-Interpolations"/>
      </sampler>
      <channel source="#mixamorig_LeftHandMiddle2-Matrix-animation-transform" target="mixamorig_LeftHandMiddle2/matrix"/>
    </animation>
    <animation id="mixamorig_LeftHandMiddle3-anim" name="mixamorig_LeftHandMiddle3">
      <source id="mixamorig_LeftHandMiddle3-Matrix-animation-input">
        <float_array id="mixamorig_LeftHandMiddle3-Matrix-animation-input-array" count="21">

0.000000 0.033333 0.066667 0.100000 0.133333 0.166667 0.200000 0.233333 0.266667 0.300000 0.333333 0.366667 0.400000 0.433333 0.466667 0.500000
0.533333 0.566667 0.600000 0.633333 0.666667</float_array>
        <technique_common>
          <accessor source="#mixamorig_LeftHandMiddle3-Matrix-animation-input-array" count="21">
            <param name="TIME" type="float"/>
          </accessor>
        </technique_common>
      </source>
      <source id="mixamorig_LeftHandMiddle3-Matrix-animation-output-transform">
        <float_array id="mixamorig_LeftHandMiddle3-Matrix-animation-output-transform-array" count="336">

0.997088 0.070763 -0.028412 0.000000 -0.070763 0.719838 -0.690526 3.459800 -0.028411 0.690526 0.722749 -0.000000 0.000000 0.000000 0.000000 1.000000
0.997088 0.070763 -0.028412 -0.000000 -0.070763 0.719838 -0.690526 3.459800 -0.028411 0.690526 0.722749 0.000000 0.000000 0.000000 0.000000 1.000000
0.997088 0.070763 -0.028412 0.000000 -0.070763 0.719838 -0.690526 3.459800 -0.028411 0.690526 0.722749 -0.000000 0.000000 0.000000 0.000000 1.000000
0.997088 0.070763 -0.028412 0.000000 -0.070763 0.719838 -0.690526 3.459800 -0.028412 0.690526 0.722750 0.000000 0.000000 0.000000 0.000000 1.000000
0.997088 0.070763 -0.028412 0.000000 -0.070763 0.719837 -0.690526 3.459800 -0.028411 0.690526 0.722749 0.000000 0.000000 0.000000 0.000000 1.000000
0.997088 0.070763 -0.028412 0.000000 -0.070763 0.719838 -0.690526 3.459800 -0.028411 0.690526 0.722749 0.000000 0.000000 0.000000 0.000000 1.000000
0.997088 0.070763 -0.028412 0.000000 -0.070763 0.719838 -0.690526 3.459800 -0.028411 0.690526 0.722749 0.000000 0.000000 0.000000 0.000000 1.000000
0.997088 0.070763 -0.028412 0.000000 -0.070763 0.719838 -0.690526 3.459800 -0.028411 0.690526 0.722750 0.000000 0.000000 0.000000 0.000000 1.000000
0.997088 0.070762 -0.028413 0.000000 -0.070763 0.719838 -0.690526 3.459800 -0.028411 0.690526 0.722749 0.000000 0.000000 0.000000 0.000000 1.000000
0.997088 0.070763 -0.028413 0.000000 -0.070763 0.719838 -0.690526 3.459800 -0.028411 0.690526 0.722750 -0.000000 0.000000 0.000000 0.000000 1.000000
0.997088 0.070763 -0.028412 0.000000 -0.070763 0.719837 -0.690526 3.459800 -0.028411 0.690526 0.722749 0.000000 0.000000 0.000000 0.000000 1.000000
0.997088 0.070763 -0.028413 0.000000 -0.070763 0.719837 -0.690526 3.459800 -0.028411 0.690527 0.722749 0.000000 0.000000 0.000000 0.000000 1.000000
0.997088 0.070763 -0.028413 -0.000000 -0.070763 0.719837 -0.690526 3.459800 -0.028411 0.690526 0.722749 -0.000000 0.000000 0.000000 0.000000 1.000000
0.997088 0.070763 -0.028412 0.000000 -0.070763 0.719838 -0.690526 3.459800 -0.028411 0.690526 0.722749 -0.000000 0.000000 0.000000 0.000000 1.000000
0.997088 0.070763 -0.028412 -0.000000 -0.070763 0.719838 -0.690526 3.459800 -0.028411 0.690526 0.722749 0.000000 0.000000 0.000000 0.000000 1.000000
0.997088 0.070763 -0.028412 0.000000 -0.070763 0.719838 -0.690526 3.459800 -0.028411 0.690526 0.722749 0.000000 0.000000 0.000000 0.000000 1.000000
0.997088 0.070763 -0.028412 0.000000 -0.070763 0.719837 -0.690526 3.459800 -0.028411 0.690526 0.722749 -0.000000 0.000000 0.000000 0.000000 1.000000
0.997088 0.070763 -0.028413 -0.000000 -0.070763 0.719838 -0.690526 3.459800 -0.028411 0.690526 0.722749 0.000000 0.000000 0.000000 0.000000 1.000000
0.997088 0.070763 -0.028412 0.000000 -0.070763 0.719838 -0.690526 3.459800 -0.028411 0.690526 0.722749 0.000000 0.000000 0.000000 0.000000 1.000000
0.997088 0.070763 -0.028412 0.000000 -0.070763 0.719837 -0.690526 3.459800 -0.028411 0.690526 0.722749 -0.000000 0.000000 0.000000 0.000000 1.000000
0.997088 0.070763 -0.028412 0.000000 -0.070763 0.719838 -0.690526 3.459800 -0.028411 0.690526 0.722749 -0.000000 0.000000 0.000000 0.000000 1.000000</float_array>
        <technique_common>
          <accessor source="#mixamorig_LeftHandMiddle3-Matrix-animation-output-transform-array" count="21" stride="16">
            <param type="float4x4"/>
          </accessor>
        </technique_common>
      </source>
      <source id="mixamorig_LeftHandMiddle3-Interpolations">
        <Name_array id="mixamorig_LeftHandMiddle3-Interpolations-array" count="21">
 LINEAR LINEAR LINEAR LINEAR LINEAR LINEAR LINEAR LINEAR LINEAR LINEAR LINEAR
LINEAR LINEAR LINEAR LINEAR LINEAR LINEAR LINEAR LINEAR LINEAR LINEAR</Name_array>
        <technique_common>
          <accessor source="#mixamorig_LeftHandMiddle3-Interpolations-array" count="21">
            <param type="name"/>
          </accessor>
        </technique_common>
      </source>
      <sampler id="mixamorig_LeftHandMiddle3-Matrix-animation-transform">
        <input semantic="INPUT" source="#mixamorig_LeftHandMiddle3-Matrix-animation-input"/>
        <input semantic="OUTPUT" source="#mixamorig_LeftHandMiddle3-Matrix-animation-output-transform"/>
        <input semantic="INTERPOLATION" source="#mixamorig_LeftHandMiddle3-Interpolations"/>
      </sampler>
      <channel source="#mixamorig_LeftHandMiddle3-Matrix-animation-transform" target="mixamorig_LeftHandMiddle3/matrix"/>
    </animation>
    <animation id="mixamorig_LeftHandRing1-anim" name="mixamorig_LeftHandRing1">
      <source id="mixamorig_LeftHandRing1-Matrix-animation-input">
        <float_array id="mixamorig_LeftHandRing1-Matrix-animation-input-array" count="21">

0.000000 0.033333 0.066667 0.100000 0.133333 0.166667 0.200000 0.233333 0.266667 0.300000 0.333333 0.366667 0.400000 0.433333 0.466667 0.500000
0.533333 0.566667 0.600000 0.633333 0.666667</float_array>
        <technique_common>
          <accessor source="#mixamorig_LeftHandRing1-Matrix-animation-input-array" count="21">
            <param name="TIME" type="float"/>
          </accessor>
        </technique_common>
      </source>
      <source id="mixamorig_LeftHandRing1-Matrix-animation-output-transform">
        <float_array id="mixamorig_LeftHandRing1-Matrix-animation-output-transform-array" count="336">

0.999760 0.005520 0.021220 2.216600 0.001287 0.951348 -0.308117 12.147000 -0.021888 0.308070 0.951112 -0.010000 0.000000 0.000000 0.000000 1.000000
0.999760 0.005520 0.021220 2.216600 0.001287 0.951348 -0.308117 12.147000 -0.021888 0.308070 0.951112 -0.010000 0.000000 0.000000 0.000000 1.000000
0.999760 0.005520 0.021220 2.216600 0.001287 0.951348 -0.308117 12.147000 -0.021888 0.308070 0.951112 -0.010000 0.000000 0.000000 0.000000 1.000000
0.999760 0.005520 0.021220 2.216600 0.001287 0.951348 -0.308117 12.147000 -0.021888 0.308070 0.951112 -0.010000 0.000000 0.000000 0.000000 1.000000
0.999760 0.005520 0.021220 2.216600 0.001287 0.951348 -0.308117 12.147000 -0.021888 0.308070 0.951112 -0.010000 0.000000 0.000000 0.000000 1.000000
0.999760 0.005520 0.021220 2.216600 0.001287 0.951348 -0.308117 12.147000 -0.021888 0.308070 0.951112 -0.010000 0.000000 0.000000 0.000000 1.000000
0.999760 0.005520 0.021220 2.216600 0.001287 0.951348 -0.308117 12.147000 -0.021888 0.308070 0.951112 -0.010000 0.000000 0.000000 0.000000 1.000000
0.999760 0.005520 0.021220 2.216600 0.001287 0.951348 -0.308117 12.147000 -0.021888 0.308070 0.951112 -0.010000 0.000000 0.000000 0.000000 1.000000
0.999760 0.005520 0.021220 2.216600 0.001287 0.951348 -0.308117 12.147000 -0.021888 0.308070 0.951112 -0.010000 0.000000 0.000000 0.000000 1.000000
0.999760 0.005520 0.021220 2.216600 0.001287 0.951348 -0.308117 12.147000 -0.021889 0.308070 0.951112 -0.010000 0.000000 0.000000 0.000000 1.000000
0.999760 0.005521 0.021220 2.216600 0.001286 0.951348 -0.308117 12.147000 -0.021888 0.308070 0.951112 -0.010000 0.000000 0.000000 0.000000 1.000000
0.999760 0.005521 0.021220 2.216600 0.001286 0.951348 -0.308117 12.147000 -0.021888 0.308070 0.951112 -0.010000 0.000000 0.000000 0.000000 1.000000
0.999760 0.005520 0.021220 2.216600 0.001287 0.951348 -0.308117 12.147000 -0.021888 0.308070 0.951112 -0.010000 0.000000 0.000000 0.000000 1.000000
0.999760 0.005521 0.021220 2.216600 0.001286 0.951348 -0.308117 12.147000 -0.021888 0.308070 0.951112 -0.010000 0.000000 0.000000 0.000000 1.000000
0.999760 0.005520 0.021220 2.216600 0.001287 0.951348 -0.308117 12.147000 -0.021888 0.308070 0.951112 -0.010000 0.000000 0.000000 0.000000 1.000000
0.999760 0.005520 0.021220 2.216600 0.001287 0.951348 -0.308117 12.147000 -0.021888 0.308070 0.951112 -0.010000 0.000000 0.000000 0.000000 1.000000
0.999760 0.005520 0.021220 2.216600 0.001287 0.951348 -0.308117 12.147000 -0.021888 0.308070 0.951112 -0.010000 0.000000 0.000000 0.000000 1.000000
0.999760 0.005521 0.021220 2.216600 0.001286 0.951348 -0.308117 12.147000 -0.021888 0.308070 0.951112 -0.010000 0.000000 0.000000 0.000000 1.000000
0.999760 0.005520 0.021220 2.216600 0.001287 0.951348 -0.308117 12.147000 -0.021888 0.308070 0.951112 -0.010000 0.000000 0.000000 0.000000 1.000000
0.999760 0.005520 0.021220 2.216600 0.001287 0.951348 -0.308117 12.147000 -0.021888 0.308070 0.951112 -0.010000 0.000000 0.000000 0.000000 1.000000
0.999760 0.005520 0.021220 2.216600 0.001287 0.951348 -0.308116 12.147000 -0.021888 0.308070 0.951112 -0.010000 0.000000 0.000000 0.000000 1.000000</float_array>
        <technique_common>
          <accessor source="#mixamorig_LeftHandRing1-Matrix-animation-output-transform-array" count="21" stride="16">
            <param type="float4x4"/>
          </accessor>
        </technique_common>
      </source>
      <source id="mixamorig_LeftHandRing1-Interpolations">
        <Name_array id="mixamorig_LeftHandRing1-Interpolations-array" count="21">
 LINEAR LINEAR LINEAR LINEAR LINEAR LINEAR LINEAR LINEAR LINEAR LINEAR LINEAR
LINEAR LINEAR LINEAR LINEAR LINEAR LINEAR LINEAR LINEAR LINEAR LINEAR</Name_array>
        <technique_common>
          <accessor source="#mixamorig_LeftHandRing1-Interpolations-array" count="21">
            <param type="name"/>
          </accessor>
        </technique_common>
      </source>
      <sampler id="mixamorig_LeftHandRing1-Matrix-animation-transform">
        <input semantic="INPUT" source="#mixamorig_LeftHandRing1-Matrix-animation-input"/>
        <input semantic="OUTPUT" source="#mixamorig_LeftHandRing1-Matrix-animation-output-transform"/>
        <input semantic="INTERPOLATION" source="#mixamorig_LeftHandRing1-Interpolations"/>
      </sampler>
      <channel source="#mixamorig_LeftHandRing1-Matrix-animation-transform" target="mixamorig_LeftHandRing1/matrix"/>
    </animation>
    <animation id="mixamorig_LeftHandRing2-anim" name="mixamorig_LeftHandRing2">
      <source id="mixamorig_LeftHandRing2-Matrix-animation-input">
        <float_array id="mixamorig_LeftHandRing2-Matrix-animation-input-array" count="21">

0.000000 0.033333 0.066667 0.100000 0.133333 0.166667 0.200000 0.233333 0.266667 0.300000 0.333333 0.366667 0.400000 0.433333 0.466667 0.500000
0.533333 0.566667 0.600000 0.633333 0.666667</float_array>
        <technique_common>
          <accessor source="#mixamorig_LeftHandRing2-Matrix-animation-input-array" count="21">
            <param name="TIME" type="float"/>
          </accessor>
        </technique_common>
      </source>
      <source id="mixamorig_LeftHandRing2-Matrix-animation-output-transform">
        <float_array id="mixamorig_LeftHandRing2-Matrix-animation-output-transform-array" count="336">

0.993321 0.095213 -0.065177 0.000000 -0.095214 0.357303 -0.929123 3.601200 -0.065177 0.929123 0.363982 0.000000 0.000000 0.000000 0.000000 1.000000
0.993321 0.095213 -0.065178 0.000000 -0.095214 0.357303 -0.929123 3.601200 -0.065176 0.929123 0.363982 0.000000 0.000000 0.000000 0.000000 1.000000
0.993321 0.095213 -0.065178 -0.000000 -0.095214 0.357303 -0.929123 3.601200 -0.065176 0.929123 0.363982 0.000000 0.000000 0.000000 0.000000 1.000000
0.993321 0.095213 -0.065178 0.000000 -0.095214 0.357303 -0.929123 3.601200 -0.065177 0.929123 0.363982 0.000000 0.000000 0.000000 0.000000 1.000000
0.993321 0.095213 -0.065178 0.000000 -0.095214 0.357303 -0.929123 3.601200 -0.065177 0.929123 0.363982 -0.000000 0.000000 0.000000 0.000000 1.000000
0.993321 0.095213 -0.065177 -0.000000 -0.095214 0.357304 -0.929122 3.601200 -0.065176 0.929122 0.363983 0.000000 0.000000 0.000000 0.000000 1.000000
0.993321 0.095213 -0.065178 0.000000 -0.095214 0.357303 -0.929123 3.601200 -0.065177 0.929123 0.363982 -0.000000 0.000000 0.000000 0.000000 1.000000
0.993321 0.095213 -0.065178 0.000000 -0.095214 0.357303 -0.929123 3.601200 -0.065177 0.929123 0.363982 0.000000 0.000000 0.000000 0.000000 1.000000
0.993321 0.095213 -0.065178 -0.000000 -0.095214 0.357303 -0.929123 3.601200 -0.065176 0.929123 0.363982 0.000000 0.000000 0.000000 0.000000 1.000000
0.993321 0.095213 -0.065177 0.000000 -0.095214 0.357302 -0.929123 3.601200 -0.065177 0.929123 0.363982 0.000000 0.000000 0.000000 0.000000 1.000000
0.993321 0.095213 -0.065177 0.000000 -0.095214 0.357303 -0.929123 3.601200 -0.065177 0.929123 0.363982 0.000000 0.000000 0.000000 0.000000 1.000000
0.993321 0.095213 -0.065177 0.000000 -0.095214 0.357305 -0.929122 3.601200 -0.065177 0.929122 0.363984 0.000000 0.000000 0.000000 0.000000 1.000000
0.993321 0.095213 -0.065178 -0.000000 -0.095214 0.357303 -0.929123 3.601200 -0.065177 0.929123 0.363982 -0.000000 0.000000 0.000000 0.000000 1.000000
0.993321 0.095213 -0.065177 0.000000 -0.095213 0.357303 -0.929123 3.601200 -0.065176 0.929123 0.363982 0.000000 0.000000 0.000000 0.000000 1.000000
0.993321 0.095214 -0.065178 0.000000 -0.095214 0.357304 -0.929122 3.601200 -0.065177 0.929122 0.363983 0.000000 0.000000 0.000000 0.000000 1.000000
0.993321 0.095213 -0.065178 0.000000 -0.095214 0.357303 -0.929123 3.601200 -0.065176 0.929123 0.363982 0.000000 0.000000 0.000000 0.000000 1.000000
0.993321 0.095213 -0.065177 -0.000000 -0.095214 0.357302 -0.929123 3.601200 -0.065176 0.929123 0.363981 0.000000 0.000000 0.000000 0.000000 1.000000
0.993321 0.095213 -0.065178 0.000000 -0.095214 0.357303 -0.929123 3.601200 -0.065177 0.929123 0.363982 0.000000 0.000000 0.000000 0.000000 1.000000
0.993321 0.095213 -0.065178 -0.000000 -0.095214 0.357303 -0.929122 3.601200 -0.065176 0.929123 0.363982 0.000000 0.000000 0.000000 0.000000 1.000000
0.993321 0.095213 -0.065178 0.000000 -0.095214 0.357303 -0.929123 3.601200 -0.065176 0.929123 0.363982 -0.000000 0.000000 0.000000 0.000000 1.000000
0.993321 0.095213 -0.065178 -0.000000 -0.095214 0.357303 -0.929123 3.601200 -0.065176 0.929123 0.363982 0.000000 0.000000 0.000000 0.000000 1.000000</float_array>
        <technique_common>
          <accessor source="#mixamorig_LeftHandRing2-Matrix-animation-output-transform-array" count="21" stride="16">
            <param type="float4x4"/>
          </accessor>
        </technique_common>
      </source>
      <source id="mixamorig_LeftHandRing2-Interpolations">
        <Name_array id="mixamorig_LeftHandRing2-Interpolations-array" count="21">
 LINEAR LINEAR LINEAR LINEAR LINEAR LINEAR LINEAR LINEAR LINEAR LINEAR LINEAR
LINEAR LINEAR LINEAR LINEAR LINEAR LINEAR LINEAR LINEAR LINEAR LINEAR</Name_array>
        <technique_common>
          <accessor source="#mixamorig_LeftHandRing2-Interpolations-array" count="21">
            <param type="name"/>
          </accessor>
        </technique_common>
      </source>
      <sampler id="mixamorig_LeftHandRing2-Matrix-animation-transform">
        <input semantic="INPUT" source="#mixamorig_LeftHandRing2-Matrix-animation-input"/>
        <input semantic="OUTPUT" source="#mixamorig_LeftHandRing2-Matrix-animation-output-transform"/>
        <input semantic="INTERPOLATION" source="#mixamorig_LeftHandRing2-Interpolations"/>
      </sampler>
      <channel source="#mixamorig_LeftHandRing2-Matrix-animation-transform" target="mixamorig_LeftHandRing2/matrix"/>
    </animation>
    <animation id="mixamorig_LeftHandRing3-anim" name="mixamorig_LeftHandRing3">
      <source id="mixamorig_LeftHandRing3-Matrix-animation-input">
        <float_array id="mixamorig_LeftHandRing3-Matrix-animation-input-array" count="21">

0.000000 0.033333 0.066667 0.100000 0.133333 0.166667 0.200000 0.233333 0.266667 0.300000 0.333333 0.366667 0.400000 0.433333 0.466667 0.500000
0.533333 0.566667 0.600000 0.633333 0.666667</float_array>
        <technique_common>
          <accessor source="#mixamorig_LeftHandRing3-Matrix-animation-input-array" count="21">
            <param name="TIME" type="float"/>
          </accessor>
        </technique_common>
      </source>
      <source id="mixamorig_LeftHandRing3-Matrix-animation-output-transform">
        <float_array id="mixamorig_LeftHandRing3-Matrix-animation-output-transform-array" count="336">

0.981672 0.189922 -0.015830 0.000000 -0.167429 0.819761 -0.547686 3.307300 -0.091041 0.540298 0.836534 0.000000 0.000000 0.000000 0.000000 1.000000
0.981672 0.189921 -0.015830 0.000000 -0.167429 0.819761 -0.547686 3.307300 -0.091041 0.540298 0.836534 -0.000000 0.000000 0.000000 0.000000 1.000000
0.981672 0.189922 -0.015830 -0.000000 -0.167429 0.819761 -0.547686 3.307300 -0.091041 0.540298 0.836534 0.000000 0.000000 0.000000 0.000000 1.000000
0.981672 0.189922 -0.015830 0.000000 -0.167429 0.819761 -0.547686 3.307300 -0.091041 0.540298 0.836534 0.000000 0.000000 0.000000 0.000000 1.000000
0.981672 0.189922 -0.015830 -0.000000 -0.167429 0.819761 -0.547686 3.307300 -0.091040 0.540298 0.836534 0.000000 0.000000 0.000000 0.000000 1.000000
0.981672 0.189922 -0.015830 0.000000 -0.167429 0.819761 -0.547686 3.307300 -0.091041 0.540298 0.836534 0.000000 0.000000 0.000000 0.000000 1.000000
0.981672 0.189922 -0.015829 0.000000 -0.167429 0.819761 -0.547686 3.307300 -0.091041 0.540298 0.836534 0.000000 0.000000 0.000000 0.000000 1.000000
0.981672 0.189921 -0.015830 -0.000000 -0.167429 0.819761 -0.547686 3.307300 -0.091041 0.540298 0.836534 0.000000 0.000000 0.000000 0.000000 1.000000
0.981672 0.189922 -0.015829 -0.000000 -0.167429 0.819761 -0.547686 3.307300 -0.091041 0.540298 0.836534 0.000000 0.000000 0.000000 0.000000 1.000000
0.981672 0.189922 -0.015830 0.000000 -0.167429 0.819761 -0.547685 3.307300 -0.091041 0.540298 0.836535 0.000000 0.000000 0.000000 0.000000 1.000000
0.981672 0.189922 -0.015830 0.000000 -0.167429 0.819761 -0.547686 3.307300 -0.091041 0.540298 0.836534 0.000000 0.000000 0.000000 0.000000 1.000000
0.981672 0.189922 -0.015830 0.000000 -0.167429 0.819761 -0.547686 3.307300 -0.091041 0.540298 0.836534 0.000000 0.000000 0.000000 0.000000 1.000000
0.981672 0.189922 -0.015830 0.000000 -0.167429 0.819761 -0.547685 3.307300 -0.091041 0.540297 0.836535 0.000000 0.000000 0.000000 0.000000 1.000000
0.981672 0.189921 -0.015830 -0.000000 -0.167429 0.819761 -0.547686 3.307300 -0.091040 0.540298 0.836534 0.000000 0.000000 0.000000 0.000000 1.000000
0.981672 0.189921 -0.015830 0.000000 -0.167429 0.819761 -0.547685 3.307300 -0.091041 0.540298 0.836535 0.000000 0.000000 0.000000 0.000000 1.000000
0.981672 0.189922 -0.015830 0.000000 -0.167429 0.819761 -0.547686 3.307300 -0.091041 0.540298 0.836534 0.000000 0.000000 0.000000 0.000000 1.000000
0.981672 0.189922 -0.015830 0.000000 -0.167429 0.819761 -0.547685 3.307300 -0.091041 0.540297 0.836535 -0.000000 0.000000 0.000000 0.000000 1.000000
0.981672 0.189922 -0.015829 -0.000000 -0.167429 0.819761 -0.547685 3.307300 -0.091041 0.540298 0.836535 0.000000 0.000000 0.000000 0.000000 1.000000
0.981672 0.189922 -0.015829 0.000000 -0.167429 0.819761 -0.547686 3.307300 -0.091041 0.540298 0.836534 0.000000 0.000000 0.000000 0.000000 1.000000
0.981672 0.189921 -0.015829 0.000000 -0.167428 0.819761 -0.547686 3.307300 -0.091041 0.540298 0.836534 0.000000 0.000000 0.000000 0.000000 1.000000
0.981672 0.189922 -0.015830 0.000000 -0.167429 0.819761 -0.547686 3.307300 -0.091041 0.540298 0.836534 0.000000 0.000000 0.000000 0.000000 1.000000</float_array>
        <technique_common>
          <accessor source="#mixamorig_LeftHandRing3-Matrix-animation-output-transform-array" count="21" stride="16">
            <param type="float4x4"/>
          </accessor>
        </technique_common>
      </source>
      <source id="mixamorig_LeftHandRing3-Interpolations">
        <Name_array id="mixamorig_LeftHandRing3-Interpolations-array" count="21">
 LINEAR LINEAR LINEAR LINEAR LINEAR LINEAR LINEAR LINEAR LINEAR LINEAR LINEAR
LINEAR LINEAR LINEAR LINEAR LINEAR LINEAR LINEAR LINEAR LINEAR LINEAR</Name_array>
        <technique_common>
          <accessor source="#mixamorig_LeftHandRing3-Interpolations-array" count="21">
            <param type="name"/>
          </accessor>
        </technique_common>
      </source>
      <sampler id="mixamorig_LeftHandRing3-Matrix-animation-transform">
        <input semantic="INPUT" source="#mixamorig_LeftHandRing3-Matrix-animation-input"/>
        <input semantic="OUTPUT" source="#mixamorig_LeftHandRing3-Matrix-animation-output-transform"/>
        <input semantic="INTERPOLATION" source="#mixamorig_LeftHandRing3-Interpolations"/>
      </sampler>
      <channel source="#mixamorig_LeftHandRing3-Matrix-animation-transform" target="mixamorig_LeftHandRing3/matrix"/>
    </animation>
    <animation id="mixamorig_LeftHandPinky1-anim" name="mixamorig_LeftHandPinky1">
      <source id="mixamorig_LeftHandPinky1-Matrix-animation-input">
        <float_array id="mixamorig_LeftHandPinky1-Matrix-animation-input-array" count="21">

0.000000 0.033333 0.066667 0.100000 0.133333 0.166667 0.200000 0.233333 0.266667 0.300000 0.333333 0.366667 0.400000 0.433333 0.466667 0.500000
0.533333 0.566667 0.600000 0.633333 0.666667</float_array>
        <technique_common>
          <accessor source="#mixamorig_LeftHandPinky1-Matrix-animation-input-array" count="21">
            <param name="TIME" type="float"/>
          </accessor>
        </technique_common>
      </source>
      <source id="mixamorig_LeftHandPinky1-Matrix-animation-output-transform">
        <float_array id="mixamorig_LeftHandPinky1-Matrix-animation-output-transform-array" count="336">

0.990027 0.012009 -0.140366 4.725800 -0.028080 0.993189 -0.113083 10.908200 0.138052 0.115897 0.983621 0.226100 0.000000 0.000000 0.000000 1.000000
0.990027 0.012008 -0.140366 4.725800 -0.028080 0.993189 -0.113083 10.908200 0.138052 0.115897 0.983621 0.226100 0.000000 0.000000 0.000000 1.000000
0.990027 0.012009 -0.140366 4.725800 -0.028080 0.993189 -0.113083 10.908200 0.138052 0.115897 0.983621 0.226100 0.000000 0.000000 0.000000 1.000000
0.990027 0.012009 -0.140366 4.725800 -0.028080 0.993189 -0.113084 10.908200 0.138052 0.115897 0.983621 0.226100 0.000000 0.000000 0.000000 1.000000
0.990027 0.012009 -0.140366 4.725800 -0.028080 0.993189 -0.113084 10.908200 0.138052 0.115897 0.983621 0.226100 0.000000 0.000000 0.000000 1.000000
0.990027 0.012009 -0.140366 4.725800 -0.028080 0.993189 -0.113084 10.908200 0.138052 0.115897 0.983621 0.226100 0.000000 0.000000 0.000000 1.000000
0.990027 0.012009 -0.140366 4.725800 -0.028080 0.993189 -0.113084 10.908200 0.138052 0.115897 0.983621 0.226100 0.000000 0.000000 0.000000 1.000000
0.990027 0.012009 -0.140366 4.725800 -0.028080 0.993189 -0.113084 10.908200 0.138052 0.115897 0.983621 0.226100 0.000000 0.000000 0.000000 1.000000
0.990027 0.012009 -0.140366 4.725800 -0.028080 0.993189 -0.113083 10.908200 0.138051 0.115897 0.983621 0.226100 0.000000 0.000000 0.000000 1.000000
0.990027 0.012009 -0.140365 4.725800 -0.028080 0.993189 -0.113084 10.908200 0.138051 0.115897 0.983621 0.226100 0.000000 0.000000 0.000000 1.000000
0.990027 0.012009 -0.140366 4.725800 -0.028080 0.993189 -0.113084 10.908200 0.138052 0.115897 0.983621 0.226100 0.000000 0.000000 0.000000 1.000000
0.990027 0.012009 -0.140365 4.725800 -0.028080 0.993189 -0.113084 10.908200 0.138051 0.115897 0.983621 0.226100 0.000000 0.000000 0.000000 1.000000
0.990027 0.012009 -0.140366 4.725800 -0.028080 0.993189 -0.113083 10.908200 0.138051 0.115897 0.983621 0.226100 0.000000 0.000000 0.000000 1.000000
0.990027 0.012009 -0.140366 4.725800 -0.028080 0.993189 -0.113083 10.908200 0.138051 0.115897 0.983621 0.226100 0.000000 0.000000 0.000000 1.000000
0.990027 0.012009 -0.140366 4.725800 -0.028080 0.993189 -0.113084 10.908200 0.138052 0.115897 0.983621 0.226100 0.000000 0.000000 0.000000 1.000000
0.990027 0.012008 -0.140366 4.725800 -0.028080 0.993189 -0.113084 10.908200 0.138052 0.115897 0.983621 0.226100 0.000000 0.000000 0.000000 1.000000
0.990027 0.012009 -0.140366 4.725800 -0.028080 0.993189 -0.113084 10.908200 0.138052 0.115897 0.983621 0.226100 0.000000 0.000000 0.000000 1.000000
0.990027 0.012009 -0.140366 4.725800 -0.028080 0.993189 -0.113084 10.908200 0.138052 0.115897 0.983621 0.226100 0.000000 0.000000 0.000000 1.000000
0.990027 0.012008 -0.140366 4.725800 -0.028080 0.993189 -0.113083 10.908200 0.138052 0.115897 0.983621 0.226100 0.000000 0.000000 0.000000 1.000000
0.990027 0.012008 -0.140366 4.725800 -0.028080 0.993189 -0.113083 10.908200 0.138051 0.115897 0.983621 0.226100 0.000000 0.000000 0.000000 1.000000
0.990027 0.012009 -0.140366 4.725800 -0.028080 0.993189 -0.113083 10.908200 0.138052 0.115897 0.983621 0.226100 0.000000 0.000000 0.000000 1.000000</float_array>
        <technique_common>
          <accessor source="#mixamorig_LeftHandPinky1-Matrix-animation-output-transform-array" count="21" stride="16">
            <param type="float4x4"/>
          </accessor>
        </technique_common>
      </source>
      <source id="mixamorig_LeftHandPinky1-Interpolations">
        <Name_array id="mixamorig_LeftHandPinky1-Interpolations-array" count="21">
 LINEAR LINEAR LINEAR LINEAR LINEAR LINEAR LINEAR LINEAR LINEAR LINEAR LINEAR
LINEAR LINEAR LINEAR LINEAR LINEAR LINEAR LINEAR LINEAR LINEAR LINEAR</Name_array>
        <technique_common>
          <accessor source="#mixamorig_LeftHandPinky1-Interpolations-array" count="21">
            <param type="name"/>
          </accessor>
        </technique_common>
      </source>
      <sampler id="mixamorig_LeftHandPinky1-Matrix-animation-transform">
        <input semantic="INPUT" source="#mixamorig_LeftHandPinky1-Matrix-animation-input"/>
        <input semantic="OUTPUT" source="#mixamorig_LeftHandPinky1-Matrix-animation-output-transform"/>
        <input semantic="INTERPOLATION" source="#mixamorig_LeftHandPinky1-Interpolations"/>
      </sampler>
      <channel source="#mixamorig_LeftHandPinky1-Matrix-animation-transform" target="mixamorig_LeftHandPinky1/matrix"/>
    </animation>
    <animation id="mixamorig_LeftHandPinky2-anim" name="mixamorig_LeftHandPinky2">
      <source id="mixamorig_LeftHandPinky2-Matrix-animation-input">
        <float_array id="mixamorig_LeftHandPinky2-Matrix-animation-input-array" count="21">

0.000000 0.033333 0.066667 0.100000 0.133333 0.166667 0.200000 0.233333 0.266667 0.300000 0.333333 0.366667 0.400000 0.433333 0.466667 0.500000
0.533333 0.566667 0.600000 0.633333 0.666667</float_array>
        <technique_common>
          <accessor source="#mixamorig_LeftHandPinky2-Matrix-animation-input-array" count="21">
            <param name="TIME" type="float"/>
          </accessor>
        </technique_common>
      </source>
      <source id="mixamorig_LeftHandPinky2-Matrix-animation-output-transform">
        <float_array id="mixamorig_LeftHandPinky2-Matrix-animation-output-transform-array" count="336">

0.996060 0.079914 -0.038449 0.000000 -0.079915 0.620861 -0.779837 4.136700 -0.038448 0.779837 0.624801 0.000000 0.000000 0.000000 0.000000 1.000000
0.996060 0.079914 -0.038449 0.000000 -0.079915 0.620861 -0.779837 4.136700 -0.038449 0.779837 0.624801 0.000000 0.000000 0.000000 0.000000 1.000000
0.996060 0.079914 -0.038449 0.000000 -0.079915 0.620861 -0.779837 4.136700 -0.038448 0.779837 0.624801 0.000000 0.000000 0.000000 0.000000 1.000000
0.996060 0.079914 -0.038449 0.000000 -0.079915 0.620861 -0.779837 4.136700 -0.038449 0.779837 0.624801 -0.000000 0.000000 0.000000 0.000000 1.000000
0.996060 0.079914 -0.038449 -0.000000 -0.079914 0.620861 -0.779836 4.136700 -0.038448 0.779836 0.624802 -0.000000 0.000000 0.000000 0.000000 1.000000
0.996060 0.079914 -0.038449 0.000000 -0.079914 0.620861 -0.779837 4.136700 -0.038448 0.779837 0.624801 0.000000 0.000000 0.000000 0.000000 1.000000
0.996060 0.079914 -0.038449 0.000000 -0.079914 0.620861 -0.779836 4.136700 -0.038448 0.779836 0.624801 -0.000000 0.000000 0.000000 0.000000 1.000000
0.996060 0.079914 -0.038449 0.000000 -0.079915 0.620862 -0.779836 4.136700 -0.038448 0.779836 0.624802 0.000000 0.000000 0.000000 0.000000 1.000000
0.996060 0.079914 -0.038449 -0.000000 -0.079914 0.620861 -0.779837 4.136700 -0.038448 0.779837 0.624801 0.000000 0.000000 0.000000 0.000000 1.000000
0.996060 0.079914 -0.038449 0.000000 -0.079915 0.620862 -0.779836 4.136700 -0.038448 0.779836 0.624802 0.000000 0.000000 0.000000 0.000000 1.000000
0.996060 0.079914 -0.038449 0.000000 -0.079914 0.620862 -0.779836 4.136700 -0.038448 0.779836 0.624802 -0.000000 0.000000 0.000000 0.000000 1.000000
0.996060 0.079914 -0.038449 0.000000 -0.079914 0.620861 -0.779837 4.136700 -0.038448 0.779837 0.624801 0.000000 0.000000 0.000000 0.000000 1.000000
0.996060 0.079914 -0.038449 0.000000 -0.079915 0.620862 -0.779836 4.136700 -0.038448 0.779836 0.624802 0.000000 0.000000 0.000000 0.000000 1.000000
0.996060 0.079914 -0.038449 0.000000 -0.079915 0.620861 -0.779836 4.136700 -0.038448 0.779836 0.624802 -0.000000 0.000000 0.000000 0.000000 1.000000
0.996060 0.079914 -0.038449 0.000000 -0.079915 0.620862 -0.779836 4.136700 -0.038448 0.779836 0.624802 -0.000000 0.000000 0.000000 0.000000 1.000000
0.996060 0.079914 -0.038450 0.000000 -0.079915 0.620861 -0.779837 4.136700 -0.038448 0.779837 0.624801 0.000000 0.000000 0.000000 0.000000 1.000000
0.996060 0.079914 -0.038450 0.000000 -0.079915 0.620861 -0.779837 4.136700 -0.038448 0.779837 0.624801 0.000000 0.000000 0.000000 0.000000 1.000000
0.996060 0.079914 -0.038449 -0.000000 -0.079915 0.620861 -0.779836 4.136700 -0.038448 0.779836 0.624801 0.000000 0.000000 0.000000 0.000000 1.000000
0.996060 0.079914 -0.038450 0.000000 -0.079915 0.620861 -0.779836 4.136700 -0.038448 0.779836 0.624801 0.000000 0.000000 0.000000 0.000000 1.000000
0.996060 0.079914 -0.038449 0.000000 -0.079914 0.620862 -0.779836 4.136700 -0.038448 0.779836 0.624802 0.000000 0.000000 0.000000 0.000000 1.000000
0.996060 0.079914 -0.038449 0.000000 -0.079915 0.620863 -0.779835 4.136700 -0.038449 0.779835 0.624803 0.000000 0.000000 0.000000 0.000000 1.000000</float_array>
        <technique_common>
          <accessor source="#mixamorig_LeftHandPinky2-Matrix-animation-output-transform-array" count="21" stride="16">
            <param type="float4x4"/>
          </accessor>
        </technique_common>
      </source>
      <source id="mixamorig_LeftHandPinky2-Interpolations">
        <Name_array id="mixamorig_LeftHandPinky2-Interpolations-array" count="21">
 LINEAR LINEAR LINEAR LINEAR LINEAR LINEAR LINEAR LINEAR LINEAR LINEAR LINEAR
LINEAR LINEAR LINEAR LINEAR LINEAR LINEAR LINEAR LINEAR LINEAR LINEAR</Name_array>
        <technique_common>
          <accessor source="#mixamorig_LeftHandPinky2-Interpolations-array" count="21">
            <param type="name"/>
          </accessor>
        </technique_common>
      </source>
      <sampler id="mixamorig_LeftHandPinky2-Matrix-animation-transform">
        <input semantic="INPUT" source="#mixamorig_LeftHandPinky2-Matrix-animation-input"/>
        <input semantic="OUTPUT" source="#mixamorig_LeftHandPinky2-Matrix-animation-output-transform"/>
        <input semantic="INTERPOLATION" source="#mixamorig_LeftHandPinky2-Interpolations"/>
      </sampler>
      <channel source="#mixamorig_LeftHandPinky2-Matrix-animation-transform" target="mixamorig_LeftHandPinky2/matrix"/>
    </animation>
    <animation id="mixamorig_LeftHandPinky3-anim" name="mixamorig_LeftHandPinky3">
      <source id="mixamorig_LeftHandPinky3-Matrix-animation-input">
        <float_array id="mixamorig_LeftHandPinky3-Matrix-animation-input-array" count="21">

0.000000 0.033333 0.066667 0.100000 0.133333 0.166667 0.200000 0.233333 0.266667 0.300000 0.333333 0.366667 0.400000 0.433333 0.466667 0.500000
0.533333 0.566667 0.600000 0.633333 0.666667</float_array>
        <technique_common>
          <accessor source="#mixamorig_LeftHandPinky3-Matrix-animation-input-array" count="21">
            <param name="TIME" type="float"/>
          </accessor>
        </technique_common>
      </source>
      <source id="mixamorig_LeftHandPinky3-Matrix-animation-output-transform">
        <float_array id="mixamorig_LeftHandPinky3-Matrix-animation-output-transform-array" count="336">

0.998422 0.054010 -0.015403 -0.000000 -0.054010 0.848118 -0.527047 2.594800 -0.015402 0.527047 0.849696 0.000000 0.000000 0.000000 0.000000 1.000000
0.998422 0.054010 -0.015403 0.000000 -0.054010 0.848118 -0.527047 2.594800 -0.015402 0.527047 0.849696 0.000000 0.000000 0.000000 0.000000 1.000000
0.998422 0.054010 -0.015403 0.000000 -0.054010 0.848118 -0.527048 2.594800 -0.015402 0.527048 0.849696 0.000000 0.000000 0.000000 0.000000 1.000000
0.998422 0.054010 -0.015403 0.000000 -0.054010 0.848118 -0.527047 2.594800 -0.015402 0.527047 0.849697 0.000000 0.000000 0.000000 0.000000 1.000000
0.998422 0.054010 -0.015403 -0.000000 -0.054010 0.848118 -0.527047 2.594800 -0.015402 0.527047 0.849696 -0.000000 0.000000 0.000000 0.000000 1.000000
0.998422 0.054010 -0.015403 -0.000000 -0.054010 0.848118 -0.527047 2.594800 -0.015402 0.527047 0.849697 0.000000 0.000000 0.000000 0.000000 1.000000
0.998422 0.054010 -0.015403 0.000000 -0.054010 0.848118 -0.527047 2.594800 -0.015402 0.527047 0.849696 0.000000 0.000000 0.000000 0.000000 1.000000
0.998422 0.054010 -0.015403 0.000000 -0.054010 0.848118 -0.527047 2.594800 -0.015402 0.527047 0.849696 0.000000 0.000000 0.000000 0.000000 1.000000
0.998422 0.054010 -0.015403 0.000000 -0.054010 0.848118 -0.527047 2.594800 -0.015402 0.527047 0.849696 0.000000 0.000000 0.000000 0.000000 1.000000
0.998422 0.054010 -0.015403 0.000000 -0.054010 0.848118 -0.527047 2.594800 -0.015402 0.527047 0.849696 -0.000000 0.000000 0.000000 0.000000 1.000000
0.998422 0.054010 -0.015403 0.000000 -0.054010 0.848117 -0.527048 2.594800 -0.015402 0.527048 0.849696 -0.000000 0.000000 0.000000 0.000000 1.000000
0.998422 0.054010 -0.015403 -0.000000 -0.054010 0.848118 -0.527047 2.594800 -0.015402 0.527047 0.849696 -0.000000 0.000000 0.000000 0.000000 1.000000
0.998422 0.054010 -0.015403 0.000000 -0.054010 0.848118 -0.527047 2.594800 -0.015402 0.527047 0.849696 0.000000 0.000000 0.000000 0.000000 1.000000
0.998422 0.054010 -0.015403 0.000000 -0.054010 0.848118 -0.527047 2.594800 -0.015402 0.527047 0.849696 0.000000 0.000000 0.000000 0.000000 1.000000
0.998422 0.054010 -0.015403 0.000000 -0.054010 0.848118 -0.527047 2.594800 -0.015403 0.527047 0.849696 -0.000000 0.000000 0.000000 0.000000 1.000000
0.998422 0.054010 -0.015403 0.000000 -0.054010 0.848118 -0.527047 2.594800 -0.015402 0.527047 0.849696 0.000000 0.000000 0.000000 0.000000 1.000000
0.998422 0.054010 -0.015403 0.000000 -0.054010 0.848118 -0.527047 2.594800 -0.015402 0.527047 0.849696 -0.000000 0.000000 0.000000 0.000000 1.000000
0.998422 0.054010 -0.015403 0.000000 -0.054010 0.848118 -0.527047 2.594800 -0.015402 0.527047 0.849696 0.000000 0.000000 0.000000 0.000000 1.000000
0.998422 0.054010 -0.015403 0.000000 -0.054010 0.848118 -0.527047 2.594800 -0.015402 0.527047 0.849696 0.000000 0.000000 0.000000 0.000000 1.000000
0.998422 0.054010 -0.015403 0.000000 -0.054010 0.848118 -0.527047 2.594800 -0.015402 0.527047 0.849696 0.000000 0.000000 0.000000 0.000000 1.000000
0.998422 0.054010 -0.015403 0.000000 -0.054010 0.848118 -0.527048 2.594800 -0.015402 0.527048 0.849696 0.000000 0.000000 0.000000 0.000000 1.000000</float_array>
        <technique_common>
          <accessor source="#mixamorig_LeftHandPinky3-Matrix-animation-output-transform-array" count="21" stride="16">
            <param type="float4x4"/>
          </accessor>
        </technique_common>
      </source>
      <source id="mixamorig_LeftHandPinky3-Interpolations">
        <Name_array id="mixamorig_LeftHandPinky3-Interpolations-array" count="21">
 LINEAR LINEAR LINEAR LINEAR LINEAR LINEAR LINEAR LINEAR LINEAR LINEAR LINEAR
LINEAR LINEAR LINEAR LINEAR LINEAR LINEAR LINEAR LINEAR LINEAR LINEAR</Name_array>
        <technique_common>
          <accessor source="#mixamorig_LeftHandPinky3-Interpolations-array" count="21">
            <param type="name"/>
          </accessor>
        </technique_common>
      </source>
      <sampler id="mixamorig_LeftHandPinky3-Matrix-animation-transform">
        <input semantic="INPUT" source="#mixamorig_LeftHandPinky3-Matrix-animation-input"/>
        <input semantic="OUTPUT" source="#mixamorig_LeftHandPinky3-Matrix-animation-output-transform"/>
        <input semantic="INTERPOLATION" source="#mixamorig_LeftHandPinky3-Interpolations"/>
      </sampler>
      <channel source="#mixamorig_LeftHandPinky3-Matrix-animation-transform" target="mixamorig_LeftHandPinky3/matrix"/>
    </animation>
    <animation id="mixamorig_RightShoulder-anim" name="mixamorig_RightShoulder">
      <source id="mixamorig_RightShoulder-Matrix-animation-input">
        <float_array id="mixamorig_RightShoulder-Matrix-animation-input-array" count="21">

0.000000 0.033333 0.066667 0.100000 0.133333 0.166667 0.200000 0.233333 0.266667 0.300000 0.333333 0.366667 0.400000 0.433333 0.466667 0.500000
0.533333 0.566667 0.600000 0.633333 0.666667</float_array>
        <technique_common>
          <accessor source="#mixamorig_RightShoulder-Matrix-animation-input-array" count="21">
            <param name="TIME" type="float"/>
          </accessor>
        </technique_common>
      </source>
      <source id="mixamorig_RightShoulder-Matrix-animation-output-transform">
        <float_array id="mixamorig_RightShoulder-Matrix-animation-output-transform-array" count="336">

0.131371 -0.988121 0.079737 -6.105700 0.281616 -0.039922 -0.958696 9.106400 0.950491 0.148401 0.273026 0.757100 0.000000 0.000000 0.000000 1.000000
0.116915 -0.990826 0.067790 -6.105700 0.245028 -0.037370 -0.968796 9.106400 0.962441 0.129878 0.238411 0.757100 0.000000 0.000000 0.000000 1.000000
0.098507 -0.993563 0.055938 -6.105700 0.205400 -0.034701 -0.978063 9.106400 0.973708 0.107836 0.200660 0.757100 0.000000 0.000000 0.000000 1.000000
0.080778 -0.995686 0.045651 -6.105700 0.163620 -0.031933 -0.986006 9.106400 0.983211 0.087117 0.160335 0.757100 0.000000 0.000000 0.000000 1.000000
0.065148 -0.997182 0.037206 -6.105700 0.120614 -0.029143 -0.992272 9.106400 0.990560 0.069132 0.118375 0.757100 0.000000 0.000000 0.000000 1.000000
0.053998 -0.998071 0.030636 -6.105700 0.077371 -0.026407 -0.996653 9.106400 0.995539 0.056187 0.075796 0.757100 0.000000 0.000000 0.000000 1.000000
0.048371 -0.998504 0.025492 -6.105700 0.035013 -0.023811 -0.999103 9.106400 0.998216 0.049220 0.033809 0.757100 0.000000 0.000000 0.000000 1.000000
0.047931 -0.998626 0.021160 -6.105700 -0.005158 -0.021432 -0.999757 9.106400 0.998837 0.047811 -0.006178 0.757100 0.000000 0.000000 0.000000 1.000000
0.055007 -0.998341 0.017016 -6.105700 -0.041840 -0.019331 -0.998937 9.106400 0.997609 0.054237 -0.042834 0.757100 0.000000 0.000000 0.000000 1.000000
0.074212 -0.997170 0.012005 -6.105700 -0.073875 -0.017502 -0.997114 9.106400 0.994502 0.073111 -0.074965 0.757100 0.000000 0.000000 0.000000 1.000000
0.102769 -0.994690 0.005472 -6.105700 -0.100911 -0.015899 -0.994768 9.106400 0.989573 0.101679 -0.102009 0.757100 0.000000 0.000000 0.000000 1.000000
0.137061 -0.990560 -0.002445 -6.105700 -0.122404 -0.014488 -0.992375 9.106400 0.982971 0.136315 -0.123234 0.757100 0.000000 0.000000 0.000000 1.000000
0.189547 -0.981769 -0.014195 -6.105700 -0.140809 -0.012872 -0.989953 9.106400 0.971723 0.189641 -0.140682 0.757100 0.000000 0.000000 0.000000 1.000000
0.233304 -0.972135 -0.022864 -6.105700 -0.146160 -0.011812 -0.989190 9.106400 0.961357 0.234124 -0.144843 0.757100 0.000000 0.000000 0.000000 1.000000
0.262292 -0.964949 0.008731 -6.105700 -0.140181 -0.047053 -0.989007 9.106400 0.954752 0.258185 -0.147609 0.757100 0.000000 0.000000 0.000000 1.000000
0.264367 -0.964218 0.019855 -6.105700 -0.142337 -0.059371 -0.988036 9.106400 0.953861 0.258378 -0.152940 0.757100 0.000000 0.000000 0.000000 1.000000
0.251500 -0.967722 0.016165 -6.105700 -0.149081 -0.055237 -0.987281 9.106400 0.956307 0.245891 -0.158161 0.757100 0.000000 0.000000 0.000000 1.000000
0.229062 -0.973398 0.005177 -6.105700 -0.157544 -0.042321 -0.986605 9.106400 0.960578 0.225178 -0.163047 0.757100 0.000000 0.000000 0.000000 1.000000
0.197109 -0.980333 -0.009771 -6.105700 -0.167131 -0.023779 -0.985648 9.106400 0.966031 0.195913 -0.168531 0.757100 0.000000 0.000000 0.000000 1.000000
0.169158 -0.985413 -0.018633 -6.105700 -0.175724 -0.011552 -0.984372 9.106400 0.969797 0.169789 -0.175115 0.757100 0.000000 0.000000 0.000000 1.000000
0.151581 -0.988441 -0.002823 -6.105700 -0.183554 -0.025342 -0.982683 9.106400 0.971252 0.149474 -0.185273 0.757100 0.000000 0.000000 0.000000 1.000000</float_array>
        <technique_common>
          <accessor source="#mixamorig_RightShoulder-Matrix-animation-output-transform-array" count="21" stride="16">
            <param type="float4x4"/>
          </accessor>
        </technique_common>
      </source>
      <source id="mixamorig_RightShoulder-Interpolations">
        <Name_array id="mixamorig_RightShoulder-Interpolations-array" count="21">
 LINEAR LINEAR LINEAR LINEAR LINEAR LINEAR LINEAR LINEAR LINEAR LINEAR LINEAR
LINEAR LINEAR LINEAR LINEAR LINEAR LINEAR LINEAR LINEAR LINEAR LINEAR</Name_array>
        <technique_common>
          <accessor source="#mixamorig_RightShoulder-Interpolations-array" count="21">
            <param type="name"/>
          </accessor>
        </technique_common>
      </source>
      <sampler id="mixamorig_RightShoulder-Matrix-animation-transform">
        <input semantic="INPUT" source="#mixamorig_RightShoulder-Matrix-animation-input"/>
        <input semantic="OUTPUT" source="#mixamorig_RightShoulder-Matrix-animation-output-transform"/>
        <input semantic="INTERPOLATION" source="#mixamorig_RightShoulder-Interpolations"/>
      </sampler>
      <channel source="#mixamorig_RightShoulder-Matrix-animation-transform" target="mixamorig_RightShoulder/matrix"/>
    </animation>
    <animation id="mixamorig_RightArm-anim" name="mixamorig_RightArm">
      <source id="mixamorig_RightArm-Matrix-animation-input">
        <float_array id="mixamorig_RightArm-Matrix-animation-input-array" count="21">

0.000000 0.033333 0.066667 0.100000 0.133333 0.166667 0.200000 0.233333 0.266667 0.300000 0.333333 0.366667 0.400000 0.433333 0.466667 0.500000
0.533333 0.566667 0.600000 0.633333 0.666667</float_array>
        <technique_common>
          <accessor source="#mixamorig_RightArm-Matrix-animation-input-array" count="21">
            <param name="TIME" type="float"/>
          </accessor>
        </technique_common>
      </source>
      <source id="mixamorig_RightArm-Matrix-animation-output-transform">
        <float_array id="mixamorig_RightArm-Matrix-animation-output-transform-array" count="336">

0.649896 0.517229 -0.556874 0.000000 -0.752575 0.335626 -0.566556 12.922300 -0.106138 0.787293 0.607376 -0.000000 0.000000 0.000000 0.000000 1.000000
0.629695 0.558123 -0.540355 0.000000 -0.760516 0.301040 -0.575317 12.922300 -0.158429 0.773223 0.614025 -0.000000 0.000000 0.000000 0.000000 1.000000
0.609304 0.605154 -0.512384 0.000000 -0.762170 0.268712 -0.588974 12.922300 -0.218736 0.749388 0.624957 -0.000000 0.000000 0.000000 0.000000 1.000000
0.612642 0.619715 -0.490534 0.000000 -0.754711 0.274402 -0.595915 12.922300 -0.234694 0.735294 0.635816 -0.000000 0.000000 0.000000 0.000000 1.000000
0.636337 0.611120 -0.470752 0.000000 -0.738748 0.307070 -0.599966 12.922300 -0.222097 0.729548 0.646864 0.000000 0.000000 0.000000 0.000000 1.000000
0.688621 0.572848 -0.444575 0.000000 -0.702312 0.374331 -0.605503 12.922300 -0.180443 0.729192 0.660090 0.000000 0.000000 0.000000 0.000000 1.000000
0.739432 0.522856 -0.424102 -0.000000 -0.660186 0.439729 -0.608927 12.922300 -0.131891 0.730246 0.670332 0.000000 0.000000 0.000000 0.000000 1.000000
0.737974 0.524735 -0.424320 -0.000000 -0.661951 0.440634 -0.606352 12.922300 -0.131204 0.728351 0.672525 0.000000 0.000000 0.000000 0.000000 1.000000
0.690445 0.579204 -0.433369 0.000000 -0.700634 0.386375 -0.599856 12.922300 -0.179996 0.717800 0.672580 0.000000 0.000000 0.000000 0.000000 1.000000
0.664606 0.615205 -0.424055 0.000000 -0.714495 0.357202 -0.601585 12.922300 -0.218625 0.702802 0.676959 0.000000 0.000000 0.000000 0.000000 1.000000
0.670626 0.630477 -0.390846 0.000000 -0.701019 0.366368 -0.611839 12.922300 -0.242557 0.684305 0.687672 0.000000 0.000000 0.000000 0.000000 1.000000
0.704594 0.621880 -0.341778 0.000000 -0.663429 0.406382 -0.628264 12.922300 -0.251813 0.669417 0.698908 0.000000 0.000000 0.000000 0.000000 1.000000
0.767640 0.582570 -0.267096 0.000000 -0.586838 0.471448 -0.658299 12.922300 -0.257584 0.662080 0.703776 0.000000 0.000000 0.000000 0.000000 1.000000
0.809599 0.546485 -0.214251 0.000000 -0.526034 0.513517 -0.677930 12.922300 -0.260457 0.661555 0.703212 0.000000 0.000000 0.000000 0.000000 1.000000
0.818269 0.545542 -0.181161 0.000000 -0.512639 0.549965 -0.659348 12.922300 -0.260069 0.632394 0.729686 0.000000 0.000000 0.000000 0.000000 1.000000
0.817335 0.546979 -0.181043 0.000000 -0.517879 0.559729 -0.646919 12.922300 -0.252517 0.622508 0.740756 0.000000 0.000000 0.000000 0.000000 1.000000
0.819739 0.539968 -0.190951 -0.000000 -0.523433 0.570977 -0.632458 12.922300 -0.232479 0.618401 0.750689 0.000000 0.000000 0.000000 0.000000 1.000000
0.826673 0.516052 -0.224283 0.000000 -0.532837 0.589857 -0.606757 12.922300 -0.180823 0.621095 0.762590 0.000000 0.000000 0.000000 0.000000 1.000000
0.810522 0.495945 -0.311598 0.000000 -0.576771 0.583244 -0.571980 12.922300 -0.101933 0.643323 0.758779 0.000000 0.000000 0.000000 0.000000 1.000000
0.767306 0.471238 -0.434943 0.000000 -0.641208 0.553554 -0.531442 12.922300 -0.009671 0.686668 0.726907 0.000000 0.000000 0.000000 0.000000 1.000000
0.703290 0.434749 -0.562473 0.000000 -0.708222 0.497111 -0.501299 12.922300 0.061673 0.750915 0.657512 0.000000 0.000000 0.000000 0.000000 1.000000</float_array>
        <technique_common>
          <accessor source="#mixamorig_RightArm-Matrix-animation-output-transform-array" count="21" stride="16">
            <param type="float4x4"/>
          </accessor>
        </technique_common>
      </source>
      <source id="mixamorig_RightArm-Interpolations">
        <Name_array id="mixamorig_RightArm-Interpolations-array" count="21">
 LINEAR LINEAR LINEAR LINEAR LINEAR LINEAR LINEAR LINEAR LINEAR LINEAR LINEAR
LINEAR LINEAR LINEAR LINEAR LINEAR LINEAR LINEAR LINEAR LINEAR LINEAR</Name_array>
        <technique_common>
          <accessor source="#mixamorig_RightArm-Interpolations-array" count="21">
            <param type="name"/>
          </accessor>
        </technique_common>
      </source>
      <sampler id="mixamorig_RightArm-Matrix-animation-transform">
        <input semantic="INPUT" source="#mixamorig_RightArm-Matrix-animation-input"/>
        <input semantic="OUTPUT" source="#mixamorig_RightArm-Matrix-animation-output-transform"/>
        <input semantic="INTERPOLATION" source="#mixamorig_RightArm-Interpolations"/>
      </sampler>
      <channel source="#mixamorig_RightArm-Matrix-animation-transform" target="mixamorig_RightArm/matrix"/>
    </animation>
    <animation id="mixamorig_RightForeArm-anim" name="mixamorig_RightForeArm">
      <source id="mixamorig_RightForeArm-Matrix-animation-input">
        <float_array id="mixamorig_RightForeArm-Matrix-animation-input-array" count="21">

0.000000 0.033333 0.066667 0.100000 0.133333 0.166667 0.200000 0.233333 0.266667 0.300000 0.333333 0.366667 0.400000 0.433333 0.466667 0.500000
0.533333 0.566667 0.600000 0.633333 0.666667</float_array>
        <technique_common>
          <accessor source="#mixamorig_RightForeArm-Matrix-animation-input-array" count="21">
            <param name="TIME" type="float"/>
          </accessor>
        </technique_common>
      </source>
      <source id="mixamorig_RightForeArm-Matrix-animation-output-transform">
        <float_array id="mixamorig_RightForeArm-Matrix-animation-output-transform-array" count="336">

-0.102629 0.992392 -0.068006 0.000000 -0.769569 -0.122531 -0.626697 27.404699 -0.630262 -0.011982 0.776290 0.000000 0.000000 0.000000 0.000000 1.000000
-0.080303 0.995607 -0.048157 0.000000 -0.772951 -0.092703 -0.627657 27.404699 -0.629364 -0.013179 0.776999 0.000000 0.000000 0.000000 0.000000 1.000000
-0.074634 0.996461 -0.038670 -0.000000 -0.776914 -0.082414 -0.624189 27.404699 -0.625167 -0.016543 0.780316 0.000000 0.000000 0.000000 0.000000 1.000000
-0.073752 0.996821 -0.030144 -0.000000 -0.783420 -0.076614 -0.616753 27.404699 -0.617101 -0.021871 0.786580 0.000000 0.000000 0.000000 0.000000 1.000000
-0.082627 0.996214 -0.027031 0.000000 -0.788751 -0.081950 -0.609226 27.404699 -0.609135 -0.029018 0.792536 0.000000 0.000000 0.000000 0.000000 1.000000
-0.108307 0.993521 -0.034430 0.000000 -0.792840 -0.107221 -0.599924 27.404699 -0.599729 -0.037678 0.799316 0.000000 0.000000 0.000000 0.000000 1.000000
-0.131407 0.990621 -0.037441 0.000000 -0.797165 -0.128045 -0.590028 27.404699 -0.589288 -0.047688 0.806514 0.000000 0.000000 0.000000 0.000000 1.000000
-0.105033 0.994464 -0.003096 0.000000 -0.804272 -0.086775 -0.587891 27.404699 -0.584905 -0.059258 0.808934 0.000000 0.000000 0.000000 0.000000 1.000000
-0.038197 0.997385 0.061356 0.000000 -0.808446 0.005244 -0.588547 27.404699 -0.587329 -0.072083 0.806132 0.000000 0.000000 0.000000 0.000000 1.000000
-0.000266 0.994551 0.104249 0.000000 -0.813760 0.060374 -0.578057 27.404699 -0.581201 -0.084987 0.809310 -0.000000 0.000000 0.000000 0.000000 1.000000
-0.013159 0.993600 0.112183 0.000000 -0.813052 0.054675 -0.579619 27.404699 -0.582043 -0.098838 0.807129 0.000000 0.000000 0.000000 0.000000 1.000000
-0.055447 0.993547 0.098946 0.000000 -0.846168 0.005847 -0.532885 27.404699 -0.530025 -0.113271 0.840383 0.000000 0.000000 0.000000 0.000000 1.000000
-0.129793 0.988391 0.078972 0.000000 -0.851421 -0.070279 -0.519753 27.404699 -0.508169 -0.134699 0.850659 0.000000 0.000000 0.000000 0.000000 1.000000
-0.152841 0.983974 0.091838 0.000000 -0.859685 -0.086547 -0.503439 27.404699 -0.487423 -0.155898 0.859136 0.000000 0.000000 0.000000 0.000000 1.000000
-0.154281 0.981073 0.117015 0.000000 -0.870115 -0.078805 -0.486507 27.404699 -0.468078 -0.176876 0.865805 -0.000000 0.000000 0.000000 0.000000 1.000000
-0.230917 0.967345 0.104500 0.000000 -0.880665 -0.162139 -0.445129 27.404699 -0.413649 -0.194817 0.889348 -0.000000 0.000000 0.000000 0.000000 1.000000
-0.290700 0.953048 0.084807 0.000000 -0.856066 -0.219478 -0.467953 27.404699 -0.427369 -0.208634 0.879675 0.000000 0.000000 0.000000 0.000000 1.000000
-0.290121 0.952213 0.095502 0.000000 -0.845383 -0.208238 -0.491899 27.404699 -0.448505 -0.223446 0.865399 0.000000 0.000000 0.000000 0.000000 1.000000
-0.247716 0.959846 0.131656 -0.000000 -0.851021 -0.150628 -0.503065 27.404699 -0.463034 -0.236659 0.854162 0.000000 0.000000 0.000000 0.000000 1.000000
-0.198519 0.964555 0.173851 0.000000 -0.879742 -0.097177 -0.465415 27.404699 -0.432024 -0.245338 0.867851 0.000000 0.000000 0.000000 0.000000 1.000000
-0.162843 0.966748 0.197183 0.000000 -0.897894 -0.062363 -0.435772 27.404699 -0.408985 -0.248012 0.878192 -0.000000 0.000000 0.000000 0.000000 1.000000</float_array>
        <technique_common>
          <accessor source="#mixamorig_RightForeArm-Matrix-animation-output-transform-array" count="21" stride="16">
            <param type="float4x4"/>
          </accessor>
        </technique_common>
      </source>
      <source id="mixamorig_RightForeArm-Interpolations">
        <Name_array id="mixamorig_RightForeArm-Interpolations-array" count="21">
 LINEAR LINEAR LINEAR LINEAR LINEAR LINEAR LINEAR LINEAR LINEAR LINEAR LINEAR
LINEAR LINEAR LINEAR LINEAR LINEAR LINEAR LINEAR LINEAR LINEAR LINEAR</Name_array>
        <technique_common>
          <accessor source="#mixamorig_RightForeArm-Interpolations-array" count="21">
            <param type="name"/>
          </accessor>
        </technique_common>
      </source>
      <sampler id="mixamorig_RightForeArm-Matrix-animation-transform">
        <input semantic="INPUT" source="#mixamorig_RightForeArm-Matrix-animation-input"/>
        <input semantic="OUTPUT" source="#mixamorig_RightForeArm-Matrix-animation-output-transform"/>
        <input semantic="INTERPOLATION" source="#mixamorig_RightForeArm-Interpolations"/>
      </sampler>
      <channel source="#mixamorig_RightForeArm-Matrix-animation-transform" target="mixamorig_RightForeArm/matrix"/>
    </animation>
    <animation id="mixamorig_RightHand-anim" name="mixamorig_RightHand">
      <source id="mixamorig_RightHand-Matrix-animation-input">
        <float_array id="mixamorig_RightHand-Matrix-animation-input-array" count="21">

0.000000 0.033333 0.066667 0.100000 0.133333 0.166667 0.200000 0.233333 0.266667 0.300000 0.333333 0.366667 0.400000 0.433333 0.466667 0.500000
0.533333 0.566667 0.600000 0.633333 0.666667</float_array>
        <technique_common>
          <accessor source="#mixamorig_RightHand-Matrix-animation-input-array" count="21">
            <param name="TIME" type="float"/>
          </accessor>
        </technique_common>
      </source>
      <source id="mixamorig_RightHand-Matrix-animation-output-transform">
        <float_array id="mixamorig_RightHand-Matrix-animation-output-transform-array" count="336">

0.991668 0.110913 -0.065525 0.000000 -0.113518 0.992830 -0.037443 27.614500 0.060902 0.044569 0.997148 0.000000 0.000000 0.000000 0.000000 1.000000
0.992074 0.111480 -0.057981 0.000000 -0.115022 0.991437 -0.061828 27.614500 0.050592 0.068007 0.996401 0.000000 0.000000 0.000000 0.000000 1.000000
0.996123 0.081090 -0.034111 0.000000 -0.083599 0.993280 -0.080032 27.614500 0.027392 0.082574 0.996208 -0.000000 0.000000 0.000000 0.000000 1.000000
0.995516 0.092699 -0.018842 -0.000000 -0.094138 0.990402 -0.101202 27.614500 0.009280 0.102522 0.994687 -0.000000 0.000000 0.000000 0.000000 1.000000
0.992245 0.123237 -0.016181 -0.000000 -0.124288 0.985055 -0.119241 27.614500 0.001244 0.120328 0.992733 -0.000000 0.000000 0.000000 0.000000 1.000000
0.984424 0.175005 -0.016818 -0.000000 -0.175734 0.976647 -0.123606 27.614500 -0.005206 0.124636 0.992189 0.000000 0.000000 0.000000 0.000000 1.000000
0.969819 0.242856 -0.021707 0.000000 -0.243613 0.961424 -0.127737 27.614500 -0.010152 0.129170 0.991571 -0.000000 0.000000 0.000000 0.000000 1.000000
0.954701 0.293819 -0.047073 0.000000 -0.297506 0.939318 -0.170799 27.614500 -0.005967 0.177066 0.984181 0.000000 0.000000 0.000000 0.000000 1.000000
0.945595 0.312610 -0.090138 -0.000000 -0.325278 0.914075 -0.242201 27.614500 0.006678 0.258344 0.966030 0.000000 0.000000 0.000000 0.000000 1.000000
0.940025 0.320834 -0.115837 0.000000 -0.340932 0.894533 -0.289096 27.614500 0.010868 0.311250 0.950266 0.000000 0.000000 0.000000 0.000000 1.000000
0.941203 0.309375 -0.135736 0.000000 -0.336950 0.888802 -0.310637 27.614500 0.024539 0.338108 0.940787 0.000000 0.000000 0.000000 0.000000 1.000000
0.944872 0.315045 -0.089242 0.000000 -0.326875 0.891522 -0.313593 27.614500 -0.019235 0.325476 0.945354 0.000000 0.000000 0.000000 0.000000 1.000000
0.946850 0.306606 -0.097305 0.000000 -0.321487 0.891606 -0.318881 27.614500 -0.011013 0.333214 0.942787 -0.000000 0.000000 0.000000 0.000000 1.000000
0.937493 0.326892 -0.119368 -0.000000 -0.347967 0.875507 -0.335270 27.614500 -0.005089 0.355849 0.934529 0.000000 0.000000 0.000000 0.000000 1.000000
0.939594 0.317457 -0.127998 0.000000 -0.342286 0.869605 -0.355848 27.614500 -0.001658 0.378165 0.925737 0.000000 0.000000 0.000000 0.000000 1.000000
0.967253 0.241350 -0.078558 0.000000 -0.253522 0.903877 -0.344578 27.614500 -0.012156 0.353210 0.935465 0.000000 0.000000 0.000000 0.000000 1.000000
0.980660 0.178503 -0.080261 -0.000000 -0.195154 0.922918 -0.331870 27.614500 0.014834 0.341115 0.939904 0.000000 0.000000 0.000000 0.000000 1.000000
0.975684 0.212411 -0.054052 0.000000 -0.218403 0.921433 -0.321344 27.614500 -0.018451 0.325335 0.945419 -0.000000 0.000000 0.000000 0.000000 1.000000
0.956149 0.292626 -0.012187 0.000000 -0.282472 0.910381 -0.302351 27.614500 -0.077381 0.292535 0.953119 0.000000 0.000000 0.000000 0.000000 1.000000
0.926924 0.369899 0.063136 0.000000 -0.340951 0.900471 -0.270006 27.614500 -0.156728 0.228749 0.960786 0.000000 0.000000 0.000000 0.000000 1.000000
0.916533 0.391462 0.082006 -0.000000 -0.364828 0.902295 -0.229705 27.614500 -0.163914 0.180614 0.969799 0.000000 0.000000 0.000000 0.000000 1.000000</float_array>
        <technique_common>
          <accessor source="#mixamorig_RightHand-Matrix-animation-output-transform-array" count="21" stride="16">
            <param type="float4x4"/>
          </accessor>
        </technique_common>
      </source>
      <source id="mixamorig_RightHand-Interpolations">
        <Name_array id="mixamorig_RightHand-Interpolations-array" count="21">
 LINEAR LINEAR LINEAR LINEAR LINEAR LINEAR LINEAR LINEAR LINEAR LINEAR LINEAR
LINEAR LINEAR LINEAR LINEAR LINEAR LINEAR LINEAR LINEAR LINEAR LINEAR</Name_array>
        <technique_common>
          <accessor source="#mixamorig_RightHand-Interpolations-array" count="21">
            <param type="name"/>
          </accessor>
        </technique_common>
      </source>
      <sampler id="mixamorig_RightHand-Matrix-animation-transform">
        <input semantic="INPUT" source="#mixamorig_RightHand-Matrix-animation-input"/>
        <input semantic="OUTPUT" source="#mixamorig_RightHand-Matrix-animation-output-transform"/>
        <input semantic="INTERPOLATION" source="#mixamorig_RightHand-Interpolations"/>
      </sampler>
      <channel source="#mixamorig_RightHand-Matrix-animation-transform" target="mixamorig_RightHand/matrix"/>
    </animation>
    <animation id="mixamorig_RightHandThumb1-anim" name="mixamorig_RightHandThumb1">
      <source id="mixamorig_RightHandThumb1-Matrix-animation-input">
        <float_array id="mixamorig_RightHandThumb1-Matrix-animation-input-array" count="21">

0.000000 0.033333 0.066667 0.100000 0.133333 0.166667 0.200000 0.233333 0.266667 0.300000 0.333333 0.366667 0.400000 0.433333 0.466667 0.500000
0.533333 0.566667 0.600000 0.633333 0.666667</float_array>
        <technique_common>
          <accessor source="#mixamorig_RightHandThumb1-Matrix-animation-input-array" count="21">
            <param name="TIME" type="float"/>
          </accessor>
        </technique_common>
      </source>
      <source id="mixamorig_RightHandThumb1-Matrix-animation-output-transform">
        <float_array id="mixamorig_RightHandThumb1-Matrix-animation-output-transform-array" count="336">

0.940074 0.284006 -0.188681 3.003000 -0.338515 0.843664 -0.416700 3.788800 0.040838 0.455600 0.889247 2.167100 0.000000 0.000000 0.000000 1.000000
0.940075 0.284006 -0.188681 3.003000 -0.338514 0.843664 -0.416700 3.788800 0.040838 0.455600 0.889247 2.167100 0.000000 0.000000 0.000000 1.000000
0.940075 0.284006 -0.188681 3.003000 -0.338515 0.843664 -0.416700 3.788800 0.040838 0.455600 0.889247 2.167100 0.000000 0.000000 0.000000 1.000000
0.940075 0.284005 -0.188681 3.003000 -0.338514 0.843664 -0.416700 3.788800 0.040839 0.455600 0.889247 2.167100 0.000000 0.000000 0.000000 1.000000
0.940075 0.284006 -0.188681 3.003000 -0.338515 0.843664 -0.416700 3.788800 0.040838 0.455600 0.889247 2.167100 0.000000 0.000000 0.000000 1.000000
0.940075 0.284006 -0.188681 3.003000 -0.338515 0.843664 -0.416700 3.788800 0.040838 0.455600 0.889247 2.167100 0.000000 0.000000 0.000000 1.000000
0.940075 0.284006 -0.188680 3.003000 -0.338514 0.843664 -0.416700 3.788800 0.040838 0.455600 0.889247 2.167100 0.000000 0.000000 0.000000 1.000000
0.940075 0.284006 -0.188681 3.003000 -0.338514 0.843664 -0.416700 3.788800 0.040838 0.455600 0.889247 2.167100 0.000000 0.000000 0.000000 1.000000
0.940075 0.284005 -0.188681 3.003000 -0.338514 0.843664 -0.416700 3.788800 0.040838 0.455601 0.889247 2.167100 0.000000 0.000000 0.000000 1.000000
0.940075 0.284006 -0.188681 3.003000 -0.338515 0.843665 -0.416699 3.788800 0.040838 0.455599 0.889248 2.167100 0.000000 0.000000 0.000000 1.000000
0.940075 0.284006 -0.188681 3.003000 -0.338514 0.843664 -0.416699 3.788800 0.040838 0.455600 0.889248 2.167100 0.000000 0.000000 0.000000 1.000000
0.940075 0.284006 -0.188681 3.003000 -0.338515 0.843664 -0.416700 3.788800 0.040838 0.455600 0.889247 2.167100 0.000000 0.000000 0.000000 1.000000
0.940075 0.284006 -0.188681 3.003000 -0.338514 0.843664 -0.416700 3.788800 0.040839 0.455600 0.889247 2.167100 0.000000 0.000000 0.000000 1.000000
0.940075 0.284006 -0.188681 3.003000 -0.338514 0.843664 -0.416700 3.788800 0.040838 0.455600 0.889247 2.167100 0.000000 0.000000 0.000000 1.000000
0.940075 0.284006 -0.188681 3.003000 -0.338514 0.843664 -0.416700 3.788800 0.040838 0.455600 0.889247 2.167100 0.000000 0.000000 0.000000 1.000000
0.940075 0.284006 -0.188681 3.003000 -0.338514 0.843664 -0.416700 3.788800 0.040838 0.455600 0.889247 2.167100 0.000000 0.000000 0.000000 1.000000
0.940075 0.284006 -0.188681 3.003000 -0.338515 0.843664 -0.416700 3.788800 0.040838 0.455600 0.889247 2.167100 0.000000 0.000000 0.000000 1.000000
0.940075 0.284006 -0.188681 3.003000 -0.338514 0.843664 -0.416700 3.788800 0.040838 0.455600 0.889247 2.167100 0.000000 0.000000 0.000000 1.000000
0.940074 0.284006 -0.188681 3.003000 -0.338515 0.843664 -0.416700 3.788800 0.040838 0.455600 0.889247 2.167100 0.000000 0.000000 0.000000 1.000000
0.940075 0.284005 -0.188681 3.003000 -0.338514 0.843664 -0.416700 3.788800 0.040839 0.455600 0.889247 2.167100 0.000000 0.000000 0.000000 1.000000
0.940075 0.284006 -0.188681 3.003000 -0.338515 0.843664 -0.416700 3.788800 0.040838 0.455600 0.889247 2.167100 0.000000 0.000000 0.000000 1.000000</float_array>
        <technique_common>
          <accessor source="#mixamorig_RightHandThumb1-Matrix-animation-output-transform-array" count="21" stride="16">
            <param type="float4x4"/>
          </accessor>
        </technique_common>
      </source>
      <source id="mixamorig_RightHandThumb1-Interpolations">
        <Name_array id="mixamorig_RightHandThumb1-Interpolations-array" count="21">
 LINEAR LINEAR LINEAR LINEAR LINEAR LINEAR LINEAR LINEAR LINEAR LINEAR LINEAR
LINEAR LINEAR LINEAR LINEAR LINEAR LINEAR LINEAR LINEAR LINEAR LINEAR</Name_array>
        <technique_common>
          <accessor source="#mixamorig_RightHandThumb1-Interpolations-array" count="21">
            <param type="name"/>
          </accessor>
        </technique_common>
      </source>
      <sampler id="mixamorig_RightHandThumb1-Matrix-animation-transform">
        <input semantic="INPUT" source="#mixamorig_RightHandThumb1-Matrix-animation-input"/>
        <input semantic="OUTPUT" source="#mixamorig_RightHandThumb1-Matrix-animation-output-transform"/>
        <input semantic="INTERPOLATION" source="#mixamorig_RightHandThumb1-Interpolations"/>
      </sampler>
      <channel source="#mixamorig_RightHandThumb1-Matrix-animation-transform" target="mixamorig_RightHandThumb1/matrix"/>
    </animation>
    <animation id="mixamorig_RightHandThumb2-anim" name="mixamorig_RightHandThumb2">
      <source id="mixamorig_RightHandThumb2-Matrix-animation-input">
        <float_array id="mixamorig_RightHandThumb2-Matrix-animation-input-array" count="21">

0.000000 0.033333 0.066667 0.100000 0.133333 0.166667 0.200000 0.233333 0.266667 0.300000 0.333333 0.366667 0.400000 0.433333 0.466667 0.500000
0.533333 0.566667 0.600000 0.633333 0.666667</float_array>
        <technique_common>
          <accessor source="#mixamorig_RightHandThumb2-Matrix-animation-input-array" count="21">
            <param name="TIME" type="float"/>
          </accessor>
        </technique_common>
      </source>
      <source id="mixamorig_RightHandThumb2-Matrix-animation-output-transform">
        <float_array id="mixamorig_RightHandThumb2-Matrix-animation-output-transform-array" count="336">

0.929576 -0.368455 0.011383 -0.000000 0.365889 0.925981 0.093189 4.745000 -0.044876 -0.082461 0.995583 0.000000 0.000000 0.000000 0.000000 1.000000
0.929576 -0.368455 0.011383 0.000000 0.365889 0.925981 0.093188 4.745000 -0.044876 -0.082461 0.995583 0.000000 0.000000 0.000000 0.000000 1.000000
0.929576 -0.368455 0.011383 -0.000000 0.365889 0.925981 0.093188 4.745000 -0.044876 -0.082460 0.995583 -0.000000 0.000000 0.000000 0.000000 1.000000
0.929576 -0.368455 0.011383 0.000000 0.365889 0.925981 0.093189 4.745000 -0.044876 -0.082461 0.995583 0.000000 0.000000 0.000000 0.000000 1.000000
0.929576 -0.368455 0.011383 -0.000000 0.365889 0.925981 0.093189 4.745000 -0.044877 -0.082461 0.995583 0.000000 0.000000 0.000000 0.000000 1.000000
0.929576 -0.368455 0.011383 0.000000 0.365889 0.925981 0.093189 4.745000 -0.044877 -0.082461 0.995583 -0.000000 0.000000 0.000000 0.000000 1.000000
0.929576 -0.368455 0.011383 0.000000 0.365889 0.925981 0.093189 4.745000 -0.044876 -0.082461 0.995583 0.000000 0.000000 0.000000 0.000000 1.000000
0.929576 -0.368455 0.011384 0.000000 0.365889 0.925981 0.093189 4.745000 -0.044877 -0.082460 0.995583 0.000000 0.000000 0.000000 0.000000 1.000000
0.929576 -0.368455 0.011383 0.000000 0.365889 0.925981 0.093188 4.745000 -0.044876 -0.082461 0.995583 0.000000 0.000000 0.000000 0.000000 1.000000
0.929576 -0.368455 0.011383 0.000000 0.365889 0.925981 0.093189 4.745000 -0.044877 -0.082461 0.995583 0.000000 0.000000 0.000000 0.000000 1.000000
0.929576 -0.368455 0.011384 -0.000000 0.365889 0.925981 0.093189 4.745000 -0.044877 -0.082461 0.995583 0.000000 0.000000 0.000000 0.000000 1.000000
0.929576 -0.368455 0.011383 0.000000 0.365889 0.925981 0.093189 4.745000 -0.044877 -0.082461 0.995583 -0.000000 0.000000 0.000000 0.000000 1.000000
0.929576 -0.368455 0.011383 0.000000 0.365889 0.925981 0.093189 4.745000 -0.044876 -0.082461 0.995583 -0.000000 0.000000 0.000000 0.000000 1.000000
0.929576 -0.368455 0.011384 0.000000 0.365889 0.925981 0.093189 4.745000 -0.044878 -0.082461 0.995583 0.000000 0.000000 0.000000 0.000000 1.000000
0.929576 -0.368454 0.011383 0.000000 0.365889 0.925981 0.093188 4.745000 -0.044876 -0.082460 0.995583 0.000000 0.000000 0.000000 0.000000 1.000000
0.929576 -0.368455 0.011383 0.000000 0.365889 0.925981 0.093189 4.745000 -0.044877 -0.082461 0.995583 0.000000 0.000000 0.000000 0.000000 1.000000
0.929576 -0.368455 0.011383 0.000000 0.365889 0.925981 0.093189 4.745000 -0.044877 -0.082461 0.995583 0.000000 0.000000 0.000000 0.000000 1.000000
0.929576 -0.368456 0.011383 0.000000 0.365890 0.925981 0.093190 4.745000 -0.044877 -0.082462 0.995583 0.000000 0.000000 0.000000 0.000000 1.000000
0.929576 -0.368455 0.011384 0.000000 0.365889 0.925981 0.093189 4.745000 -0.044877 -0.082461 0.995583 0.000000 0.000000 0.000000 0.000000 1.000000
0.929576 -0.368456 0.011383 -0.000000 0.365890 0.925981 0.093188 4.745000 -0.044876 -0.082461 0.995583 0.000000 0.000000 0.000000 0.000000 1.000000
0.929576 -0.368455 0.011383 0.000000 0.365889 0.925981 0.093188 4.745000 -0.044876 -0.082461 0.995583 0.000000 0.000000 0.000000 0.000000 1.000000</float_array>
        <technique_common>
          <accessor source="#mixamorig_RightHandThumb2-Matrix-animation-output-transform-array" count="21" stride="16">
            <param type="float4x4"/>
          </accessor>
        </technique_common>
      </source>
      <source id="mixamorig_RightHandThumb2-Interpolations">
        <Name_array id="mixamorig_RightHandThumb2-Interpolations-array" count="21">
 LINEAR LINEAR LINEAR LINEAR LINEAR LINEAR LINEAR LINEAR LINEAR LINEAR LINEAR
LINEAR LINEAR LINEAR LINEAR LINEAR LINEAR LINEAR LINEAR LINEAR LINEAR</Name_array>
        <technique_common>
          <accessor source="#mixamorig_RightHandThumb2-Interpolations-array" count="21">
            <param type="name"/>
          </accessor>
        </technique_common>
      </source>
      <sampler id="mixamorig_RightHandThumb2-Matrix-animation-transform">
        <input semantic="INPUT" source="#mixamorig_RightHandThumb2-Matrix-animation-input"/>
        <input semantic="OUTPUT" source="#mixamorig_RightHandThumb2-Matrix-animation-output-transform"/>
        <input semantic="INTERPOLATION" source="#mixamorig_RightHandThumb2-Interpolations"/>
      </sampler>
      <channel source="#mixamorig_RightHandThumb2-Matrix-animation-transform" target="mixamorig_RightHandThumb2/matrix"/>
    </animation>
    <animation id="mixamorig_RightHandThumb3-anim" name="mixamorig_RightHandThumb3">
      <source id="mixamorig_RightHandThumb3-Matrix-animation-input">
        <float_array id="mixamorig_RightHandThumb3-Matrix-animation-input-array" count="21">

0.000000 0.033333 0.066667 0.100000 0.133333 0.166667 0.200000 0.233333 0.266667 0.300000 0.333333 0.366667 0.400000 0.433333 0.466667 0.500000
0.533333 0.566667 0.600000 0.633333 0.666667</float_array>
        <technique_common>
          <accessor source="#mixamorig_RightHandThumb3-Matrix-animation-input-array" count="21">
            <param name="TIME" type="float"/>
          </accessor>
        </technique_common>
      </source>
      <source id="mixamorig_RightHandThumb3-Matrix-animation-output-transform">
        <float_array id="mixamorig_RightHandThumb3-Matrix-animation-output-transform-array" count="336">

0.925651 -0.377751 -0.021763 0.000000 0.359657 0.860530 0.360744 4.382100 -0.117543 -0.341750 0.932411 -0.000000 0.000000 0.000000 0.000000 1.000000
0.925651 -0.377751 -0.021763 0.000000 0.359657 0.860530 0.360744 4.382100 -0.117543 -0.341750 0.932411 0.000000 0.000000 0.000000 0.000000 1.000000
0.925651 -0.377751 -0.021763 0.000000 0.359657 0.860530 0.360743 4.382100 -0.117544 -0.341750 0.932411 0.000000 0.000000 0.000000 0.000000 1.000000
0.925651 -0.377751 -0.021763 0.000000 0.359657 0.860530 0.360744 4.382100 -0.117544 -0.341750 0.932411 0.000000 0.000000 0.000000 0.000000 1.000000
0.925652 -0.377751 -0.021763 0.000000 0.359656 0.860530 0.360743 4.382100 -0.117543 -0.341750 0.932411 0.000000 0.000000 0.000000 0.000000 1.000000
0.925651 -0.377751 -0.021764 0.000000 0.359657 0.860529 0.360744 4.382100 -0.117543 -0.341750 0.932411 0.000000 0.000000 0.000000 0.000000 1.000000
0.925652 -0.377751 -0.021763 0.000000 0.359657 0.860530 0.360743 4.382100 -0.117543 -0.341750 0.932411 0.000000 0.000000 0.000000 0.000000 1.000000
0.925652 -0.377751 -0.021764 0.000000 0.359657 0.860529 0.360744 4.382100 -0.117543 -0.341751 0.932411 0.000000 0.000000 0.000000 0.000000 1.000000
0.925652 -0.377751 -0.021763 0.000000 0.359657 0.860530 0.360743 4.382100 -0.117543 -0.341750 0.932411 0.000000 0.000000 0.000000 0.000000 1.000000
0.925652 -0.377751 -0.021763 0.000000 0.359656 0.860530 0.360744 4.382100 -0.117543 -0.341750 0.932411 0.000000 0.000000 0.000000 0.000000 1.000000
0.925652 -0.377751 -0.021763 0.000000 0.359657 0.860530 0.360743 4.382100 -0.117543 -0.341750 0.932411 0.000000 0.000000 0.000000 0.000000 1.000000
0.925651 -0.377751 -0.021763 0.000000 0.359657 0.860530 0.360743 4.382100 -0.117543 -0.341750 0.932411 0.000000 0.000000 0.000000 0.000000 1.000000
0.925651 -0.377751 -0.021763 0.000000 0.359657 0.860530 0.360743 4.382100 -0.117544 -0.341750 0.932411 -0.000000 0.000000 0.000000 0.000000 1.000000
0.925652 -0.377751 -0.021764 -0.000000 0.359657 0.860530 0.360743 4.382100 -0.117543 -0.341750 0.932411 0.000000 0.000000 0.000000 0.000000 1.000000
0.925651 -0.377751 -0.021763 0.000000 0.359657 0.860530 0.360743 4.382100 -0.117543 -0.341750 0.932411 0.000000 0.000000 0.000000 0.000000 1.000000
0.925652 -0.377751 -0.021763 0.000000 0.359656 0.860530 0.360744 4.382100 -0.117543 -0.341750 0.932411 -0.000000 0.000000 0.000000 0.000000 1.000000
0.925652 -0.377751 -0.021763 0.000000 0.359656 0.860530 0.360744 4.382100 -0.117543 -0.341750 0.932411 0.000000 0.000000 0.000000 0.000000 1.000000
0.925652 -0.377751 -0.021763 0.000000 0.359657 0.860530 0.360743 4.382100 -0.117543 -0.341750 0.932411 0.000000 0.000000 0.000000 0.000000 1.000000
0.925651 -0.377751 -0.021763 0.000000 0.359657 0.860530 0.360743 4.382100 -0.117544 -0.341750 0.932411 0.000000 0.000000 0.000000 0.000000 1.000000
0.925652 -0.377750 -0.021763 0.000000 0.359656 0.860530 0.360744 4.382100 -0.117543 -0.341750 0.932411 -0.000000 0.000000 0.000000 0.000000 1.000000
0.925651 -0.377751 -0.021763 0.000000 0.359657 0.860529 0.360744 4.382100 -0.117544 -0.341750 0.932411 0.000000 0.000000 0.000000 0.000000 1.000000</float_array>
        <technique_common>
          <accessor source="#mixamorig_RightHandThumb3-Matrix-animation-output-transform-array" count="21" stride="16">
            <param type="float4x4"/>
          </accessor>
        </technique_common>
      </source>
      <source id="mixamorig_RightHandThumb3-Interpolations">
        <Name_array id="mixamorig_RightHandThumb3-Interpolations-array" count="21">
 LINEAR LINEAR LINEAR LINEAR LINEAR LINEAR LINEAR LINEAR LINEAR LINEAR LINEAR
LINEAR LINEAR LINEAR LINEAR LINEAR LINEAR LINEAR LINEAR LINEAR LINEAR</Name_array>
        <technique_common>
          <accessor source="#mixamorig_RightHandThumb3-Interpolations-array" count="21">
            <param type="name"/>
          </accessor>
        </technique_common>
      </source>
      <sampler id="mixamorig_RightHandThumb3-Matrix-animation-transform">
        <input semantic="INPUT" source="#mixamorig_RightHandThumb3-Matrix-animation-input"/>
        <input semantic="OUTPUT" source="#mixamorig_RightHandThumb3-Matrix-animation-output-transform"/>
        <input semantic="INTERPOLATION" source="#mixamorig_RightHandThumb3-Interpolations"/>
      </sampler>
      <channel source="#mixamorig_RightHandThumb3-Matrix-animation-transform" target="mixamorig_RightHandThumb3/matrix"/>
    </animation>
    <animation id="mixamorig_RightHandIndex1-anim" name="mixamorig_RightHandIndex1">
      <source id="mixamorig_RightHandIndex1-Matrix-animation-input">
        <float_array id="mixamorig_RightHandIndex1-Matrix-animation-input-array" count="21">

0.000000 0.033333 0.066667 0.100000 0.133333 0.166667 0.200000 0.233333 0.266667 0.300000 0.333333 0.366667 0.400000 0.433333 0.466667 0.500000
0.533333 0.566667 0.600000 0.633333 0.666667</float_array>
        <technique_common>
          <accessor source="#mixamorig_RightHandIndex1-Matrix-animation-input-array" count="21">
            <param name="TIME" type="float"/>
          </accessor>
        </technique_common>
      </source>
      <source id="mixamorig_RightHandIndex1-Matrix-animation-output-transform">
        <float_array id="mixamorig_RightHandIndex1-Matrix-animation-output-transform-array" count="336">

0.994803 -0.101771 0.002949 2.822000 0.101624 0.990766 -0.089746 12.266600 0.006211 0.089579 0.995960 0.231800 0.000000 0.000000 0.000000 1.000000
0.994803 -0.101771 0.002949 2.822000 0.101624 0.990766 -0.089746 12.266600 0.006212 0.089579 0.995960 0.231800 0.000000 0.000000 0.000000 1.000000
0.994804 -0.101771 0.002949 2.822000 0.101624 0.990767 -0.089746 12.266600 0.006212 0.089579 0.995960 0.231800 0.000000 0.000000 0.000000 1.000000
0.994803 -0.101771 0.002949 2.822000 0.101624 0.990767 -0.089746 12.266600 0.006212 0.089579 0.995960 0.231800 0.000000 0.000000 0.000000 1.000000
0.994803 -0.101771 0.002949 2.822000 0.101624 0.990766 -0.089746 12.266600 0.006212 0.089579 0.995960 0.231800 0.000000 0.000000 0.000000 1.000000
0.994803 -0.101771 0.002949 2.822000 0.101624 0.990766 -0.089746 12.266600 0.006212 0.089579 0.995960 0.231800 0.000000 0.000000 0.000000 1.000000
0.994803 -0.101771 0.002949 2.822000 0.101624 0.990767 -0.089746 12.266600 0.006211 0.089579 0.995960 0.231800 0.000000 0.000000 0.000000 1.000000
0.994803 -0.101771 0.002949 2.822000 0.101624 0.990766 -0.089746 12.266600 0.006212 0.089579 0.995960 0.231800 0.000000 0.000000 0.000000 1.000000
0.994803 -0.101771 0.002949 2.822000 0.101624 0.990766 -0.089746 12.266600 0.006212 0.089579 0.995960 0.231800 0.000000 0.000000 0.000000 1.000000
0.994804 -0.101771 0.002949 2.822000 0.101624 0.990767 -0.089746 12.266600 0.006212 0.089579 0.995960 0.231800 0.000000 0.000000 0.000000 1.000000
0.994803 -0.101771 0.002949 2.822000 0.101624 0.990766 -0.089746 12.266600 0.006211 0.089579 0.995960 0.231800 0.000000 0.000000 0.000000 1.000000
0.994803 -0.101771 0.002949 2.822000 0.101624 0.990766 -0.089746 12.266600 0.006212 0.089579 0.995960 0.231800 0.000000 0.000000 0.000000 1.000000
0.994803 -0.101771 0.002949 2.822000 0.101624 0.990766 -0.089746 12.266600 0.006211 0.089579 0.995960 0.231800 0.000000 0.000000 0.000000 1.000000
0.994803 -0.101771 0.002949 2.822000 0.101624 0.990766 -0.089746 12.266600 0.006211 0.089579 0.995960 0.231800 0.000000 0.000000 0.000000 1.000000
0.994803 -0.101771 0.002948 2.822000 0.101624 0.990767 -0.089745 12.266600 0.006212 0.089579 0.995960 0.231800 0.000000 0.000000 0.000000 1.000000
0.994803 -0.101771 0.002950 2.822000 0.101624 0.990766 -0.089746 12.266600 0.006211 0.089580 0.995960 0.231800 0.000000 0.000000 0.000000 1.000000
0.994803 -0.101772 0.002949 2.822000 0.101625 0.990766 -0.089746 12.266600 0.006212 0.089579 0.995960 0.231800 0.000000 0.000000 0.000000 1.000000
0.994803 -0.101771 0.002949 2.822000 0.101624 0.990766 -0.089746 12.266600 0.006212 0.089579 0.995960 0.231800 0.000000 0.000000 0.000000 1.000000
0.994803 -0.101771 0.002949 2.822000 0.101624 0.990766 -0.089746 12.266600 0.006212 0.089579 0.995960 0.231800 0.000000 0.000000 0.000000 1.000000
0.994803 -0.101771 0.002949 2.822000 0.101624 0.990766 -0.089746 12.266600 0.006211 0.089580 0.995960 0.231800 0.000000 0.000000 0.000000 1.000000
0.994803 -0.101771 0.002949 2.822000 0.101624 0.990766 -0.089746 12.266600 0.006211 0.089579 0.995960 0.231800 0.000000 0.000000 0.000000 1.000000</float_array>
        <technique_common>
          <accessor source="#mixamorig_RightHandIndex1-Matrix-animation-output-transform-array" count="21" stride="16">
            <param type="float4x4"/>
          </accessor>
        </technique_common>
      </source>
      <source id="mixamorig_RightHandIndex1-Interpolations">
        <Name_array id="mixamorig_RightHandIndex1-Interpolations-array" count="21">
 LINEAR LINEAR LINEAR LINEAR LINEAR LINEAR LINEAR LINEAR LINEAR LINEAR LINEAR
LINEAR LINEAR LINEAR LINEAR LINEAR LINEAR LINEAR LINEAR LINEAR LINEAR</Name_array>
        <technique_common>
          <accessor source="#mixamorig_RightHandIndex1-Interpolations-array" count="21">
            <param type="name"/>
          </accessor>
        </technique_common>
      </source>
      <sampler id="mixamorig_RightHandIndex1-Matrix-animation-transform">
        <input semantic="INPUT" source="#mixamorig_RightHandIndex1-Matrix-animation-input"/>
        <input semantic="OUTPUT" source="#mixamorig_RightHandIndex1-Matrix-animation-output-transform"/>
        <input semantic="INTERPOLATION" source="#mixamorig_RightHandIndex1-Interpolations"/>
      </sampler>
      <channel source="#mixamorig_RightHandIndex1-Matrix-animation-transform" target="mixamorig_RightHandIndex1/matrix"/>
    </animation>
    <animation id="mixamorig_RightHandIndex2-anim" name="mixamorig_RightHandIndex2">
      <source id="mixamorig_RightHandIndex2-Matrix-animation-input">
        <float_array id="mixamorig_RightHandIndex2-Matrix-animation-input-array" count="21">

0.000000 0.033333 0.066667 0.100000 0.133333 0.166667 0.200000 0.233333 0.266667 0.300000 0.333333 0.366667 0.400000 0.433333 0.466667 0.500000
0.533333 0.566667 0.600000 0.633333 0.666667</float_array>
        <technique_common>
          <accessor source="#mixamorig_RightHandIndex2-Matrix-animation-input-array" count="21">
            <param name="TIME" type="float"/>
          </accessor>
        </technique_common>
      </source>
      <source id="mixamorig_RightHandIndex2-Matrix-animation-output-transform">
        <float_array id="mixamorig_RightHandIndex2-Matrix-animation-output-transform-array" count="336">

0.999866 -0.016294 0.001646 0.000000 0.016294 0.979656 -0.200023 3.892000 0.001647 0.200023 0.979790 0.000000 0.000000 0.000000 0.000000 1.000000
0.999866 -0.016294 0.001647 -0.000000 0.016294 0.979656 -0.200023 3.892000 0.001646 0.200023 0.979790 0.000000 0.000000 0.000000 0.000000 1.000000
0.999866 -0.016294 0.001645 0.000000 0.016293 0.979656 -0.200023 3.892000 0.001647 0.200023 0.979790 0.000000 0.000000 0.000000 0.000000 1.000000
0.999866 -0.016294 0.001646 0.000000 0.016294 0.979656 -0.200023 3.892000 0.001647 0.200023 0.979790 0.000000 0.000000 0.000000 0.000000 1.000000
0.999866 -0.016293 0.001646 0.000000 0.016293 0.979656 -0.200023 3.892000 0.001647 0.200023 0.979790 0.000000 0.000000 0.000000 0.000000 1.000000
0.999866 -0.016294 0.001645 0.000000 0.016294 0.979656 -0.200023 3.892000 0.001647 0.200022 0.979790 -0.000000 0.000000 0.000000 0.000000 1.000000
0.999866 -0.016294 0.001646 -0.000000 0.016294 0.979656 -0.200023 3.892000 0.001647 0.200023 0.979790 0.000000 0.000000 0.000000 0.000000 1.000000
0.999866 -0.016293 0.001646 0.000000 0.016293 0.979656 -0.200023 3.892000 0.001647 0.200023 0.979790 -0.000000 0.000000 0.000000 0.000000 1.000000
0.999866 -0.016294 0.001646 0.000000 0.016294 0.979656 -0.200022 3.892000 0.001647 0.200022 0.979790 0.000000 0.000000 0.000000 0.000000 1.000000
0.999866 -0.016295 0.001646 0.000000 0.016294 0.979656 -0.200023 3.892000 0.001647 0.200023 0.979790 0.000000 0.000000 0.000000 0.000000 1.000000
0.999866 -0.016293 0.001645 -0.000000 0.016293 0.979656 -0.200022 3.892000 0.001647 0.200022 0.979790 0.000000 0.000000 0.000000 0.000000 1.000000
0.999866 -0.016294 0.001645 -0.000000 0.016293 0.979656 -0.200023 3.892000 0.001647 0.200023 0.979790 0.000000 0.000000 0.000000 0.000000 1.000000
0.999866 -0.016294 0.001645 0.000000 0.016294 0.979656 -0.200024 3.892000 0.001647 0.200024 0.979790 0.000000 0.000000 0.000000 0.000000 1.000000
0.999866 -0.016294 0.001646 -0.000000 0.016294 0.979656 -0.200023 3.892000 0.001647 0.200023 0.979790 0.000000 0.000000 0.000000 0.000000 1.000000
0.999866 -0.016294 0.001646 0.000000 0.016294 0.979656 -0.200023 3.892000 0.001647 0.200023 0.979790 0.000000 0.000000 0.000000 0.000000 1.000000
0.999866 -0.016295 0.001646 0.000000 0.016295 0.979656 -0.200023 3.892000 0.001646 0.200023 0.979790 0.000000 0.000000 0.000000 0.000000 1.000000
0.999866 -0.016294 0.001645 -0.000000 0.016294 0.979656 -0.200023 3.892000 0.001648 0.200023 0.979790 0.000000 0.000000 0.000000 0.000000 1.000000
0.999866 -0.016294 0.001646 0.000000 0.016294 0.979656 -0.200022 3.892000 0.001646 0.200022 0.979790 -0.000000 0.000000 0.000000 0.000000 1.000000
0.999866 -0.016294 0.001646 0.000000 0.016294 0.979656 -0.200022 3.892000 0.001647 0.200022 0.979790 0.000000 0.000000 0.000000 0.000000 1.000000
0.999866 -0.016294 0.001646 0.000000 0.016294 0.979656 -0.200023 3.892000 0.001647 0.200023 0.979790 0.000000 0.000000 0.000000 0.000000 1.000000
0.999866 -0.016294 0.001646 -0.000000 0.016294 0.979656 -0.200023 3.892000 0.001646 0.200023 0.979790 0.000000 0.000000 0.000000 0.000000 1.000000</float_array>
        <technique_common>
          <accessor source="#mixamorig_RightHandIndex2-Matrix-animation-output-transform-array" count="21" stride="16">
            <param type="float4x4"/>
          </accessor>
        </technique_common>
      </source>
      <source id="mixamorig_RightHandIndex2-Interpolations">
        <Name_array id="mixamorig_RightHandIndex2-Interpolations-array" count="21">
 LINEAR LINEAR LINEAR LINEAR LINEAR LINEAR LINEAR LINEAR LINEAR LINEAR LINEAR
LINEAR LINEAR LINEAR LINEAR LINEAR LINEAR LINEAR LINEAR LINEAR LINEAR</Name_array>
        <technique_common>
          <accessor source="#mixamorig_RightHandIndex2-Interpolations-array" count="21">
            <param type="name"/>
          </accessor>
        </technique_common>
      </source>
      <sampler id="mixamorig_RightHandIndex2-Matrix-animation-transform">
        <input semantic="INPUT" source="#mixamorig_RightHandIndex2-Matrix-animation-input"/>
        <input semantic="OUTPUT" source="#mixamorig_RightHandIndex2-Matrix-animation-output-transform"/>
        <input semantic="INTERPOLATION" source="#mixamorig_RightHandIndex2-Interpolations"/>
      </sampler>
      <channel source="#mixamorig_RightHandIndex2-Matrix-animation-transform" target="mixamorig_RightHandIndex2/matrix"/>
    </animation>
    <animation id="mixamorig_RightHandIndex3-anim" name="mixamorig_RightHandIndex3">
      <source id="mixamorig_RightHandIndex3-Matrix-animation-input">
        <float_array id="mixamorig_RightHandIndex3-Matrix-animation-input-array" count="21">

0.000000 0.033333 0.066667 0.100000 0.133333 0.166667 0.200000 0.233333 0.266667 0.300000 0.333333 0.366667 0.400000 0.433333 0.466667 0.500000
0.533333 0.566667 0.600000 0.633333 0.666667</float_array>
        <technique_common>
          <accessor source="#mixamorig_RightHandIndex3-Matrix-animation-input-array" count="21">
            <param name="TIME" type="float"/>
          </accessor>
        </technique_common>
      </source>
      <source id="mixamorig_RightHandIndex3-Matrix-animation-output-transform">
        <float_array id="mixamorig_RightHandIndex3-Matrix-animation-output-transform-array" count="336">

0.998896 -0.044988 0.013558 0.000000 0.044988 0.832464 -0.552249 3.415200 0.013558 0.552249 0.833569 -0.000000 0.000000 0.000000 0.000000 1.000000
0.998896 -0.044988 0.013557 0.000000 0.044987 0.832464 -0.552250 3.415200 0.013559 0.552249 0.833569 0.000000 0.000000 0.000000 0.000000 1.000000
0.998896 -0.044988 0.013557 -0.000000 0.044987 0.832464 -0.552249 3.415200 0.013558 0.552249 0.833569 -0.000000 0.000000 0.000000 0.000000 1.000000
0.998896 -0.044988 0.013558 0.000000 0.044988 0.832464 -0.552249 3.415200 0.013558 0.552249 0.833569 0.000000 0.000000 0.000000 0.000000 1.000000
0.998896 -0.044988 0.013557 0.000000 0.044987 0.832464 -0.552249 3.415200 0.013558 0.552249 0.833569 0.000000 0.000000 0.000000 0.000000 1.000000
0.998896 -0.044988 0.013558 -0.000000 0.044988 0.832465 -0.552249 3.415200 0.013558 0.552249 0.833569 0.000000 0.000000 0.000000 0.000000 1.000000
0.998896 -0.044988 0.013558 0.000000 0.044988 0.832464 -0.552249 3.415200 0.013558 0.552249 0.833569 0.000000 0.000000 0.000000 0.000000 1.000000
0.998896 -0.044988 0.013558 -0.000000 0.044988 0.832464 -0.552249 3.415200 0.013558 0.552249 0.833569 -0.000000 0.000000 0.000000 0.000000 1.000000
0.998896 -0.044988 0.013558 0.000000 0.044988 0.832464 -0.552249 3.415200 0.013558 0.552249 0.833569 0.000000 0.000000 0.000000 0.000000 1.000000
0.998896 -0.044988 0.013558 0.000000 0.044988 0.832465 -0.552249 3.415200 0.013558 0.552249 0.833569 0.000000 0.000000 0.000000 0.000000 1.000000
0.998896 -0.044988 0.013558 -0.000000 0.044988 0.832464 -0.552249 3.415200 0.013558 0.552249 0.833569 -0.000000 0.000000 0.000000 0.000000 1.000000
0.998896 -0.044988 0.013558 0.000000 0.044987 0.832464 -0.552249 3.415200 0.013558 0.552249 0.833569 0.000000 0.000000 0.000000 0.000000 1.000000
0.998896 -0.044988 0.013557 0.000000 0.044987 0.832464 -0.552249 3.415200 0.013558 0.552249 0.833569 0.000000 0.000000 0.000000 0.000000 1.000000
0.998896 -0.044988 0.013558 0.000000 0.044988 0.832464 -0.552249 3.415200 0.013558 0.552249 0.833569 -0.000000 0.000000 0.000000 0.000000 1.000000
0.998896 -0.044987 0.013557 0.000000 0.044987 0.832464 -0.552249 3.415200 0.013558 0.552249 0.833569 0.000000 0.000000 0.000000 0.000000 1.000000
0.998896 -0.044987 0.013558 0.000000 0.044987 0.832464 -0.552249 3.415200 0.013558 0.552249 0.833569 0.000000 0.000000 0.000000 0.000000 1.000000
0.998896 -0.044988 0.013558 0.000000 0.044988 0.832464 -0.552249 3.415200 0.013558 0.552249 0.833569 0.000000 0.000000 0.000000 0.000000 1.000000
0.998896 -0.044988 0.013558 0.000000 0.044988 0.832464 -0.552249 3.415200 0.013558 0.552249 0.833569 0.000000 0.000000 0.000000 0.000000 1.000000
0.998896 -0.044987 0.013558 0.000000 0.044987 0.832464 -0.552249 3.415200 0.013558 0.552249 0.833569 0.000000 0.000000 0.000000 0.000000 1.000000
0.998896 -0.044988 0.013558 0.000000 0.044988 0.832465 -0.552249 3.415200 0.013558 0.552249 0.833569 0.000000 0.000000 0.000000 0.000000 1.000000
0.998896 -0.044988 0.013558 0.000000 0.044988 0.832464 -0.552250 3.415200 0.013558 0.552250 0.833569 0.000000 0.000000 0.000000 0.000000 1.000000</float_array>
        <technique_common>
          <accessor source="#mixamorig_RightHandIndex3-Matrix-animation-output-transform-array" count="21" stride="16">
            <param type="float4x4"/>
          </accessor>
        </technique_common>
      </source>
      <source id="mixamorig_RightHandIndex3-Interpolations">
        <Name_array id="mixamorig_RightHandIndex3-Interpolations-array" count="21">
 LINEAR LINEAR LINEAR LINEAR LINEAR LINEAR LINEAR LINEAR LINEAR LINEAR LINEAR
LINEAR LINEAR LINEAR LINEAR LINEAR LINEAR LINEAR LINEAR LINEAR LINEAR</Name_array>
        <technique_common>
          <accessor source="#mixamorig_RightHandIndex3-Interpolations-array" count="21">
            <param type="name"/>
          </accessor>
        </technique_common>
      </source>
      <sampler id="mixamorig_RightHandIndex3-Matrix-animation-transform">
        <input semantic="INPUT" source="#mixamorig_RightHandIndex3-Matrix-animation-input"/>
        <input semantic="OUTPUT" source="#mixamorig_RightHandIndex3-Matrix-animation-output-transform"/>
        <input semantic="INTERPOLATION" source="#mixamorig_RightHandIndex3-Interpolations"/>
      </sampler>
      <channel source="#mixamorig_RightHandIndex3-Matrix-animation-transform" target="mixamorig_RightHandIndex3/matrix"/>
    </animation>
    <animation id="mixamorig_RightHandMiddle1-anim" name="mixamorig_RightHandMiddle1">
      <source id="mixamorig_RightHandMiddle1-Matrix-animation-input">
        <float_array id="mixamorig_RightHandMiddle1-Matrix-animation-input-array" count="21">

0.000000 0.033333 0.066667 0.100000 0.133333 0.166667 0.200000 0.233333 0.266667 0.300000 0.333333 0.366667 0.400000 0.433333 0.466667 0.500000
0.533333 0.566667 0.600000 0.633333 0.666667</float_array>
        <technique_common>
          <accessor source="#mixamorig_RightHandMiddle1-Matrix-animation-input-array" count="21">
            <param name="TIME" type="float"/>
          </accessor>
        </technique_common>
      </source>
      <source id="mixamorig_RightHandMiddle1-Matrix-animation-output-transform">
        <float_array id="mixamorig_RightHandMiddle1-Matrix-animation-output-transform-array" count="336">

0.975745 -0.210103 -0.061467 -0.000000 0.209286 0.977660 -0.019520 12.775500 0.064195 0.006182 0.997918 -0.000000 0.000000 0.000000 0.000000 1.000000
0.975745 -0.210104 -0.061467 0.000000 0.209286 0.977660 -0.019519 12.775500 0.064195 0.006182 0.997918 -0.000000 0.000000 0.000000 0.000000 1.000000
0.975745 -0.210103 -0.061467 0.000000 0.209286 0.977660 -0.019519 12.775500 0.064194 0.006182 0.997918 -0.000000 0.000000 0.000000 0.000000 1.000000
0.975745 -0.210103 -0.061467 0.000000 0.209286 0.977660 -0.019520 12.775500 0.064195 0.006182 0.997918 0.000000 0.000000 0.000000 0.000000 1.000000
0.975745 -0.210103 -0.061467 0.000000 0.209286 0.977660 -0.019519 12.775500 0.064194 0.006181 0.997918 0.000000 0.000000 0.000000 0.000000 1.000000
0.975745 -0.210103 -0.061467 0.000000 0.209286 0.977660 -0.019519 12.775500 0.064195 0.006182 0.997918 -0.000000 0.000000 0.000000 0.000000 1.000000
0.975745 -0.210103 -0.061466 0.000000 0.209285 0.977660 -0.019519 12.775500 0.064194 0.006182 0.997918 0.000000 0.000000 0.000000 0.000000 1.000000
0.975745 -0.210103 -0.061467 -0.000000 0.209286 0.977660 -0.019519 12.775500 0.064194 0.006182 0.997918 -0.000000 0.000000 0.000000 0.000000 1.000000
0.975745 -0.210103 -0.061467 0.000000 0.209286 0.977660 -0.019519 12.775500 0.064195 0.006182 0.997918 0.000000 0.000000 0.000000 0.000000 1.000000
0.975745 -0.210103 -0.061466 0.000000 0.209286 0.977660 -0.019519 12.775500 0.064194 0.006182 0.997918 0.000000 0.000000 0.000000 0.000000 1.000000
0.975745 -0.210103 -0.061467 0.000000 0.209286 0.977660 -0.019520 12.775500 0.064195 0.006182 0.997918 0.000000 0.000000 0.000000 0.000000 1.000000
0.975745 -0.210103 -0.061467 0.000000 0.209286 0.977660 -0.019520 12.775500 0.064195 0.006182 0.997918 -0.000000 0.000000 0.000000 0.000000 1.000000
0.975745 -0.210104 -0.061467 0.000000 0.209286 0.977660 -0.019520 12.775500 0.064195 0.006182 0.997918 0.000000 0.000000 0.000000 0.000000 1.000000
0.975745 -0.210103 -0.061467 0.000000 0.209286 0.977660 -0.019519 12.775500 0.064195 0.006182 0.997918 0.000000 0.000000 0.000000 0.000000 1.000000
0.975745 -0.210103 -0.061466 -0.000000 0.209286 0.977660 -0.019519 12.775500 0.064194 0.006182 0.997918 0.000000 0.000000 0.000000 0.000000 1.000000
0.975745 -0.210104 -0.061467 0.000000 0.209286 0.977660 -0.019520 12.775500 0.064195 0.006182 0.997918 0.000000 0.000000 0.000000 0.000000 1.000000
0.975745 -0.210103 -0.061466 -0.000000 0.209286 0.977660 -0.019519 12.775500 0.064194 0.006182 0.997918 0.000000 0.000000 0.000000 0.000000 1.000000
0.975745 -0.210103 -0.061467 0.000000 0.209286 0.977660 -0.019519 12.775500 0.064195 0.006182 0.997918 0.000000 0.000000 0.000000 0.000000 1.000000
0.975745 -0.210103 -0.061466 0.000000 0.209286 0.977660 -0.019520 12.775500 0.064194 0.006182 0.997918 -0.000000 0.000000 0.000000 0.000000 1.000000
0.975745 -0.210103 -0.061467 0.000000 0.209286 0.977660 -0.019520 12.775500 0.064195 0.006182 0.997918 0.000000 0.000000 0.000000 0.000000 1.000000
0.975745 -0.210103 -0.061467 -0.000000 0.209285 0.977660 -0.019519 12.775500 0.064195 0.006182 0.997918 0.000000 0.000000 0.000000 0.000000 1.000000</float_array>
        <technique_common>
          <accessor source="#mixamorig_RightHandMiddle1-Matrix-animation-output-transform-array" count="21" stride="16">
            <param type="float4x4"/>
          </accessor>
        </technique_common>
      </source>
      <source id="mixamorig_RightHandMiddle1-Interpolations">
        <Name_array id="mixamorig_RightHandMiddle1-Interpolations-array" count="21">
 LINEAR LINEAR LINEAR LINEAR LINEAR LINEAR LINEAR LINEAR LINEAR LINEAR LINEAR
LINEAR LINEAR LINEAR LINEAR LINEAR LINEAR LINEAR LINEAR LINEAR LINEAR</Name_array>
        <technique_common>
          <accessor source="#mixamorig_RightHandMiddle1-Interpolations-array" count="21">
            <param type="name"/>
          </accessor>
        </technique_common>
      </source>
      <sampler id="mixamorig_RightHandMiddle1-Matrix-animation-transform">
        <input semantic="INPUT" source="#mixamorig_RightHandMiddle1-Matrix-animation-input"/>
        <input semantic="OUTPUT" source="#mixamorig_RightHandMiddle1-Matrix-animation-output-transform"/>
        <input semantic="INTERPOLATION" source="#mixamorig_RightHandMiddle1-Interpolations"/>
      </sampler>
      <channel source="#mixamorig_RightHandMiddle1-Matrix-animation-transform" target="mixamorig_RightHandMiddle1/matrix"/>
    </animation>
    <animation id="mixamorig_RightHandMiddle2-anim" name="mixamorig_RightHandMiddle2">
      <source id="mixamorig_RightHandMiddle2-Matrix-animation-input">
        <float_array id="mixamorig_RightHandMiddle2-Matrix-animation-input-array" count="21">

0.000000 0.033333 0.066667 0.100000 0.133333 0.166667 0.200000 0.233333 0.266667 0.300000 0.333333 0.366667 0.400000 0.433333 0.466667 0.500000
0.533333 0.566667 0.600000 0.633333 0.666667</float_array>
        <technique_common>
          <accessor source="#mixamorig_RightHandMiddle2-Matrix-animation-input-array" count="21">
            <param name="TIME" type="float"/>
          </accessor>
        </technique_common>
      </source>
      <source id="mixamorig_RightHandMiddle2-Matrix-animation-output-transform">
        <float_array id="mixamorig_RightHandMiddle2-Matrix-animation-output-transform-array" count="336">

0.991914 -0.079083 0.099257 -0.000000 0.079084 -0.226509 -0.970793 3.614000 0.099255 0.970793 -0.218424 0.000000 0.000000 0.000000 0.000000 1.000000
0.991914 -0.079083 0.099257 -0.000000 0.079084 -0.226509 -0.970793 3.614000 0.099255 0.970793 -0.218423 0.000000 0.000000 0.000000 0.000000 1.000000
0.991914 -0.079083 0.099257 -0.000000 0.079084 -0.226509 -0.970793 3.614000 0.099256 0.970793 -0.218423 0.000000 0.000000 0.000000 0.000000 1.000000
0.991914 -0.079083 0.099256 0.000000 0.079084 -0.226509 -0.970793 3.614000 0.099256 0.970793 -0.218424 -0.000000 0.000000 0.000000 0.000000 1.000000
0.991914 -0.079082 0.099257 -0.000000 0.079085 -0.226509 -0.970793 3.614000 0.099255 0.970793 -0.218424 0.000000 0.000000 0.000000 0.000000 1.000000
0.991914 -0.079083 0.099257 0.000000 0.079084 -0.226509 -0.970793 3.614000 0.099256 0.970793 -0.218424 -0.000000 0.000000 0.000000 0.000000 1.000000
0.991914 -0.079083 0.099256 -0.000000 0.079084 -0.226509 -0.970793 3.614000 0.099256 0.970793 -0.218423 -0.000000 0.000000 0.000000 0.000000 1.000000
0.991914 -0.079083 0.099257 0.000000 0.079085 -0.226510 -0.970793 3.614000 0.099256 0.970793 -0.218424 0.000000 0.000000 0.000000 0.000000 1.000000
0.991914 -0.079083 0.099256 0.000000 0.079084 -0.226509 -0.970793 3.614000 0.099255 0.970793 -0.218423 0.000000 0.000000 0.000000 0.000000 1.000000
0.991914 -0.079082 0.099257 0.000000 0.079085 -0.226509 -0.970793 3.614000 0.099255 0.970793 -0.218423 0.000000 0.000000 0.000000 0.000000 1.000000
0.991914 -0.079082 0.099257 0.000000 0.079085 -0.226509 -0.970793 3.614000 0.099255 0.970793 -0.218424 -0.000000 0.000000 0.000000 0.000000 1.000000
0.991914 -0.079082 0.099257 0.000000 0.079085 -0.226509 -0.970793 3.614000 0.099255 0.970793 -0.218424 0.000000 0.000000 0.000000 0.000000 1.000000
0.991914 -0.079082 0.099256 0.000000 0.079084 -0.226509 -0.970793 3.614000 0.099255 0.970793 -0.218423 0.000000 0.000000 0.000000 0.000000 1.000000
0.991914 -0.079082 0.099256 0.000000 0.079084 -0.226509 -0.970793 3.614000 0.099255 0.970793 -0.218424 0.000000 0.000000 0.000000 0.000000 1.000000
0.991914 -0.079083 0.099257 0.000000 0.079085 -0.226509 -0.970793 3.614000 0.099255 0.970793 -0.218424 0.000000 0.000000 0.000000 0.000000 1.000000
0.991914 -0.079082 0.099257 0.000000 0.079085 -0.226509 -0.970793 3.614000 0.099255 0.970793 -0.218423 0.000000 0.000000 0.000000 0.000000 1.000000
0.991914 -0.079083 0.099257 0.000000 0.079084 -0.226509 -0.970793 3.614000 0.099255 0.970793 -0.218424 -0.000000 0.000000 0.000000 0.000000 1.000000
0.991914 -0.079083 0.099257 0.000000 0.079084 -0.226509 -0.970793 3.614000 0.099256 0.970793 -0.218424 0.000000 0.000000 0.000000 0.000000 1.000000
0.991914 -0.079083 0.099256 -0.000000 0.079084 -0.226509 -0.970793 3.614000 0.099255 0.970793 -0.218423 -0.000000 0.000000 0.000000 0.000000 1.000000
0.991914 -0.079082 0.099257 0.000000 0.079084 -0.226510 -0.970793 3.614000 0.099255 0.970793 -0.218424 -0.000000 0.000000 0.000000 0.000000 1.000000
0.991914 -0.079082 0.099257 -0.000000 0.079085 -0.226510 -0.970793 3.614000 0.099255 0.970793 -0.218424 0.000000 0.000000 0.000000 0.000000 1.000000</float_array>
        <technique_common>
          <accessor source="#mixamorig_RightHandMiddle2-Matrix-animation-output-transform-array" count="21" stride="16">
            <param type="float4x4"/>
          </accessor>
        </technique_common>
      </source>
      <source id="mixamorig_RightHandMiddle2-Interpolations">
        <Name_array id="mixamorig_RightHandMiddle2-Interpolations-array" count="21">
 LINEAR LINEAR LINEAR LINEAR LINEAR LINEAR LINEAR LINEAR LINEAR LINEAR LINEAR
LINEAR LINEAR LINEAR LINEAR LINEAR LINEAR LINEAR LINEAR LINEAR LINEAR</Name_array>
        <technique_common>
          <accessor source="#mixamorig_RightHandMiddle2-Interpolations-array" count="21">
            <param type="name"/>
          </accessor>
        </technique_common>
      </source>
      <sampler id="mixamorig_RightHandMiddle2-Matrix-animation-transform">
        <input semantic="INPUT" source="#mixamorig_RightHandMiddle2-Matrix-animation-input"/>
        <input semantic="OUTPUT" source="#mixamorig_RightHandMiddle2-Matrix-animation-output-transform"/>
        <input semantic="INTERPOLATION" source="#mixamorig_RightHandMiddle2-Interpolations"/>
      </sampler>
      <channel source="#mixamorig_RightHandMiddle2-Matrix-animation-transform" target="mixamorig_RightHandMiddle2/matrix"/>
    </animation>
    <animation id="mixamorig_RightHandMiddle3-anim" name="mixamorig_RightHandMiddle3">
      <source id="mixamorig_RightHandMiddle3-Matrix-animation-input">
        <float_array id="mixamorig_RightHandMiddle3-Matrix-animation-input-array" count="21">

0.000000 0.033333 0.066667 0.100000 0.133333 0.166667 0.200000 0.233333 0.266667 0.300000 0.333333 0.366667 0.400000 0.433333 0.466667 0.500000
0.533333 0.566667 0.600000 0.633333 0.666667</float_array>
        <technique_common>
          <accessor source="#mixamorig_RightHandMiddle3-Matrix-animation-input-array" count="21">
            <param name="TIME" type="float"/>
          </accessor>
        </technique_common>
      </source>
      <source id="mixamorig_RightHandMiddle3-Matrix-animation-output-transform">
        <float_array id="mixamorig_RightHandMiddle3-Matrix-animation-output-transform-array" count="336">

0.995522 -0.076903 0.054970 0.000000 0.076904 0.320735 -0.944042 3.459800 0.054969 0.944042 0.325213 0.000000 0.000000 0.000000 0.000000 1.000000
0.995522 -0.076904 0.054971 -0.000000 0.076905 0.320735 -0.944042 3.459800 0.054969 0.944042 0.325213 0.000000 0.000000 0.000000 0.000000 1.000000
0.995522 -0.076903 0.054970 0.000000 0.076904 0.320735 -0.944042 3.459800 0.054969 0.944042 0.325213 0.000000 0.000000 0.000000 0.000000 1.000000
0.995522 -0.076903 0.054970 -0.000000 0.076904 0.320735 -0.944042 3.459800 0.054969 0.944042 0.325213 0.000000 0.000000 0.000000 0.000000 1.000000
0.995522 -0.076903 0.054970 0.000000 0.076904 0.320736 -0.944041 3.459800 0.054969 0.944042 0.325214 0.000000 0.000000 0.000000 0.000000 1.000000
0.995522 -0.076904 0.054970 0.000000 0.076904 0.320736 -0.944042 3.459800 0.054970 0.944042 0.325214 0.000000 0.000000 0.000000 0.000000 1.000000
0.995522 -0.076903 0.054970 0.000000 0.076904 0.320735 -0.944042 3.459800 0.054969 0.944042 0.325213 0.000000 0.000000 0.000000 0.000000 1.000000
0.995522 -0.076903 0.054970 0.000000 0.076903 0.320735 -0.944042 3.459800 0.054969 0.944042 0.325213 -0.000000 0.000000 0.000000 0.000000 1.000000
0.995522 -0.076904 0.054970 0.000000 0.076904 0.320735 -0.944042 3.459800 0.054970 0.944042 0.325213 0.000000 0.000000 0.000000 0.000000 1.000000
0.995522 -0.076903 0.054970 0.000000 0.076904 0.320735 -0.944042 3.459800 0.054969 0.944042 0.325213 0.000000 0.000000 0.000000 0.000000 1.000000
0.995522 -0.076903 0.054970 0.000000 0.076904 0.320736 -0.944041 3.459800 0.054969 0.944042 0.325214 0.000000 0.000000 0.000000 0.000000 1.000000
0.995522 -0.076903 0.054970 0.000000 0.076904 0.320735 -0.944042 3.459800 0.054969 0.944042 0.325213 0.000000 0.000000 0.000000 0.000000 1.000000
0.995522 -0.076904 0.054970 -0.000000 0.076904 0.320735 -0.944042 3.459800 0.054969 0.944042 0.325213 -0.000000 0.000000 0.000000 0.000000 1.000000
0.995522 -0.076903 0.054970 0.000000 0.076904 0.320736 -0.944042 3.459800 0.054969 0.944042 0.325213 0.000000 0.000000 0.000000 0.000000 1.000000
0.995522 -0.076903 0.054970 0.000000 0.076904 0.320735 -0.944042 3.459800 0.054969 0.944042 0.325212 -0.000000 0.000000 0.000000 0.000000 1.000000
0.995522 -0.076904 0.054970 0.000000 0.076904 0.320735 -0.944042 3.459800 0.054969 0.944042 0.325213 0.000000 0.000000 0.000000 0.000000 1.000000
0.995522 -0.076903 0.054971 0.000000 0.076904 0.320735 -0.944042 3.459800 0.054969 0.944042 0.325213 0.000000 0.000000 0.000000 0.000000 1.000000
0.995522 -0.076904 0.054970 -0.000000 0.076904 0.320736 -0.944042 3.459800 0.054969 0.944042 0.325214 -0.000000 0.000000 0.000000 0.000000 1.000000
0.995522 -0.076903 0.054971 0.000000 0.076904 0.320735 -0.944042 3.459800 0.054969 0.944042 0.325213 -0.000000 0.000000 0.000000 0.000000 1.000000
0.995522 -0.076903 0.054970 0.000000 0.076904 0.320736 -0.944041 3.459800 0.054969 0.944042 0.325214 -0.000000 0.000000 0.000000 0.000000 1.000000
0.995522 -0.076904 0.054970 0.000000 0.076904 0.320735 -0.944042 3.459800 0.054970 0.944042 0.325213 0.000000 0.000000 0.000000 0.000000 1.000000</float_array>
        <technique_common>
          <accessor source="#mixamorig_RightHandMiddle3-Matrix-animation-output-transform-array" count="21" stride="16">
            <param type="float4x4"/>
          </accessor>
        </technique_common>
      </source>
      <source id="mixamorig_RightHandMiddle3-Interpolations">
        <Name_array id="mixamorig_RightHandMiddle3-Interpolations-array" count="21">
 LINEAR LINEAR LINEAR LINEAR LINEAR LINEAR LINEAR LINEAR LINEAR LINEAR LINEAR
LINEAR LINEAR LINEAR LINEAR LINEAR LINEAR LINEAR LINEAR LINEAR LINEAR</Name_array>
        <technique_common>
          <accessor source="#mixamorig_RightHandMiddle3-Interpolations-array" count="21">
            <param type="name"/>
          </accessor>
        </technique_common>
      </source>
      <sampler id="mixamorig_RightHandMiddle3-Matrix-animation-transform">
        <input semantic="INPUT" source="#mixamorig_RightHandMiddle3-Matrix-animation-input"/>
        <input semantic="OUTPUT" source="#mixamorig_RightHandMiddle3-Matrix-animation-output-transform"/>
        <input semantic="INTERPOLATION" source="#mixamorig_RightHandMiddle3-Interpolations"/>
      </sampler>
      <channel source="#mixamorig_RightHandMiddle3-Matrix-animation-transform" target="mixamorig_RightHandMiddle3/matrix"/>
    </animation>
    <animation id="mixamorig_RightHandRing1-anim" name="mixamorig_RightHandRing1">
      <source id="mixamorig_RightHandRing1-Matrix-animation-input">
        <float_array id="mixamorig_RightHandRing1-Matrix-animation-input-array" count="21">

0.000000 0.033333 0.066667 0.100000 0.133333 0.166667 0.200000 0.233333 0.266667 0.300000 0.333333 0.366667 0.400000 0.433333 0.466667 0.500000
0.533333 0.566667 0.600000 0.633333 0.666667</float_array>
        <technique_common>
          <accessor source="#mixamorig_RightHandRing1-Matrix-animation-input-array" count="21">
            <param name="TIME" type="float"/>
          </accessor>
        </technique_common>
      </source>
      <source id="mixamorig_RightHandRing1-Matrix-animation-output-transform">
        <float_array id="mixamorig_RightHandRing1-Matrix-animation-output-transform-array" count="336">

0.953947 -0.177116 0.242105 -2.216600 0.218550 0.963196 -0.156493 12.147000 -0.205477 0.202198 0.957546 -0.010000 0.000000 0.000000 0.000000 1.000000
0.953947 -0.177117 0.242105 -2.216600 0.218551 0.963195 -0.156493 12.147000 -0.205477 0.202198 0.957546 -0.010000 0.000000 0.000000 0.000000 1.000000
0.953947 -0.177117 0.242106 -2.216600 0.218551 0.963196 -0.156492 12.147000 -0.205478 0.202198 0.957546 -0.010000 0.000000 0.000000 0.000000 1.000000
0.953947 -0.177116 0.242105 -2.216600 0.218550 0.963196 -0.156493 12.147000 -0.205477 0.202198 0.957546 -0.010000 0.000000 0.000000 0.000000 1.000000
0.953947 -0.177116 0.242105 -2.216600 0.218550 0.963196 -0.156492 12.147000 -0.205478 0.202197 0.957546 -0.010000 0.000000 0.000000 0.000000 1.000000
0.953947 -0.177116 0.242105 -2.216600 0.218550 0.963196 -0.156493 12.147000 -0.205477 0.202198 0.957546 -0.010000 0.000000 0.000000 0.000000 1.000000
0.953947 -0.177116 0.242106 -2.216600 0.218551 0.963196 -0.156493 12.147000 -0.205478 0.202198 0.957546 -0.010000 0.000000 0.000000 0.000000 1.000000
0.953947 -0.177116 0.242105 -2.216600 0.218550 0.963196 -0.156492 12.147000 -0.205478 0.202198 0.957546 -0.010000 0.000000 0.000000 0.000000 1.000000
0.953947 -0.177116 0.242105 -2.216600 0.218550 0.963196 -0.156493 12.147000 -0.205477 0.202198 0.957546 -0.010000 0.000000 0.000000 0.000000 1.000000
0.953947 -0.177116 0.242106 -2.216600 0.218550 0.963196 -0.156493 12.147000 -0.205478 0.202198 0.957546 -0.010000 0.000000 0.000000 0.000000 1.000000
0.953947 -0.177117 0.242105 -2.216600 0.218551 0.963196 -0.156492 12.147000 -0.205477 0.202198 0.957546 -0.010000 0.000000 0.000000 0.000000 1.000000
0.953947 -0.177117 0.242105 -2.216600 0.218551 0.963196 -0.156493 12.147000 -0.205477 0.202198 0.957546 -0.010000 0.000000 0.000000 0.000000 1.000000
0.953947 -0.177116 0.242105 -2.216600 0.218550 0.963196 -0.156493 12.147000 -0.205477 0.202198 0.957546 -0.010000 0.000000 0.000000 0.000000 1.000000
0.953947 -0.177117 0.242105 -2.216600 0.218551 0.963196 -0.156493 12.147000 -0.205477 0.202198 0.957546 -0.010000 0.000000 0.000000 0.000000 1.000000
0.953947 -0.177116 0.242105 -2.216600 0.218550 0.963196 -0.156493 12.147000 -0.205477 0.202198 0.957546 -0.010000 0.000000 0.000000 0.000000 1.000000
0.953947 -0.177117 0.242106 -2.216600 0.218550 0.963196 -0.156492 12.147000 -0.205478 0.202198 0.957546 -0.010000 0.000000 0.000000 0.000000 1.000000
0.953947 -0.177117 0.242105 -2.216600 0.218551 0.963195 -0.156493 12.147000 -0.205477 0.202198 0.957546 -0.010000 0.000000 0.000000 0.000000 1.000000
0.953947 -0.177117 0.242106 -2.216600 0.218551 0.963195 -0.156493 12.147000 -0.205477 0.202198 0.957546 -0.010000 0.000000 0.000000 0.000000 1.000000
0.953947 -0.177116 0.242105 -2.216600 0.218550 0.963196 -0.156493 12.147000 -0.205477 0.202198 0.957546 -0.010000 0.000000 0.000000 0.000000 1.000000
0.953947 -0.177116 0.242105 -2.216600 0.218550 0.963196 -0.156493 12.147000 -0.205477 0.202198 0.957546 -0.010000 0.000000 0.000000 0.000000 1.000000
0.953947 -0.177117 0.242105 -2.216600 0.218551 0.963195 -0.156493 12.147000 -0.205477 0.202198 0.957546 -0.010000 0.000000 0.000000 0.000000 1.000000</float_array>
        <technique_common>
          <accessor source="#mixamorig_RightHandRing1-Matrix-animation-output-transform-array" count="21" stride="16">
            <param type="float4x4"/>
          </accessor>
        </technique_common>
      </source>
      <source id="mixamorig_RightHandRing1-Interpolations">
        <Name_array id="mixamorig_RightHandRing1-Interpolations-array" count="21">
 LINEAR LINEAR LINEAR LINEAR LINEAR LINEAR LINEAR LINEAR LINEAR LINEAR LINEAR
LINEAR LINEAR LINEAR LINEAR LINEAR LINEAR LINEAR LINEAR LINEAR LINEAR</Name_array>
        <technique_common>
          <accessor source="#mixamorig_RightHandRing1-Interpolations-array" count="21">
            <param type="name"/>
          </accessor>
        </technique_common>
      </source>
      <sampler id="mixamorig_RightHandRing1-Matrix-animation-transform">
        <input semantic="INPUT" source="#mixamorig_RightHandRing1-Matrix-animation-input"/>
        <input semantic="OUTPUT" source="#mixamorig_RightHandRing1-Matrix-animation-output-transform"/>
        <input semantic="INTERPOLATION" source="#mixamorig_RightHandRing1-Interpolations"/>
      </sampler>
      <channel source="#mixamorig_RightHandRing1-Matrix-animation-transform" target="mixamorig_RightHandRing1/matrix"/>
    </animation>
    <animation id="mixamorig_RightHandRing2-anim" name="mixamorig_RightHandRing2">
      <source id="mixamorig_RightHandRing2-Matrix-animation-input">
        <float_array id="mixamorig_RightHandRing2-Matrix-animation-input-array" count="21">

0.000000 0.033333 0.066667 0.100000 0.133333 0.166667 0.200000 0.233333 0.266667 0.300000 0.333333 0.366667 0.400000 0.433333 0.466667 0.500000
0.533333 0.566667 0.600000 0.633333 0.666667</float_array>
        <technique_common>
          <accessor source="#mixamorig_RightHandRing2-Matrix-animation-input-array" count="21">
            <param name="TIME" type="float"/>
          </accessor>
        </technique_common>
      </source>
      <source id="mixamorig_RightHandRing2-Matrix-animation-output-transform">
        <float_array id="mixamorig_RightHandRing2-Matrix-animation-output-transform-array" count="336">

0.990709 -0.074079 0.114050 0.000000 0.074082 -0.409309 -0.909383 3.601200 0.114048 0.909384 -0.400018 0.000000 0.000000 0.000000 0.000000 1.000000
0.990709 -0.074079 0.114050 0.000000 0.074082 -0.409309 -0.909383 3.601200 0.114048 0.909383 -0.400018 -0.000000 0.000000 0.000000 0.000000 1.000000
0.990709 -0.074079 0.114050 -0.000000 0.074083 -0.409309 -0.909383 3.601200 0.114048 0.909384 -0.400018 -0.000000 0.000000 0.000000 0.000000 1.000000
0.990709 -0.074079 0.114050 -0.000000 0.074082 -0.409310 -0.909383 3.601200 0.114048 0.909383 -0.400019 0.000000 0.000000 0.000000 0.000000 1.000000
0.990709 -0.074079 0.114050 0.000000 0.074082 -0.409309 -0.909383 3.601200 0.114048 0.909383 -0.400019 -0.000000 0.000000 0.000000 0.000000 1.000000
0.990709 -0.074079 0.114050 0.000000 0.074083 -0.409310 -0.909383 3.601200 0.114048 0.909383 -0.400019 0.000000 0.000000 0.000000 0.000000 1.000000
0.990709 -0.074079 0.114050 0.000000 0.074082 -0.409310 -0.909383 3.601200 0.114048 0.909383 -0.400019 0.000000 0.000000 0.000000 0.000000 1.000000
0.990709 -0.074079 0.114051 0.000000 0.074083 -0.409310 -0.909383 3.601200 0.114048 0.909383 -0.400019 0.000000 0.000000 0.000000 0.000000 1.000000
0.990709 -0.074079 0.114051 0.000000 0.074083 -0.409309 -0.909383 3.601200 0.114048 0.909383 -0.400019 0.000000 0.000000 0.000000 0.000000 1.000000
0.990709 -0.074079 0.114050 0.000000 0.074083 -0.409309 -0.909383 3.601200 0.114048 0.909383 -0.400019 0.000000 0.000000 0.000000 0.000000 1.000000
0.990709 -0.074079 0.114050 0.000000 0.074082 -0.409310 -0.909383 3.601200 0.114048 0.909383 -0.400019 0.000000 0.000000 0.000000 0.000000 1.000000
0.990709 -0.074079 0.114050 -0.000000 0.074082 -0.409309 -0.909383 3.601200 0.114048 0.909383 -0.400019 -0.000000 0.000000 0.000000 0.000000 1.000000
0.990709 -0.074079 0.114050 0.000000 0.074083 -0.409310 -0.909383 3.601200 0.114048 0.909383 -0.400019 -0.000000 0.000000 0.000000 0.000000 1.000000
0.990709 -0.074079 0.114050 0.000000 0.074082 -0.409309 -0.909383 3.601200 0.114048 0.909383 -0.400019 0.000000 0.000000 0.000000 0.000000 1.000000
0.990709 -0.074079 0.114050 -0.000000 0.074082 -0.409309 -0.909383 3.601200 0.114048 0.909383 -0.400018 -0.000000 0.000000 0.000000 0.000000 1.000000
0.990709 -0.074079 0.114049 -0.000000 0.074082 -0.409309 -0.909383 3.601200 0.114047 0.909383 -0.400019 -0.000000 0.000000 0.000000 0.000000 1.000000
0.990709 -0.074079 0.114050 0.000000 0.074082 -0.409309 -0.909383 3.601200 0.114048 0.909383 -0.400018 0.000000 0.000000 0.000000 0.000000 1.000000
0.990709 -0.074079 0.114051 0.000000 0.074083 -0.409310 -0.909383 3.601200 0.114048 0.909383 -0.400019 0.000000 0.000000 0.000000 0.000000 1.000000
0.990709 -0.074079 0.114050 0.000000 0.074082 -0.409310 -0.909383 3.601200 0.114048 0.909383 -0.400019 0.000000 0.000000 0.000000 0.000000 1.000000
0.990709 -0.074079 0.114051 0.000000 0.074083 -0.409310 -0.909383 3.601200 0.114048 0.909383 -0.400019 0.000000 0.000000 0.000000 0.000000 1.000000
0.990709 -0.074079 0.114050 0.000000 0.074082 -0.409310 -0.909383 3.601200 0.114048 0.909383 -0.400019 -0.000000 0.000000 0.000000 0.000000 1.000000</float_array>
        <technique_common>
          <accessor source="#mixamorig_RightHandRing2-Matrix-animation-output-transform-array" count="21" stride="16">
            <param type="float4x4"/>
          </accessor>
        </technique_common>
      </source>
      <source id="mixamorig_RightHandRing2-Interpolations">
        <Name_array id="mixamorig_RightHandRing2-Interpolations-array" count="21">
 LINEAR LINEAR LINEAR LINEAR LINEAR LINEAR LINEAR LINEAR LINEAR LINEAR LINEAR
LINEAR LINEAR LINEAR LINEAR LINEAR LINEAR LINEAR LINEAR LINEAR LINEAR</Name_array>
        <technique_common>
          <accessor source="#mixamorig_RightHandRing2-Interpolations-array" count="21">
            <param type="name"/>
          </accessor>
        </technique_common>
      </source>
      <sampler id="mixamorig_RightHandRing2-Matrix-animation-transform">
        <input semantic="INPUT" source="#mixamorig_RightHandRing2-Matrix-animation-input"/>
        <input semantic="OUTPUT" source="#mixamorig_RightHandRing2-Matrix-animation-output-transform"/>
        <input semantic="INTERPOLATION" source="#mixamorig_RightHandRing2-Interpolations"/>
      </sampler>
      <channel source="#mixamorig_RightHandRing2-Matrix-animation-transform" target="mixamorig_RightHandRing2/matrix"/>
    </animation>
    <animation id="mixamorig_RightHandRing3-anim" name="mixamorig_RightHandRing3">
      <source id="mixamorig_RightHandRing3-Matrix-animation-input">
        <float_array id="mixamorig_RightHandRing3-Matrix-animation-input-array" count="21">

0.000000 0.033333 0.066667 0.100000 0.133333 0.166667 0.200000 0.233333 0.266667 0.300000 0.333333 0.366667 0.400000 0.433333 0.466667 0.500000
0.533333 0.566667 0.600000 0.633333 0.666667</float_array>
        <technique_common>
          <accessor source="#mixamorig_RightHandRing3-Matrix-animation-input-array" count="21">
            <param name="TIME" type="float"/>
          </accessor>
        </technique_common>
      </source>
      <source id="mixamorig_RightHandRing3-Matrix-animation-output-transform">
        <float_array id="mixamorig_RightHandRing3-Matrix-animation-output-transform-array" count="336">

0.994682 -0.079662 0.065286 0.000000 0.079664 0.193281 -0.977904 3.307300 0.065284 0.977904 0.198599 0.000000 0.000000 0.000000 0.000000 1.000000
0.994682 -0.079662 0.065285 0.000000 0.079663 0.193281 -0.977904 3.307300 0.065284 0.977904 0.198599 0.000000 0.000000 0.000000 0.000000 1.000000
0.994682 -0.079662 0.065285 -0.000000 0.079663 0.193280 -0.977904 3.307300 0.065284 0.977904 0.198599 0.000000 0.000000 0.000000 0.000000 1.000000
0.994682 -0.079663 0.065285 0.000000 0.079663 0.193281 -0.977904 3.307300 0.065284 0.977904 0.198599 -0.000000 0.000000 0.000000 0.000000 1.000000
0.994682 -0.079662 0.065285 -0.000000 0.079663 0.193281 -0.977904 3.307300 0.065284 0.977904 0.198600 0.000000 0.000000 0.000000 0.000000 1.000000
0.994682 -0.079662 0.065285 0.000000 0.079663 0.193281 -0.977904 3.307300 0.065284 0.977904 0.198599 0.000000 0.000000 0.000000 0.000000 1.000000
0.994682 -0.079663 0.065285 -0.000000 0.079664 0.193281 -0.977904 3.307300 0.065284 0.977904 0.198599 0.000000 0.000000 0.000000 0.000000 1.000000
0.994682 -0.079662 0.065285 0.000000 0.079663 0.193281 -0.977904 3.307300 0.065284 0.977904 0.198599 0.000000 0.000000 0.000000 0.000000 1.000000
0.994682 -0.079663 0.065285 -0.000000 0.079663 0.193281 -0.977904 3.307300 0.065284 0.977904 0.198599 0.000000 0.000000 0.000000 0.000000 1.000000
0.994682 -0.079662 0.065285 0.000000 0.079663 0.193281 -0.977904 3.307300 0.065284 0.977904 0.198599 0.000000 0.000000 0.000000 0.000000 1.000000
0.994682 -0.079662 0.065285 0.000000 0.079663 0.193281 -0.977904 3.307300 0.065284 0.977904 0.198599 0.000000 0.000000 0.000000 0.000000 1.000000
0.994682 -0.079662 0.065285 0.000000 0.079664 0.193281 -0.977904 3.307300 0.065284 0.977904 0.198599 0.000000 0.000000 0.000000 0.000000 1.000000
0.994682 -0.079662 0.065285 0.000000 0.079663 0.193281 -0.977904 3.307300 0.065284 0.977904 0.198599 0.000000 0.000000 0.000000 0.000000 1.000000
0.994682 -0.079662 0.065285 0.000000 0.079663 0.193281 -0.977904 3.307300 0.065284 0.977904 0.198599 0.000000 0.000000 0.000000 0.000000 1.000000
0.994682 -0.079663 0.065285 0.000000 0.079663 0.193281 -0.977904 3.307300 0.065284 0.977904 0.198599 0.000000 0.000000 0.000000 0.000000 1.000000
0.994682 -0.079662 0.065285 -0.000000 0.079664 0.193281 -0.977904 3.307300 0.065283 0.977904 0.198599 0.000000 0.000000 0.000000 0.000000 1.000000
0.994682 -0.079662 0.065285 0.000000 0.079663 0.193281 -0.977904 3.307300 0.065284 0.977904 0.198599 0.000000 0.000000 0.000000 0.000000 1.000000
0.994682 -0.079662 0.065285 -0.000000 0.079663 0.193281 -0.977904 3.307300 0.065284 0.977904 0.198599 0.000000 0.000000 0.000000 0.000000 1.000000
0.994682 -0.079663 0.065285 0.000000 0.079663 0.193281 -0.977904 3.307300 0.065284 0.977904 0.198599 0.000000 0.000000 0.000000 0.000000 1.000000
0.994682 -0.079663 0.065285 0.000000 0.079664 0.193281 -0.977904 3.307300 0.065284 0.977904 0.198600 0.000000 0.000000 0.000000 0.000000 1.000000
0.994682 -0.079663 0.065285 0.000000 0.079663 0.193281 -0.977904 3.307300 0.065284 0.977904 0.198599 0.000000 0.000000 0.000000 0.000000 1.000000</float_array>
        <technique_common>
          <accessor source="#mixamorig_RightHandRing3-Matrix-animation-output-transform-array" count="21" stride="16">
            <param type="float4x4"/>
          </accessor>
        </technique_common>
      </source>
      <source id="mixamorig_RightHandRing3-Interpolations">
        <Name_array id="mixamorig_RightHandRing3-Interpolations-array" count="21">
 LINEAR LINEAR LINEAR LINEAR LINEAR LINEAR LINEAR LINEAR LINEAR LINEAR LINEAR
LINEAR LINEAR LINEAR LINEAR LINEAR LINEAR LINEAR LINEAR LINEAR LINEAR</Name_array>
        <technique_common>
          <accessor source="#mixamorig_RightHandRing3-Interpolations-array" count="21">
            <param type="name"/>
          </accessor>
        </technique_common>
      </source>
      <sampler id="mixamorig_RightHandRing3-Matrix-animation-transform">
        <input semantic="INPUT" source="#mixamorig_RightHandRing3-Matrix-animation-input"/>
        <input semantic="OUTPUT" source="#mixamorig_RightHandRing3-Matrix-animation-output-transform"/>
        <input semantic="INTERPOLATION" source="#mixamorig_RightHandRing3-Interpolations"/>
      </sampler>
      <channel source="#mixamorig_RightHandRing3-Matrix-animation-transform" target="mixamorig_RightHandRing3/matrix"/>
    </animation>
    <animation id="mixamorig_RightHandPinky1-anim" name="mixamorig_RightHandPinky1">
      <source id="mixamorig_RightHandPinky1-Matrix-animation-input">
        <float_array id="mixamorig_RightHandPinky1-Matrix-animation-input-array" count="21">

0.000000 0.033333 0.066667 0.100000 0.133333 0.166667 0.200000 0.233333 0.266667 0.300000 0.333333 0.366667 0.400000 0.433333 0.466667 0.500000
0.533333 0.566667 0.600000 0.633333 0.666667</float_array>
        <technique_common>
          <accessor source="#mixamorig_RightHandPinky1-Matrix-animation-input-array" count="21">
            <param name="TIME" type="float"/>
          </accessor>
        </technique_common>
      </source>
      <source id="mixamorig_RightHandPinky1-Matrix-animation-output-transform">
        <float_array id="mixamorig_RightHandPinky1-Matrix-animation-output-transform-array" count="336">

0.937053 -0.155753 0.312526 -4.725800 0.182181 0.981609 -0.057037 10.908200 -0.297895 0.110383 0.948195 0.226100 0.000000 0.000000 0.000000 1.000000
0.937053 -0.155753 0.312526 -4.725800 0.182181 0.981609 -0.057037 10.908200 -0.297894 0.110383 0.948195 0.226100 0.000000 0.000000 0.000000 1.000000
0.937053 -0.155753 0.312526 -4.725800 0.182182 0.981609 -0.057036 10.908200 -0.297895 0.110383 0.948195 0.226100 0.000000 0.000000 0.000000 1.000000
0.937053 -0.155753 0.312526 -4.725800 0.182181 0.981609 -0.057036 10.908200 -0.297895 0.110383 0.948195 0.226100 0.000000 0.000000 0.000000 1.000000
0.937053 -0.155753 0.312526 -4.725800 0.182181 0.981609 -0.057036 10.908200 -0.297895 0.110382 0.948195 0.226100 0.000000 0.000000 0.000000 1.000000
0.937053 -0.155753 0.312526 -4.725800 0.182182 0.981609 -0.057037 10.908200 -0.297895 0.110383 0.948195 0.226100 0.000000 0.000000 0.000000 1.000000
0.937053 -0.155753 0.312526 -4.725800 0.182182 0.981609 -0.057037 10.908200 -0.297894 0.110383 0.948195 0.226100 0.000000 0.000000 0.000000 1.000000
0.937053 -0.155752 0.312526 -4.725800 0.182181 0.981609 -0.057037 10.908200 -0.297895 0.110383 0.948195 0.226100 0.000000 0.000000 0.000000 1.000000
0.937053 -0.155752 0.312526 -4.725800 0.182181 0.981609 -0.057036 10.908200 -0.297895 0.110382 0.948195 0.226100 0.000000 0.000000 0.000000 1.000000
0.937053 -0.155752 0.312526 -4.725800 0.182181 0.981609 -0.057037 10.908200 -0.297895 0.110383 0.948195 0.226100 0.000000 0.000000 0.000000 1.000000
0.937053 -0.155753 0.312526 -4.725800 0.182182 0.981609 -0.057036 10.908200 -0.297895 0.110383 0.948195 0.226100 0.000000 0.000000 0.000000 1.000000
0.937053 -0.155753 0.312526 -4.725800 0.182182 0.981609 -0.057037 10.908200 -0.297895 0.110383 0.948195 0.226100 0.000000 0.000000 0.000000 1.000000
0.937053 -0.155752 0.312526 -4.725800 0.182181 0.981609 -0.057036 10.908200 -0.297895 0.110382 0.948195 0.226100 0.000000 0.000000 0.000000 1.000000
0.937053 -0.155752 0.312526 -4.725800 0.182181 0.981609 -0.057036 10.908200 -0.297895 0.110382 0.948195 0.226100 0.000000 0.000000 0.000000 1.000000
0.937053 -0.155752 0.312526 -4.725800 0.182181 0.981609 -0.057037 10.908200 -0.297895 0.110383 0.948195 0.226100 0.000000 0.000000 0.000000 1.000000
0.937053 -0.155752 0.312526 -4.725800 0.182181 0.981609 -0.057037 10.908200 -0.297894 0.110383 0.948195 0.226100 0.000000 0.000000 0.000000 1.000000
0.937053 -0.155753 0.312526 -4.725800 0.182181 0.981609 -0.057036 10.908200 -0.297895 0.110382 0.948195 0.226100 0.000000 0.000000 0.000000 1.000000
0.937053 -0.155753 0.312526 -4.725800 0.182181 0.981609 -0.057037 10.908200 -0.297895 0.110383 0.948195 0.226100 0.000000 0.000000 0.000000 1.000000
0.937053 -0.155752 0.312526 -4.725800 0.182181 0.981609 -0.057037 10.908200 -0.297895 0.110383 0.948195 0.226100 0.000000 0.000000 0.000000 1.000000
0.937053 -0.155753 0.312526 -4.725800 0.182181 0.981609 -0.057037 10.908200 -0.297895 0.110383 0.948195 0.226100 0.000000 0.000000 0.000000 1.000000
0.937053 -0.155753 0.312526 -4.725800 0.182182 0.981609 -0.057036 10.908200 -0.297895 0.110382 0.948195 0.226100 0.000000 0.000000 0.000000 1.000000</float_array>
        <technique_common>
          <accessor source="#mixamorig_RightHandPinky1-Matrix-animation-output-transform-array" count="21" stride="16">
            <param type="float4x4"/>
          </accessor>
        </technique_common>
      </source>
      <source id="mixamorig_RightHandPinky1-Interpolations">
        <Name_array id="mixamorig_RightHandPinky1-Interpolations-array" count="21">
 LINEAR LINEAR LINEAR LINEAR LINEAR LINEAR LINEAR LINEAR LINEAR LINEAR LINEAR
LINEAR LINEAR LINEAR LINEAR LINEAR LINEAR LINEAR LINEAR LINEAR LINEAR</Name_array>
        <technique_common>
          <accessor source="#mixamorig_RightHandPinky1-Interpolations-array" count="21">
            <param type="name"/>
          </accessor>
        </technique_common>
      </source>
      <sampler id="mixamorig_RightHandPinky1-Matrix-animation-transform">
        <input semantic="INPUT" source="#mixamorig_RightHandPinky1-Matrix-animation-input"/>
        <input semantic="OUTPUT" source="#mixamorig_RightHandPinky1-Matrix-animation-output-transform"/>
        <input semantic="INTERPOLATION" source="#mixamorig_RightHandPinky1-Interpolations"/>
      </sampler>
      <channel source="#mixamorig_RightHandPinky1-Matrix-animation-transform" target="mixamorig_RightHandPinky1/matrix"/>
    </animation>
    <animation id="mixamorig_RightHandPinky2-anim" name="mixamorig_RightHandPinky2">
      <source id="mixamorig_RightHandPinky2-Matrix-animation-input">
        <float_array id="mixamorig_RightHandPinky2-Matrix-animation-input-array" count="21">

0.000000 0.033333 0.066667 0.100000 0.133333 0.166667 0.200000 0.233333 0.266667 0.300000 0.333333 0.366667 0.400000 0.433333 0.466667 0.500000
0.533333 0.566667 0.600000 0.633333 0.666667</float_array>
        <technique_common>
          <accessor source="#mixamorig_RightHandPinky2-Matrix-animation-input-array" count="21">
            <param name="TIME" type="float"/>
          </accessor>
        </technique_common>
      </source>
      <source id="mixamorig_RightHandPinky2-Matrix-animation-output-transform">
        <float_array id="mixamorig_RightHandPinky2-Matrix-animation-output-transform-array" count="336">

0.992932 -0.080981 0.086760 -0.000000 0.080982 -0.072094 -0.994105 4.136700 0.086759 0.994105 -0.065026 0.000000 0.000000 0.000000 0.000000 1.000000
0.992932 -0.080981 0.086760 0.000000 0.080982 -0.072094 -0.994105 4.136700 0.086759 0.994105 -0.065026 -0.000000 0.000000 0.000000 0.000000 1.000000
0.992932 -0.080982 0.086760 0.000000 0.080983 -0.072094 -0.994105 4.136700 0.086759 0.994105 -0.065026 -0.000000 0.000000 0.000000 0.000000 1.000000
0.992932 -0.080982 0.086760 0.000000 0.080983 -0.072094 -0.994105 4.136700 0.086759 0.994105 -0.065027 -0.000000 0.000000 0.000000 0.000000 1.000000
0.992932 -0.080981 0.086761 0.000000 0.080983 -0.072094 -0.994105 4.136700 0.086759 0.994105 -0.065026 -0.000000 0.000000 0.000000 0.000000 1.000000
0.992932 -0.080981 0.086760 0.000000 0.080983 -0.072094 -0.994105 4.136700 0.086759 0.994105 -0.065027 0.000000 0.000000 0.000000 0.000000 1.000000
0.992932 -0.080981 0.086760 0.000000 0.080983 -0.072094 -0.994105 4.136700 0.086758 0.994105 -0.065026 -0.000000 0.000000 0.000000 0.000000 1.000000
0.992932 -0.080981 0.086760 0.000000 0.080983 -0.072094 -0.994105 4.136700 0.086759 0.994105 -0.065026 0.000000 0.000000 0.000000 0.000000 1.000000
0.992932 -0.080982 0.086761 -0.000000 0.080983 -0.072094 -0.994105 4.136700 0.086759 0.994105 -0.065027 -0.000000 0.000000 0.000000 0.000000 1.000000
0.992932 -0.080982 0.086760 0.000000 0.080983 -0.072093 -0.994105 4.136700 0.086759 0.994105 -0.065026 0.000000 0.000000 0.000000 0.000000 1.000000
0.992932 -0.080981 0.086761 0.000000 0.080983 -0.072093 -0.994105 4.136700 0.086759 0.994105 -0.065026 -0.000000 0.000000 0.000000 0.000000 1.000000
0.992932 -0.080982 0.086760 0.000000 0.080983 -0.072094 -0.994105 4.136700 0.086759 0.994105 -0.065027 0.000000 0.000000 0.000000 0.000000 1.000000
0.992932 -0.080982 0.086760 0.000000 0.080983 -0.072094 -0.994105 4.136700 0.086759 0.994105 -0.065027 0.000000 0.000000 0.000000 0.000000 1.000000
0.992932 -0.080981 0.086760 -0.000000 0.080983 -0.072093 -0.994105 4.136700 0.086759 0.994105 -0.065026 0.000000 0.000000 0.000000 0.000000 1.000000
0.992932 -0.080982 0.086760 -0.000000 0.080983 -0.072094 -0.994105 4.136700 0.086759 0.994105 -0.065027 -0.000000 0.000000 0.000000 0.000000 1.000000
0.992932 -0.080981 0.086760 0.000000 0.080982 -0.072094 -0.994105 4.136700 0.086759 0.994105 -0.065026 0.000000 0.000000 0.000000 0.000000 1.000000
0.992932 -0.080981 0.086760 0.000000 0.080983 -0.072094 -0.994105 4.136700 0.086759 0.994105 -0.065027 0.000000 0.000000 0.000000 0.000000 1.000000
0.992932 -0.080982 0.086760 0.000000 0.080982 -0.072095 -0.994105 4.136700 0.086759 0.994105 -0.065027 -0.000000 0.000000 0.000000 0.000000 1.000000
0.992932 -0.080981 0.086760 0.000000 0.080983 -0.072094 -0.994105 4.136700 0.086759 0.994105 -0.065026 -0.000000 0.000000 0.000000 0.000000 1.000000
0.992932 -0.080982 0.086760 0.000000 0.080982 -0.072094 -0.994105 4.136700 0.086759 0.994105 -0.065026 0.000000 0.000000 0.000000 0.000000 1.000000
0.992932 -0.080982 0.086760 -0.000000 0.080983 -0.072094 -0.994105 4.136700 0.086759 0.994105 -0.065026 -0.000000 0.000000 0.000000 0.000000 1.000000</float_array>
        <technique_common>
          <accessor source="#mixamorig_RightHandPinky2-Matrix-animation-output-transform-array" count="21" stride="16">
            <param type="float4x4"/>
          </accessor>
        </technique_common>
      </source>
      <source id="mixamorig_RightHandPinky2-Interpolations">
        <Name_array id="mixamorig_RightHandPinky2-Interpolations-array" count="21">
 LINEAR LINEAR LINEAR LINEAR LINEAR LINEAR LINEAR LINEAR LINEAR LINEAR LINEAR
LINEAR LINEAR LINEAR LINEAR LINEAR LINEAR LINEAR LINEAR LINEAR LINEAR</Name_array>
        <technique_common>
          <accessor source="#mixamorig_RightHandPinky2-Interpolations-array" count="21">
            <param type="name"/>
          </accessor>
        </technique_common>
      </source>
      <sampler id="mixamorig_RightHandPinky2-Matrix-animation-transform">
        <input semantic="INPUT" source="#mixamorig_RightHandPinky2-Matrix-animation-input"/>
        <input semantic="OUTPUT" source="#mixamorig_RightHandPinky2-Matrix-animation-output-transform"/>
        <input semantic="INTERPOLATION" source="#mixamorig_RightHandPinky2-Interpolations"/>
      </sampler>
      <channel source="#mixamorig_RightHandPinky2-Matrix-animation-transform" target="mixamorig_RightHandPinky2/matrix"/>
    </animation>
    <animation id="mixamorig_RightHandPinky3-anim" name="mixamorig_RightHandPinky3">
      <source id="mixamorig_RightHandPinky3-Matrix-animation-input">
        <float_array id="mixamorig_RightHandPinky3-Matrix-animation-input-array" count="21">

0.000000 0.033333 0.066667 0.100000 0.133333 0.166667 0.200000 0.233333 0.266667 0.300000 0.333333 0.366667 0.400000 0.433333 0.466667 0.500000
0.533333 0.566667 0.600000 0.633333 0.666667</float_array>
        <technique_common>
          <accessor source="#mixamorig_RightHandPinky3-Matrix-animation-input-array" count="21">
            <param name="TIME" type="float"/>
          </accessor>
        </technique_common>
      </source>
      <source id="mixamorig_RightHandPinky3-Matrix-animation-output-transform">
        <float_array id="mixamorig_RightHandPinky3-Matrix-animation-output-transform-array" count="336">

0.994834 -0.079269 0.063415 0.000000 0.079270 0.216380 -0.973086 2.594800 0.063414 0.973086 0.221546 0.000000 0.000000 0.000000 0.000000 1.000000
0.994834 -0.079270 0.063415 0.000000 0.079270 0.216380 -0.973086 2.594800 0.063414 0.973086 0.221546 0.000000 0.000000 0.000000 0.000000 1.000000
0.994834 -0.079270 0.063415 -0.000000 0.079270 0.216380 -0.973086 2.594800 0.063415 0.973086 0.221546 0.000000 0.000000 0.000000 0.000000 1.000000
0.994834 -0.079269 0.063415 0.000000 0.079270 0.216379 -0.973086 2.594800 0.063414 0.973086 0.221545 0.000000 0.000000 0.000000 0.000000 1.000000
0.994834 -0.079269 0.063415 0.000000 0.079270 0.216379 -0.973086 2.594800 0.063414 0.973086 0.221545 0.000000 0.000000 0.000000 0.000000 1.000000
0.994834 -0.079269 0.063415 0.000000 0.079270 0.216380 -0.973086 2.594800 0.063414 0.973086 0.221545 0.000000 0.000000 0.000000 0.000000 1.000000
0.994834 -0.079270 0.063416 0.000000 0.079271 0.216380 -0.973086 2.594800 0.063414 0.973086 0.221546 0.000000 0.000000 0.000000 0.000000 1.000000
0.994834 -0.079270 0.063415 0.000000 0.079270 0.216380 -0.973086 2.594800 0.063414 0.973086 0.221546 0.000000 0.000000 0.000000 0.000000 1.000000
0.994834 -0.079269 0.063415 0.000000 0.079270 0.216380 -0.973086 2.594800 0.063414 0.973086 0.221545 0.000000 0.000000 0.000000 0.000000 1.000000
0.994834 -0.079269 0.063416 0.000000 0.079271 0.216379 -0.973086 2.594800 0.063414 0.973086 0.221545 0.000000 0.000000 0.000000 0.000000 1.000000
0.994834 -0.079270 0.063415 0.000000 0.079271 0.216380 -0.973086 2.594800 0.063415 0.973086 0.221546 0.000000 0.000000 0.000000 0.000000 1.000000
0.994834 -0.079269 0.063415 -0.000000 0.079270 0.216380 -0.973086 2.594800 0.063414 0.973086 0.221545 0.000000 0.000000 0.000000 0.000000 1.000000
0.994834 -0.079270 0.063415 0.000000 0.079271 0.216380 -0.973086 2.594800 0.063414 0.973086 0.221546 0.000000 0.000000 0.000000 0.000000 1.000000
0.994834 -0.079270 0.063415 -0.000000 0.079270 0.216380 -0.973086 2.594800 0.063415 0.973086 0.221546 0.000000 0.000000 0.000000 0.000000 1.000000
0.994834 -0.079269 0.063415 0.000000 0.079270 0.216380 -0.973086 2.594800 0.063414 0.973086 0.221546 0.000000 0.000000 0.000000 0.000000 1.000000
0.994834 -0.079269 0.063416 0.000000 0.079271 0.216380 -0.973086 2.594800 0.063414 0.973086 0.221546 0.000000 0.000000 0.000000 0.000000 1.000000
0.994834 -0.079269 0.063415 -0.000000 0.079270 0.216380 -0.973086 2.594800 0.063414 0.973086 0.221546 0.000000 0.000000 0.000000 0.000000 1.000000
0.994834 -0.079270 0.063416 -0.000000 0.079271 0.216380 -0.973086 2.594800 0.063414 0.973086 0.221546 0.000000 0.000000 0.000000 0.000000 1.000000
0.994834 -0.079269 0.063415 0.000000 0.079270 0.216380 -0.973086 2.594800 0.063414 0.973086 0.221546 -0.000000 0.000000 0.000000 0.000000 1.000000
0.994834 -0.079270 0.063415 -0.000000 0.079270 0.216380 -0.973086 2.594800 0.063414 0.973086 0.221546 0.000000 0.000000 0.000000 0.000000 1.000000
0.994834 -0.079270 0.063415 0.000000 0.079270 0.216380 -0.973086 2.594800 0.063414 0.973086 0.221546 0.000000 0.000000 0.000000 0.000000 1.000000</float_array>
        <technique_common>
          <accessor source="#mixamorig_RightHandPinky3-Matrix-animation-output-transform-array" count="21" stride="16">
            <param type="float4x4"/>
          </accessor>
        </technique_common>
      </source>
      <source id="mixamorig_RightHandPinky3-Interpolations">
        <Name_array id="mixamorig_RightHandPinky3-Interpolations-array" count="21">
 LINEAR LINEAR LINEAR LINEAR LINEAR LINEAR LINEAR LINEAR LINEAR LINEAR LINEAR
LINEAR LINEAR LINEAR LINEAR LINEAR LINEAR LINEAR LINEAR LINEAR LINEAR</Name_array>
        <technique_common>
          <accessor source="#mixamorig_RightHandPinky3-Interpolations-array" count="21">
            <param type="name"/>
          </accessor>
        </technique_common>
      </source>
      <sampler id="mixamorig_RightHandPinky3-Matrix-animation-transform">
        <input semantic="INPUT" source="#mixamorig_RightHandPinky3-Matrix-animation-input"/>
        <input semantic="OUTPUT" source="#mixamorig_RightHandPinky3-Matrix-animation-output-transform"/>
        <input semantic="INTERPOLATION" source="#mixamorig_RightHandPinky3-Interpolations"/>
      </sampler>
      <channel source="#mixamorig_RightHandPinky3-Matrix-animation-transform" target="mixamorig_RightHandPinky3/matrix"/>
    </animation>
    <animation id="mixamorig_LeftUpLeg-anim" name="mixamorig_LeftUpLeg">
      <source id="mixamorig_LeftUpLeg-Matrix-animation-input">
        <float_array id="mixamorig_LeftUpLeg-Matrix-animation-input-array" count="21">

0.000000 0.033333 0.066667 0.100000 0.133333 0.166667 0.200000 0.233333 0.266667 0.300000 0.333333 0.366667 0.400000 0.433333 0.466667 0.500000
0.533333 0.566667 0.600000 0.633333 0.666667</float_array>
        <technique_common>
          <accessor source="#mixamorig_LeftUpLeg-Matrix-animation-input-array" count="21">
            <param name="TIME" type="float"/>
          </accessor>
        </technique_common>
      </source>
      <source id="mixamorig_LeftUpLeg-Matrix-animation-output-transform">
        <float_array id="mixamorig_LeftUpLeg-Matrix-animation-output-transform-array" count="336">

-0.789803 0.585313 0.183357 9.123900 0.111108 -0.157465 0.981254 -6.657200 0.603213 0.795370 0.059333 -0.055400 0.000000 0.000000 0.000000 1.000000
-0.785399 0.584833 0.202776 9.123900 0.137562 -0.154487 0.978371 -6.657200 0.603510 0.796306 0.040883 -0.055400 0.000000 0.000000 0.000000 1.000000
-0.783502 0.584311 0.211436 9.123900 0.154990 -0.145744 0.977106 -6.657200 0.601750 0.798335 0.023628 -0.055400 0.000000 0.000000 0.000000 1.000000
-0.786453 0.581143 0.209201 9.123900 0.127640 -0.178476 0.975630 -6.657200 0.604318 0.793990 0.066186 -0.055400 0.000000 0.000000 0.000000 1.000000
-0.787958 0.568441 0.236637 9.123900 0.117116 -0.238939 0.963946 -6.657200 0.604488 0.787263 0.121701 -0.055400 0.000000 0.000000 0.000000 1.000000
-0.796766 0.528741 0.292569 9.123900 0.126435 -0.327572 0.936328 -6.657200 0.590913 0.783026 0.194147 -0.055400 0.000000 0.000000 0.000000 1.000000
-0.820604 0.480902 0.308774 9.123900 0.078300 -0.440589 0.894288 -6.657200 0.566107 0.758034 0.323894 -0.055400 0.000000 0.000000 0.000000 1.000000
-0.841664 0.450702 0.297437 9.123900 -0.020312 -0.576842 0.816603 -6.657200 0.539619 0.681264 0.494662 -0.055400 0.000000 0.000000 0.000000 1.000000
-0.861413 0.399856 0.313183 9.123900 -0.087654 -0.724402 0.683783 -6.657200 0.500285 0.561567 0.659058 -0.055400 0.000000 0.000000 0.000000 1.000000
-0.882005 0.336903 0.329491 9.123900 -0.091127 -0.807938 0.582178 -6.657200 0.462346 0.483458 0.743307 -0.055400 0.000000 0.000000 0.000000 1.000000
-0.931735 0.290328 0.218128 9.123900 -0.119513 -0.812370 0.570764 -6.657200 0.342910 0.505731 0.791612 -0.055400 0.000000 0.000000 0.000000 1.000000
-0.945542 0.308893 0.102640 9.123900 -0.155432 -0.705534 0.691420 -6.657200 0.285991 0.637813 0.715125 -0.055400 0.000000 0.000000 0.000000 1.000000
-0.931639 0.358641 0.058528 9.123900 -0.144073 -0.512411 0.846568 -6.657200 0.333605 0.780264 0.529052 -0.055400 0.000000 0.000000 0.000000 1.000000
-0.926026 0.377330 0.009898 9.123900 -0.136966 -0.360342 0.922710 -6.657200 0.351733 0.853098 0.385367 -0.055400 0.000000 0.000000 0.000000 1.000000
-0.920426 0.390534 -0.017295 9.123900 -0.127835 -0.258887 0.957411 -6.657200 0.369424 0.883437 0.288210 -0.055400 0.000000 0.000000 0.000000 1.000000
-0.921017 0.388843 -0.023004 9.123900 -0.124983 -0.239069 0.962926 -6.657200 0.368927 0.889746 0.268785 -0.055400 0.000000 0.000000 0.000000 1.000000
-0.928574 0.370852 -0.014809 9.123900 -0.130801 -0.289650 0.948153 -6.657200 0.347335 0.882367 0.317469 -0.055400 0.000000 0.000000 0.000000 1.000000
-0.937130 0.348765 0.012270 9.123900 -0.141945 -0.413053 0.899577 -6.657200 0.318809 0.841279 0.436590 -0.055400 0.000000 0.000000 0.000000 1.000000
-0.943063 0.326665 0.062634 9.123900 -0.151934 -0.590587 0.792542 -6.657200 0.295887 0.737900 0.606592 -0.055400 0.000000 0.000000 0.000000 1.000000
-0.947201 0.298470 0.117157 9.123900 -0.168715 -0.774652 0.609466 -6.657200 0.272663 0.557521 0.784108 -0.055400 0.000000 0.000000 0.000000 1.000000
-0.937284 0.261155 0.230860 9.123900 -0.166776 -0.917578 0.360884 -6.657200 0.306078 0.299749 0.903585 -0.055400 0.000000 0.000000 0.000000 1.000000</float_array>
        <technique_common>
          <accessor source="#mixamorig_LeftUpLeg-Matrix-animation-output-transform-array" count="21" stride="16">
            <param type="float4x4"/>
          </accessor>
        </technique_common>
      </source>
      <source id="mixamorig_LeftUpLeg-Interpolations">
        <Name_array id="mixamorig_LeftUpLeg-Interpolations-array" count="21">
 LINEAR LINEAR LINEAR LINEAR LINEAR LINEAR LINEAR LINEAR LINEAR LINEAR LINEAR
LINEAR LINEAR LINEAR LINEAR LINEAR LINEAR LINEAR LINEAR LINEAR LINEAR</Name_array>
        <technique_common>
          <accessor source="#mixamorig_LeftUpLeg-Interpolations-array" count="21">
            <param type="name"/>
          </accessor>
        </technique_common>
      </source>
      <sampler id="mixamorig_LeftUpLeg-Matrix-animation-transform">
        <input semantic="INPUT" source="#mixamorig_LeftUpLeg-Matrix-animation-input"/>
        <input semantic="OUTPUT" source="#mixamorig_LeftUpLeg-Matrix-animation-output-transform"/>
        <input semantic="INTERPOLATION" source="#mixamorig_LeftUpLeg-Interpolations"/>
      </sampler>
      <channel source="#mixamorig_LeftUpLeg-Matrix-animation-transform" target="mixamorig_LeftUpLeg/matrix"/>
    </animation>
    <animation id="mixamorig_LeftLeg-anim" name="mixamorig_LeftLeg">
      <source id="mixamorig_LeftLeg-Matrix-animation-input">
        <float_array id="mixamorig_LeftLeg-Matrix-animation-input-array" count="21">

0.000000 0.033333 0.066667 0.100000 0.133333 0.166667 0.200000 0.233333 0.266667 0.300000 0.333333 0.366667 0.400000 0.433333 0.466667 0.500000
0.533333 0.566667 0.600000 0.633333 0.666667</float_array>
        <technique_common>
          <accessor source="#mixamorig_LeftLeg-Matrix-animation-input-array" count="21">
            <param name="TIME" type="float"/>
          </accessor>
        </technique_common>
      </source>
      <source id="mixamorig_LeftLeg-Matrix-animation-output-transform">
        <float_array id="mixamorig_LeftLeg-Matrix-animation-output-transform-array" count="336">

0.976033 -0.028494 0.215750 -0.000000 -0.188418 -0.606732 0.772253 40.599400 0.108897 -0.794396 -0.597559 0.000000 0.000000 0.000000 0.000000 1.000000
0.974339 -0.055801 0.218061 0.000000 -0.207466 -0.598404 0.773867 40.599400 0.087307 -0.799249 -0.594625 0.000000 0.000000 0.000000 0.000000 1.000000
0.969342 -0.088634 0.229173 -0.000000 -0.235518 -0.601042 0.763727 40.599400 0.070051 -0.794287 -0.603490 0.000000 0.000000 0.000000 0.000000 1.000000
0.974126 -0.105881 0.199671 0.000000 -0.223991 -0.570049 0.790488 40.599400 0.030124 -0.814759 -0.579016 0.000000 0.000000 0.000000 0.000000 1.000000
0.973921 -0.131334 0.185011 0.000000 -0.226251 -0.501172 0.835247 40.599400 -0.016974 -0.855323 -0.517816 0.000000 0.000000 0.000000 0.000000 1.000000
0.962007 -0.165370 0.217244 -0.000000 -0.265659 -0.383393 0.884553 40.599400 -0.062989 -0.908660 -0.412759 -0.000000 0.000000 0.000000 0.000000 1.000000
0.964189 -0.131442 0.230352 0.000000 -0.253573 -0.202366 0.945912 40.599400 -0.077717 -0.970449 -0.228449 0.000000 0.000000 0.000000 0.000000 1.000000
0.986988 -0.018319 0.159749 0.000000 -0.158374 0.061030 0.985491 40.599400 -0.027803 -0.997968 0.057334 0.000000 0.000000 0.000000 0.000000 1.000000
0.994355 0.074866 0.075191 0.000000 -0.099567 0.413401 0.905089 40.599400 0.036676 -0.907466 0.418521 0.000000 0.000000 0.000000 0.000000 1.000000
0.997574 0.062787 -0.030081 0.000000 -0.021944 0.693607 0.720019 40.599400 0.066072 -0.717612 0.693302 0.000000 0.000000 0.000000 0.000000 1.000000
0.978896 0.095308 -0.180776 -0.000000 0.050314 0.744962 0.665207 40.599400 0.198071 -0.660264 0.724444 0.000000 0.000000 0.000000 0.000000 1.000000
0.959550 0.135764 -0.246640 -0.000000 0.120300 0.594327 0.795175 40.599400 0.254541 -0.792681 0.553954 0.000000 0.000000 0.000000 0.000000 1.000000
0.967233 0.146103 -0.207638 0.000000 0.135078 0.396341 0.908112 40.599400 0.214973 -0.906404 0.363619 -0.000000 0.000000 0.000000 0.000000 1.000000
0.966159 0.168127 -0.195626 0.000000 0.137734 0.304977 0.942347 40.599400 0.218095 -0.937402 0.271500 0.000000 0.000000 0.000000 0.000000 1.000000
0.962226 0.191666 -0.193355 -0.000000 0.138066 0.268575 0.953313 40.599400 0.234648 -0.943998 0.231968 0.000000 0.000000 0.000000 0.000000 1.000000
0.955335 0.215441 -0.202288 0.000000 0.136780 0.284432 0.948889 40.599400 0.261966 -0.934176 0.242259 0.000000 0.000000 0.000000 0.000000 1.000000
0.949254 0.232593 -0.211702 0.000000 0.124497 0.340247 0.932058 40.599400 0.288821 -0.911116 0.294023 -0.000000 0.000000 0.000000 0.000000 1.000000
0.945986 0.214812 -0.242830 0.000000 0.132938 0.426125 0.894844 40.599400 0.295699 -0.878791 0.374551 0.000000 0.000000 0.000000 0.000000 1.000000
0.950862 0.162577 -0.263494 0.000000 0.135517 0.546651 0.826322 40.599400 0.278381 -0.821426 0.497758 0.000000 0.000000 0.000000 0.000000 1.000000
0.953447 0.102196 -0.283716 -0.000000 0.134772 0.697236 0.704059 40.599400 0.269769 -0.709520 0.651004 0.000000 0.000000 0.000000 0.000000 1.000000
0.967154 0.021142 -0.253312 0.000000 0.109551 0.864568 0.490430 40.599400 0.229374 -0.502071 0.833854 0.000000 0.000000 0.000000 0.000000 1.000000</float_array>
        <technique_common>
          <accessor source="#mixamorig_LeftLeg-Matrix-animation-output-transform-array" count="21" stride="16">
            <param type="float4x4"/>
          </accessor>
        </technique_common>
      </source>
      <source id="mixamorig_LeftLeg-Interpolations">
        <Name_array id="mixamorig_LeftLeg-Interpolations-array" count="21">
 LINEAR LINEAR LINEAR LINEAR LINEAR LINEAR LINEAR LINEAR LINEAR LINEAR LINEAR
LINEAR LINEAR LINEAR LINEAR LINEAR LINEAR LINEAR LINEAR LINEAR LINEAR</Name_array>
        <technique_common>
          <accessor source="#mixamorig_LeftLeg-Interpolations-array" count="21">
            <param type="name"/>
          </accessor>
        </technique_common>
      </source>
      <sampler id="mixamorig_LeftLeg-Matrix-animation-transform">
        <input semantic="INPUT" source="#mixamorig_LeftLeg-Matrix-animation-input"/>
        <input semantic="OUTPUT" source="#mixamorig_LeftLeg-Matrix-animation-output-transform"/>
        <input semantic="INTERPOLATION" source="#mixamorig_LeftLeg-Interpolations"/>
      </sampler>
      <channel source="#mixamorig_LeftLeg-Matrix-animation-transform" target="mixamorig_LeftLeg/matrix"/>
    </animation>
    <animation id="mixamorig_LeftFoot-anim" name="mixamorig_LeftFoot">
      <source id="mixamorig_LeftFoot-Matrix-animation-input">
        <float_array id="mixamorig_LeftFoot-Matrix-animation-input-array" count="21">

0.000000 0.033333 0.066667 0.100000 0.133333 0.166667 0.200000 0.233333 0.266667 0.300000 0.333333 0.366667 0.400000 0.433333 0.466667 0.500000
0.533333 0.566667 0.600000 0.633333 0.666667</float_array>
        <technique_common>
          <accessor source="#mixamorig_LeftFoot-Matrix-animation-input-array" count="21">
            <param name="TIME" type="float"/>
          </accessor>
        </technique_common>
      </source>
      <source id="mixamorig_LeftFoot-Matrix-animation-output-transform">
        <float_array id="mixamorig_LeftFoot-Matrix-animation-output-transform-array" count="336">

0.958731 -0.195286 -0.206638 -0.000000 0.093365 0.902730 -0.419953 42.098999 0.268549 0.383329 0.883708 0.000000 0.000000 0.000000 0.000000 1.000000
0.949910 -0.180636 -0.255033 0.000000 0.069467 0.917667 -0.391232 42.098999 0.304706 0.353919 0.884249 0.000000 0.000000 0.000000 0.000000 1.000000
0.956244 -0.198165 -0.215239 0.000000 0.094266 0.905136 -0.414539 42.098999 0.276968 0.376111 0.884211 0.000000 0.000000 0.000000 0.000000 1.000000
0.969917 -0.231694 0.074690 -0.000000 0.236356 0.822836 -0.516794 42.098999 0.058281 0.518901 0.852845 0.000000 0.000000 0.000000 0.000000 1.000000
0.947882 -0.209763 0.239832 -0.000000 0.312636 0.757531 -0.573066 42.098999 -0.061472 0.618179 0.783630 0.000000 0.000000 0.000000 0.000000 1.000000
0.950720 -0.184239 0.249374 0.000000 0.304012 0.711892 -0.633077 42.098999 -0.060890 0.677692 0.732821 0.000000 0.000000 0.000000 0.000000 1.000000
0.970514 -0.098587 0.219960 0.000000 0.227872 0.672776 -0.703880 42.098999 -0.078591 0.733248 0.675404 0.000000 0.000000 0.000000 0.000000 1.000000
0.984165 0.038921 0.172930 0.000000 0.111170 0.624342 -0.773200 42.098999 -0.138061 0.780181 0.610129 0.000000 0.000000 0.000000 0.000000 1.000000
0.995546 0.081905 0.046696 -0.000000 -0.006972 0.557885 -0.829889 42.098999 -0.094023 0.825866 0.555971 0.000000 0.000000 0.000000 0.000000 1.000000
0.991042 0.121468 -0.055502 0.000000 -0.118216 0.604574 -0.787728 42.098999 -0.062128 0.787233 0.613518 -0.000000 0.000000 0.000000 0.000000 1.000000
0.995638 0.058662 -0.072554 0.000000 -0.091504 0.462004 -0.882145 42.098999 -0.018229 0.884936 0.465356 0.000000 0.000000 0.000000 0.000000 1.000000
0.991841 0.041746 -0.120451 -0.000000 -0.127435 0.299497 -0.945549 42.098999 -0.003398 0.953184 0.302373 0.000000 0.000000 0.000000 0.000000 1.000000
0.990691 0.062989 -0.120680 -0.000000 -0.132176 0.232980 -0.963457 42.098999 -0.032571 0.970439 0.239137 0.000000 0.000000 0.000000 0.000000 1.000000
0.990485 0.068836 -0.119166 0.000000 -0.131699 0.222906 -0.965903 42.098999 -0.039926 0.972407 0.229851 0.000000 0.000000 0.000000 0.000000 1.000000
0.990625 0.069149 -0.117817 0.000000 -0.130797 0.231201 -0.964074 42.098999 -0.039426 0.970445 0.238078 0.000000 0.000000 0.000000 0.000000 1.000000
0.990969 0.062800 -0.118472 -0.000000 -0.130521 0.249350 -0.959577 42.098999 -0.030720 0.966375 0.255295 -0.000000 0.000000 0.000000 0.000000 1.000000
0.991363 0.040645 -0.124687 0.000000 -0.131047 0.270444 -0.953775 42.098999 -0.005045 0.961877 0.273435 0.000000 0.000000 0.000000 0.000000 1.000000
0.991490 0.042119 -0.123185 0.000000 -0.130126 0.291697 -0.947618 42.098999 -0.003980 0.955583 0.294695 0.000000 0.000000 0.000000 0.000000 1.000000
0.992046 0.043183 -0.118236 0.000000 -0.125856 0.323848 -0.937701 42.098999 -0.002202 0.945123 0.326707 0.000000 0.000000 0.000000 0.000000 1.000000
0.993074 0.043970 -0.108950 0.000000 -0.117487 0.375125 -0.919499 42.098999 0.000440 0.925931 0.377693 0.000000 0.000000 0.000000 0.000000 1.000000
0.995431 0.040557 -0.086441 -0.000000 -0.095404 0.459144 -0.883224 42.098999 0.003868 0.887436 0.460916 -0.000000 0.000000 0.000000 0.000000 1.000000</float_array>
        <technique_common>
          <accessor source="#mixamorig_LeftFoot-Matrix-animation-output-transform-array" count="21" stride="16">
            <param type="float4x4"/>
          </accessor>
        </technique_common>
      </source>
      <source id="mixamorig_LeftFoot-Interpolations">
        <Name_array id="mixamorig_LeftFoot-Interpolations-array" count="21">
 LINEAR LINEAR LINEAR LINEAR LINEAR LINEAR LINEAR LINEAR LINEAR LINEAR LINEAR
LINEAR LINEAR LINEAR LINEAR LINEAR LINEAR LINEAR LINEAR LINEAR LINEAR</Name_array>
        <technique_common>
          <accessor source="#mixamorig_LeftFoot-Interpolations-array" count="21">
            <param type="name"/>
          </accessor>
        </technique_common>
      </source>
      <sampler id="mixamorig_LeftFoot-Matrix-animation-transform">
        <input semantic="INPUT" source="#mixamorig_LeftFoot-Matrix-animation-input"/>
        <input semantic="OUTPUT" source="#mixamorig_LeftFoot-Matrix-animation-output-transform"/>
        <input semantic="INTERPOLATION" source="#mixamorig_LeftFoot-Interpolations"/>
      </sampler>
      <channel source="#mixamorig_LeftFoot-Matrix-animation-transform" target="mixamorig_LeftFoot/matrix"/>
    </animation>
    <animation id="mixamorig_LeftToeBase-anim" name="mixamorig_LeftToeBase">
      <source id="mixamorig_LeftToeBase-Matrix-animation-input">
        <float_array id="mixamorig_LeftToeBase-Matrix-animation-input-array" count="21">

0.000000 0.033333 0.066667 0.100000 0.133333 0.166667 0.200000 0.233333 0.266667 0.300000 0.333333 0.366667 0.400000 0.433333 0.466667 0.500000
0.533333 0.566667 0.600000 0.633333 0.666667</float_array>
        <technique_common>
          <accessor source="#mixamorig_LeftToeBase-Matrix-animation-input-array" count="21">
            <param name="TIME" type="float"/>
          </accessor>
        </technique_common>
      </source>
      <source id="mixamorig_LeftToeBase-Matrix-animation-output-transform">
        <float_array id="mixamorig_LeftToeBase-Matrix-animation-output-transform-array" count="336">

0.995724 0.014272 -0.091267 0.000000 -0.048771 0.920293 -0.388179 15.721600 0.078452 0.390971 0.917054 0.000000 0.000000 0.000000 0.000000 1.000000
0.995414 0.012155 -0.094889 0.000000 -0.047938 0.921754 -0.384800 15.721600 0.082787 0.387584 0.918109 -0.000000 0.000000 0.000000 0.000000 1.000000
0.996133 0.017017 -0.086195 0.000000 -0.049686 0.918227 -0.392925 15.721600 0.072461 0.395688 0.915522 -0.000000 0.000000 0.000000 0.000000 1.000000
0.997918 0.034532 -0.054473 0.000000 -0.054379 0.904619 -0.422738 15.721600 0.034680 0.424820 0.904614 0.000000 0.000000 0.000000 0.000000 1.000000
0.998066 0.051870 -0.034255 -0.000000 -0.061676 0.894971 -0.441841 15.721600 0.007739 0.443100 0.896439 0.000000 0.000000 0.000000 0.000000 1.000000
0.996816 0.072388 -0.033437 -0.000000 -0.079718 0.895408 -0.438053 15.721600 -0.001770 0.439323 0.898327 0.000000 0.000000 0.000000 0.000000 1.000000
0.991741 0.112996 -0.060670 -0.000000 -0.127479 0.920403 -0.369603 15.721600 0.014077 0.374285 0.927207 0.000000 0.000000 0.000000 0.000000 1.000000
0.983280 0.152212 -0.099957 0.000000 -0.174565 0.944153 -0.279468 15.721600 0.051837 0.292244 0.954938 0.000000 0.000000 0.000000 0.000000 1.000000
0.988705 0.148658 -0.019043 0.000000 -0.145176 0.918399 -0.368057 15.721600 -0.037226 0.366665 0.929608 0.000000 0.000000 0.000000 0.000000 1.000000
0.996249 0.086494 -0.002768 0.000000 -0.067355 0.754918 -0.652351 15.721600 -0.054335 0.650090 0.757912 0.000000 0.000000 0.000000 0.000000 1.000000
0.997101 0.030865 -0.069543 -0.000000 -0.063150 0.845539 -0.530165 15.721600 0.042438 0.533020 0.845038 -0.000000 0.000000 0.000000 0.000000 1.000000
0.997705 0.013114 -0.066425 -0.000000 -0.041417 0.894311 -0.445524 15.721600 0.053562 0.447253 0.892802 0.000000 0.000000 0.000000 0.000000 1.000000
0.997705 0.013114 -0.066425 -0.000000 -0.041417 0.894311 -0.445524 15.721600 0.053562 0.447253 0.892802 0.000000 0.000000 0.000000 0.000000 1.000000
0.997705 0.013114 -0.066425 -0.000000 -0.041416 0.894311 -0.445524 15.721600 0.053562 0.447253 0.892802 0.000000 0.000000 0.000000 0.000000 1.000000
0.997705 0.013114 -0.066425 -0.000000 -0.041416 0.894311 -0.445524 15.721600 0.053562 0.447253 0.892802 0.000000 0.000000 0.000000 0.000000 1.000000
0.997705 0.013114 -0.066425 0.000000 -0.041417 0.894311 -0.445524 15.721600 0.053562 0.447253 0.892802 0.000000 0.000000 0.000000 0.000000 1.000000
0.997705 0.013114 -0.066425 -0.000000 -0.041416 0.894311 -0.445524 15.721600 0.053562 0.447253 0.892802 0.000000 0.000000 0.000000 0.000000 1.000000
0.997705 0.013114 -0.066425 0.000000 -0.041417 0.894311 -0.445524 15.721600 0.053562 0.447253 0.892802 0.000000 0.000000 0.000000 0.000000 1.000000
0.997705 0.013114 -0.066425 0.000000 -0.041417 0.894311 -0.445524 15.721600 0.053562 0.447253 0.892802 0.000000 0.000000 0.000000 0.000000 1.000000
0.997705 0.013114 -0.066425 -0.000000 -0.041417 0.894311 -0.445524 15.721600 0.053562 0.447253 0.892802 0.000000 0.000000 0.000000 0.000000 1.000000
0.997705 0.013114 -0.066425 0.000000 -0.041417 0.894311 -0.445524 15.721600 0.053562 0.447253 0.892802 0.000000 0.000000 0.000000 0.000000 1.000000</float_array>
        <technique_common>
          <accessor source="#mixamorig_LeftToeBase-Matrix-animation-output-transform-array" count="21" stride="16">
            <param type="float4x4"/>
          </accessor>
        </technique_common>
      </source>
      <source id="mixamorig_LeftToeBase-Interpolations">
        <Name_array id="mixamorig_LeftToeBase-Interpolations-array" count="21">
 LINEAR LINEAR LINEAR LINEAR LINEAR LINEAR LINEAR LINEAR LINEAR LINEAR LINEAR
LINEAR LINEAR LINEAR LINEAR LINEAR LINEAR LINEAR LINEAR LINEAR LINEAR</Name_array>
        <technique_common>
          <accessor source="#mixamorig_LeftToeBase-Interpolations-array" count="21">
            <param type="name"/>
          </accessor>
        </technique_common>
      </source>
      <sampler id="mixamorig_LeftToeBase-Matrix-animation-transform">
        <input semantic="INPUT" source="#mixamorig_LeftToeBase-Matrix-animation-input"/>
        <input semantic="OUTPUT" source="#mixamorig_LeftToeBase-Matrix-animation-output-transform"/>
        <input semantic="INTERPOLATION" source="#mixamorig_LeftToeBase-Interpolations"/>
      </sampler>
      <channel source="#mixamorig_LeftToeBase-Matrix-animation-transform" target="mixamorig_LeftToeBase/matrix"/>
    </animation>
    <animation id="mixamorig_RightUpLeg-anim" name="mixamorig_RightUpLeg">
      <source id="mixamorig_RightUpLeg-Matrix-animation-input">
        <float_array id="mixamorig_RightUpLeg-Matrix-animation-input-array" count="21">

0.000000 0.033333 0.066667 0.100000 0.133333 0.166667 0.200000 0.233333 0.266667 0.300000 0.333333 0.366667 0.400000 0.433333 0.466667 0.500000
0.533333 0.566667 0.600000 0.633333 0.666667</float_array>
        <technique_common>
          <accessor source="#mixamorig_RightUpLeg-Matrix-animation-input-array" count="21">
            <param name="TIME" type="float"/>
          </accessor>
        </technique_common>
      </source>
      <source id="mixamorig_RightUpLeg-Matrix-animation-output-transform">
        <float_array id="mixamorig_RightUpLeg-Matrix-animation-output-transform-array" count="336">

-0.884194 -0.463230 0.060148 -9.125000 0.021471 0.088324 0.995860 -6.655600 -0.466625 0.881826 -0.068150 -0.055400 0.000000 0.000000 0.000000 1.000000
-0.886039 -0.463028 0.023231 -9.125000 -0.017215 0.082934 0.996406 -6.655600 -0.463291 0.882455 -0.081454 -0.055400 0.000000 0.000000 0.000000 1.000000
-0.886996 -0.461738 0.006036 -9.125000 -0.049613 0.108287 0.992881 -6.655600 -0.459105 0.880382 -0.118959 -0.055400 0.000000 0.000000 0.000000 1.000000
-0.881799 -0.470774 -0.028320 -9.125000 -0.064434 0.060770 0.996070 -6.655600 -0.467202 0.880159 -0.083921 -0.055400 0.000000 0.000000 0.000000 1.000000
-0.868369 -0.495524 -0.019760 -9.125000 0.010313 -0.057881 0.998270 -6.655600 -0.495811 0.866664 0.055373 -0.055400 0.000000 0.000000 0.000000 1.000000
-0.843116 -0.535854 -0.044904 -9.125000 0.089547 -0.222251 0.970869 -6.655600 -0.530224 0.814533 0.235367 -0.055400 0.000000 0.000000 0.000000 1.000000
-0.821937 -0.551787 -0.141250 -9.125000 0.119655 -0.409731 0.904325 -6.655600 -0.556869 0.726396 0.402797 -0.055400 0.000000 0.000000 0.000000 1.000000
-0.846306 -0.517544 -0.126149 -9.125000 0.249268 -0.594039 0.764842 -6.655600 -0.470777 0.615846 0.631746 -0.055400 0.000000 0.000000 0.000000 1.000000
-0.878906 -0.442362 -0.178440 -9.125000 0.247806 -0.743098 0.621609 -6.655600 -0.407574 0.502117 0.762733 -0.055400 0.000000 0.000000 0.000000 1.000000
-0.874426 -0.419442 -0.243819 -9.125000 0.229908 -0.800789 0.553063 -6.655600 -0.427226 0.427557 0.796664 -0.055400 0.000000 0.000000 0.000000 1.000000
-0.868465 -0.429245 -0.248027 -9.125000 0.227562 -0.789653 0.569793 -6.655600 -0.440436 0.438403 0.783466 -0.055400 0.000000 0.000000 0.000000 1.000000
-0.871189 -0.460027 -0.171479 -9.125000 0.242259 -0.706609 0.664841 -6.655600 -0.427013 0.537660 0.727036 -0.055400 0.000000 0.000000 0.000000 1.000000
-0.873376 -0.484063 -0.053837 -9.125000 0.259451 -0.555947 0.789689 -6.655600 -0.412190 0.675727 0.611141 -0.055400 0.000000 0.000000 0.000000 1.000000
-0.877183 -0.479945 0.014241 -9.125000 0.247680 -0.426870 0.869734 -6.655600 -0.411345 0.766443 0.493316 -0.055400 0.000000 0.000000 0.000000 1.000000
-0.885999 -0.458534 0.068942 -9.125000 0.238001 -0.322107 0.916298 -6.655600 -0.397947 0.828247 0.394518 -0.055400 0.000000 0.000000 0.000000 1.000000
-0.892259 -0.439722 0.102563 -9.125000 0.241913 -0.273752 0.930880 -6.655600 -0.381251 0.855397 0.350632 -0.055400 0.000000 0.000000 0.000000 1.000000
-0.895633 -0.433303 0.100452 -9.125000 0.244051 -0.289915 0.925413 -6.655600 -0.371862 0.853345 0.365405 -0.055400 0.000000 0.000000 0.000000 1.000000
-0.898958 -0.435338 0.048529 -9.125000 0.243359 -0.404242 0.881683 -6.655600 -0.364212 0.804406 0.469340 -0.055400 0.000000 0.000000 0.000000 1.000000
-0.907916 -0.417794 -0.033726 -9.125000 0.243812 -0.591851 0.768289 -6.655600 -0.340948 0.689319 0.639214 -0.055400 0.000000 0.000000 0.000000 1.000000
-0.902192 -0.391977 -0.180008 -9.125000 0.223150 -0.781300 0.582902 -6.655600 -0.369125 0.485721 0.792352 -0.055400 0.000000 0.000000 0.000000 1.000000
-0.878741 -0.347666 -0.327021 -9.125000 0.239124 -0.913638 0.328764 -6.655600 -0.413079 0.210700 0.885986 -0.055400 0.000000 0.000000 0.000000 1.000000</float_array>
        <technique_common>
          <accessor source="#mixamorig_RightUpLeg-Matrix-animation-output-transform-array" count="21" stride="16">
            <param type="float4x4"/>
          </accessor>
        </technique_common>
      </source>
      <source id="mixamorig_RightUpLeg-Interpolations">
        <Name_array id="mixamorig_RightUpLeg-Interpolations-array" count="21">
 LINEAR LINEAR LINEAR LINEAR LINEAR LINEAR LINEAR LINEAR LINEAR LINEAR LINEAR
LINEAR LINEAR LINEAR LINEAR LINEAR LINEAR LINEAR LINEAR LINEAR LINEAR</Name_array>
        <technique_common>
          <accessor source="#mixamorig_RightUpLeg-Interpolations-array" count="21">
            <param type="name"/>
          </accessor>
        </technique_common>
      </source>
      <sampler id="mixamorig_RightUpLeg-Matrix-animation-transform">
        <input semantic="INPUT" source="#mixamorig_RightUpLeg-Matrix-animation-input"/>
        <input semantic="OUTPUT" source="#mixamorig_RightUpLeg-Matrix-animation-output-transform"/>
        <input semantic="INTERPOLATION" source="#mixamorig_RightUpLeg-Interpolations"/>
      </sampler>
      <channel source="#mixamorig_RightUpLeg-Matrix-animation-transform" target="mixamorig_RightUpLeg/matrix"/>
    </animation>
    <animation id="mixamorig_RightLeg-anim" name="mixamorig_RightLeg">
      <source id="mixamorig_RightLeg-Matrix-animation-input">
        <float_array id="mixamorig_RightLeg-Matrix-animation-input-array" count="21">

0.000000 0.033333 0.066667 0.100000 0.133333 0.166667 0.200000 0.233333 0.266667 0.300000 0.333333 0.366667 0.400000 0.433333 0.466667 0.500000
0.533333 0.566667 0.600000 0.633333 0.666667</float_array>
        <technique_common>
          <accessor source="#mixamorig_RightLeg-Matrix-animation-input-array" count="21">
            <param name="TIME" type="float"/>
          </accessor>
        </technique_common>
      </source>
      <source id="mixamorig_RightLeg-Matrix-animation-output-transform">
        <float_array id="mixamorig_RightLeg-Matrix-animation-output-transform-array" count="336">

0.990380 0.010955 -0.137943 0.000000 0.097874 -0.760154 0.642329 40.599400 -0.097821 -0.649651 -0.753913 0.000000 0.000000 0.000000 0.000000 1.000000
0.988582 0.042748 -0.144490 -0.000000 0.127089 -0.751714 0.647128 40.599400 -0.080952 -0.658103 -0.748564 0.000000 0.000000 0.000000 0.000000 1.000000
0.986344 0.095083 -0.134476 0.000000 0.159263 -0.758636 0.631749 40.599400 -0.041950 -0.644539 -0.763420 0.000000 0.000000 0.000000 0.000000 1.000000
0.979544 0.161393 -0.120195 0.000000 0.200298 -0.724461 0.659573 40.599400 0.019374 -0.670156 -0.741968 -0.000000 0.000000 0.000000 0.000000 1.000000
0.981716 0.177965 -0.067549 -0.000000 0.167079 -0.635570 0.753747 40.599400 0.091208 -0.751251 -0.653684 -0.000000 0.000000 0.000000 0.000000 1.000000
0.976350 0.188120 -0.106547 -0.000000 0.186196 -0.481193 0.856612 40.599400 0.109876 -0.856191 -0.504840 0.000000 0.000000 0.000000 0.000000 1.000000
0.948741 0.234467 -0.211932 0.000000 0.268857 -0.246213 0.931179 40.599400 0.166151 -0.940428 -0.296631 0.000000 0.000000 0.000000 0.000000 1.000000
0.989931 0.125398 -0.065662 0.000000 0.055908 0.079783 0.995243 40.599400 0.130040 -0.988893 0.071969 0.000000 0.000000 0.000000 0.000000 1.000000
0.991847 0.124615 0.026652 0.000000 -0.077855 0.426992 0.900898 40.599400 0.100885 -0.895628 0.433212 0.000000 0.000000 0.000000 0.000000 1.000000
0.993538 0.105039 0.042991 0.000000 -0.097259 0.592717 0.799517 40.599400 0.058499 -0.798532 0.599103 0.000000 0.000000 0.000000 0.000000 1.000000
0.996240 0.059719 0.062757 0.000000 -0.086043 0.597865 0.796965 40.599400 0.010074 -0.799369 0.600756 -0.000000 0.000000 0.000000 0.000000 1.000000
0.996446 -0.005511 0.084052 0.000000 -0.072766 0.446319 0.891910 40.599400 -0.042429 -0.894857 0.444332 -0.000000 0.000000 0.000000 0.000000 1.000000
0.992303 -0.080916 0.093739 -0.000000 -0.072112 0.237801 0.968633 40.599400 -0.100669 -0.967938 0.230136 0.000000 0.000000 0.000000 0.000000 1.000000
0.990200 -0.109430 0.086775 0.000000 -0.072757 0.126161 0.989338 40.599400 -0.119211 -0.985956 0.116963 0.000000 0.000000 0.000000 0.000000 1.000000
0.987989 -0.118123 0.099622 0.000000 -0.092036 0.068036 0.993429 40.599400 -0.124125 -0.990665 0.056347 -0.000000 0.000000 0.000000 0.000000 1.000000
0.987233 -0.112029 0.113227 -0.000000 -0.106702 0.062638 0.992316 40.599400 -0.118260 -0.991729 0.049884 -0.000000 0.000000 0.000000 0.000000 1.000000
0.988482 -0.089451 0.122075 0.000000 -0.112518 0.105058 0.988080 40.599400 -0.101209 -0.990435 0.093783 0.000000 0.000000 0.000000 0.000000 1.000000
0.990345 -0.064266 0.122829 0.000000 -0.107753 0.200582 0.973733 40.599400 -0.087215 -0.977567 0.191721 0.000000 0.000000 0.000000 0.000000 1.000000
0.990984 -0.042804 0.126963 -0.000000 -0.104251 0.348903 0.931342 40.599400 -0.084163 -0.936181 0.341295 0.000000 0.000000 0.000000 0.000000 1.000000
0.994329 0.013517 0.105482 0.000000 -0.095768 0.545048 0.832917 40.599400 -0.046234 -0.838296 0.543252 -0.000000 0.000000 0.000000 0.000000 1.000000
0.996870 0.042898 0.066402 0.000000 -0.075512 0.765330 0.639194 40.599400 -0.023399 -0.642207 0.766174 0.000000 0.000000 0.000000 0.000000 1.000000</float_array>
        <technique_common>
          <accessor source="#mixamorig_RightLeg-Matrix-animation-output-transform-array" count="21" stride="16">
            <param type="float4x4"/>
          </accessor>
        </technique_common>
      </source>
      <source id="mixamorig_RightLeg-Interpolations">
        <Name_array id="mixamorig_RightLeg-Interpolations-array" count="21">
 LINEAR LINEAR LINEAR LINEAR LINEAR LINEAR LINEAR LINEAR LINEAR LINEAR LINEAR
LINEAR LINEAR LINEAR LINEAR LINEAR LINEAR LINEAR LINEAR LINEAR LINEAR</Name_array>
        <technique_common>
          <accessor source="#mixamorig_RightLeg-Interpolations-array" count="21">
            <param type="name"/>
          </accessor>
        </technique_common>
      </source>
      <sampler id="mixamorig_RightLeg-Matrix-animation-transform">
        <input semantic="INPUT" source="#mixamorig_RightLeg-Matrix-animation-input"/>
        <input semantic="OUTPUT" source="#mixamorig_RightLeg-Matrix-animation-output-transform"/>
        <input semantic="INTERPOLATION" source="#mixamorig_RightLeg-Interpolations"/>
      </sampler>
      <channel source="#mixamorig_RightLeg-Matrix-animation-transform" target="mixamorig_RightLeg/matrix"/>
    </animation>
    <animation id="mixamorig_RightFoot-anim" name="mixamorig_RightFoot">
      <source id="mixamorig_RightFoot-Matrix-animation-input">
        <float_array id="mixamorig_RightFoot-Matrix-animation-input-array" count="21">

0.000000 0.033333 0.066667 0.100000 0.133333 0.166667 0.200000 0.233333 0.266667 0.300000 0.333333 0.366667 0.400000 0.433333 0.466667 0.500000
0.533333 0.566667 0.600000 0.633333 0.666667</float_array>
        <technique_common>
          <accessor source="#mixamorig_RightFoot-Matrix-animation-input-array" count="21">
            <param name="TIME" type="float"/>
          </accessor>
        </technique_common>
      </source>
      <source id="mixamorig_RightFoot-Matrix-animation-output-transform">
        <float_array id="mixamorig_RightFoot-Matrix-animation-output-transform-array" count="336">

0.975094 0.173471 -0.138205 0.000000 -0.220012 0.835344 -0.503780 42.098999 0.028057 0.521639 0.852705 0.000000 0.000000 0.000000 0.000000 1.000000
0.976200 0.192394 -0.100087 0.000000 -0.216727 0.848638 -0.482538 42.098999 -0.007900 0.492745 0.870138 0.000000 0.000000 0.000000 0.000000 1.000000
0.983505 0.165666 -0.072607 -0.000000 -0.179215 0.838183 -0.515104 42.098999 -0.024477 0.519619 0.854047 0.000000 0.000000 0.000000 0.000000 1.000000
0.994887 0.078056 -0.064085 0.000000 -0.100925 0.745191 -0.659170 42.098999 -0.003697 0.662267 0.749258 -0.000000 0.000000 0.000000 0.000000 1.000000
0.998659 -0.037709 -0.035478 -0.000000 -0.001131 0.669175 -0.743104 42.098999 0.051763 0.742148 0.668234 0.000000 0.000000 0.000000 0.000000 1.000000
0.993515 -0.095231 0.062119 0.000000 0.107776 0.614728 -0.781341 42.098999 0.036221 0.782969 0.621005 0.000000 0.000000 0.000000 0.000000 1.000000
0.984822 -0.142748 0.098737 0.000000 0.162379 0.556790 -0.814627 42.098999 0.061310 0.818296 0.571518 0.000000 0.000000 0.000000 0.000000 1.000000
0.978792 -0.165715 0.120434 0.000000 0.189782 0.512174 -0.837652 42.098999 0.077128 0.842743 0.532762 0.000000 0.000000 0.000000 0.000000 1.000000
0.959941 -0.189655 0.206263 0.000000 0.276851 0.528443 -0.802559 42.098999 0.043211 0.827514 0.559780 -0.000000 0.000000 0.000000 0.000000 1.000000
0.975802 -0.122532 0.181099 0.000000 0.216097 0.414047 -0.884233 42.098999 0.033363 0.901971 0.430506 0.000000 0.000000 0.000000 0.000000 1.000000
0.984494 -0.091102 0.149904 -0.000000 0.165391 0.197333 -0.966284 42.098999 0.058450 0.976094 0.209341 -0.000000 0.000000 0.000000 0.000000 1.000000
0.988830 -0.074784 0.128931 -0.000000 0.130298 0.013679 -0.991380 42.098999 0.072376 0.997106 0.023271 0.000000 0.000000 0.000000 0.000000 1.000000
0.988088 -0.067834 0.138135 0.000000 0.133152 -0.073193 -0.988389 42.098999 0.077157 0.995008 -0.063288 -0.000000 0.000000 0.000000 0.000000 1.000000
0.988153 -0.045348 0.146619 0.000000 0.141216 -0.105434 -0.984348 42.098999 0.060097 0.993392 -0.097781 -0.000000 0.000000 0.000000 0.000000 1.000000
0.987121 -0.037315 0.155563 -0.000000 0.150629 -0.110727 -0.982370 42.098999 0.053882 0.993150 -0.103680 0.000000 0.000000 0.000000 0.000000 1.000000
0.986573 -0.030786 0.160390 0.000000 0.156731 -0.097631 -0.982804 42.098999 0.045916 0.994746 -0.091495 0.000000 0.000000 0.000000 0.000000 1.000000
0.986796 -0.028266 0.159483 0.000000 0.157060 -0.073567 -0.984845 42.098999 0.039570 0.996890 -0.068156 -0.000000 0.000000 0.000000 0.000000 1.000000
0.988090 -0.030319 0.150860 0.000000 0.149607 -0.040065 -0.987933 42.098999 0.035997 0.998737 -0.035052 0.000000 0.000000 0.000000 0.000000 1.000000
0.988733 -0.033169 0.145971 0.000000 0.146378 0.010178 -0.989176 42.098999 0.031324 0.999398 0.014918 -0.000000 0.000000 0.000000 0.000000 1.000000
0.990056 -0.053851 0.129956 0.000000 0.134460 0.090766 -0.986753 42.098999 0.041342 0.994415 0.097104 0.000000 0.000000 0.000000 0.000000 1.000000
0.990826 -0.086610 0.103744 0.000000 0.119966 0.210202 -0.970270 42.098999 0.062228 0.973814 0.218664 0.000000 0.000000 0.000000 0.000000 1.000000</float_array>
        <technique_common>
          <accessor source="#mixamorig_RightFoot-Matrix-animation-output-transform-array" count="21" stride="16">
            <param type="float4x4"/>
          </accessor>
        </technique_common>
      </source>
      <source id="mixamorig_RightFoot-Interpolations">
        <Name_array id="mixamorig_RightFoot-Interpolations-array" count="21">
 LINEAR LINEAR LINEAR LINEAR LINEAR LINEAR LINEAR LINEAR LINEAR LINEAR LINEAR
LINEAR LINEAR LINEAR LINEAR LINEAR LINEAR LINEAR LINEAR LINEAR LINEAR</Name_array>
        <technique_common>
          <accessor source="#mixamorig_RightFoot-Interpolations-array" count="21">
            <param type="name"/>
          </accessor>
        </technique_common>
      </source>
      <sampler id="mixamorig_RightFoot-Matrix-animation-transform">
        <input semantic="INPUT" source="#mixamorig_RightFoot-Matrix-animation-input"/>
        <input semantic="OUTPUT" source="#mixamorig_RightFoot-Matrix-animation-output-transform"/>
        <input semantic="INTERPOLATION" source="#mixamorig_RightFoot-Interpolations"/>
      </sampler>
      <channel source="#mixamorig_RightFoot-Matrix-animation-transform" target="mixamorig_RightFoot/matrix"/>
    </animation>
    <animation id="mixamorig_RightToeBase-anim" name="mixamorig_RightToeBase">
      <source id="mixamorig_RightToeBase-Matrix-animation-input">
        <float_array id="mixamorig_RightToeBase-Matrix-animation-input-array" count="21">

0.000000 0.033333 0.066667 0.100000 0.133333 0.166667 0.200000 0.233333 0.266667 0.300000 0.333333 0.366667 0.400000 0.433333 0.466667 0.500000
0.533333 0.566667 0.600000 0.633333 0.666667</float_array>
        <technique_common>
          <accessor source="#mixamorig_RightToeBase-Matrix-animation-input-array" count="21">
            <param name="TIME" type="float"/>
          </accessor>
        </technique_common>
      </source>
      <source id="mixamorig_RightToeBase-Matrix-animation-output-transform">
        <float_array id="mixamorig_RightToeBase-Matrix-animation-output-transform-array" count="336">

0.991394 -0.081362 0.102559 0.000000 0.117974 0.894844 -0.430507 15.721600 -0.056748 0.438902 0.896741 -0.000000 0.000000 0.000000 0.000000 1.000000
0.990611 -0.083443 0.108292 0.000000 0.122676 0.892155 -0.434754 15.721600 -0.060336 0.443957 0.894014 -0.000000 0.000000 0.000000 0.000000 1.000000
0.992401 -0.076779 0.096151 0.000000 0.110605 0.899037 -0.423672 15.721600 -0.053914 0.431088 0.900698 0.000000 0.000000 0.000000 0.000000 1.000000
0.997285 -0.051227 0.052897 0.000000 0.067547 0.922457 -0.380145 15.721600 -0.029321 0.382686 0.923413 0.000000 0.000000 0.000000 0.000000 1.000000
0.996152 -0.084744 -0.022351 0.000000 0.070121 0.923641 -0.376789 15.721600 0.052575 0.373771 0.926030 0.000000 0.000000 0.000000 0.000000 1.000000
0.993936 -0.086712 -0.067625 0.000000 0.052075 0.912806 -0.405059 15.721600 0.096852 0.399081 0.911786 0.000000 0.000000 0.000000 0.000000 1.000000
0.998832 0.048200 -0.003498 -0.000000 -0.044269 0.883519 -0.466298 15.721600 -0.019385 0.465908 0.884621 0.000000 0.000000 0.000000 0.000000 1.000000
0.997101 -0.062444 0.043479 0.000000 0.075692 0.872352 -0.482983 15.721600 -0.007770 0.484874 0.874550 0.000000 0.000000 0.000000 0.000000 1.000000
0.994543 -0.103657 0.011832 0.000000 0.079297 0.677334 -0.731390 15.721600 0.067799 0.728337 0.681857 0.000000 0.000000 0.000000 0.000000 1.000000
0.997836 -0.003600 0.065647 0.000000 0.049668 0.695487 -0.716820 15.721600 -0.043077 0.718529 0.694161 -0.000000 0.000000 0.000000 0.000000 1.000000
0.996112 -0.020974 0.085559 0.000000 0.062648 0.851478 -0.520634 15.721600 -0.061932 0.523970 0.849482 0.000000 0.000000 0.000000 0.000000 1.000000
0.992841 -0.055164 0.105943 0.000000 0.094539 0.905023 -0.414724 15.721600 -0.073003 0.421771 0.903759 0.000000 0.000000 0.000000 0.000000 1.000000
0.992836 -0.055167 0.105990 0.000000 0.094559 0.905037 -0.414689 15.721600 -0.073048 0.421740 0.903770 0.000000 0.000000 0.000000 0.000000 1.000000
0.992831 -0.055170 0.106035 -0.000000 0.094578 0.905050 -0.414657 15.721600 -0.073090 0.421712 0.903779 0.000000 0.000000 0.000000 0.000000 1.000000
0.992834 -0.055168 0.106007 0.000000 0.094566 0.905042 -0.414677 15.721600 -0.073064 0.421730 0.903773 -0.000000 0.000000 0.000000 0.000000 1.000000
0.992845 -0.055163 0.105901 0.000000 0.094522 0.905010 -0.414756 15.721600 -0.072962 0.421798 0.903749 0.000000 0.000000 0.000000 0.000000 1.000000
0.992849 -0.055160 0.105869 -0.000000 0.094508 0.905001 -0.414780 15.721600 -0.072933 0.421819 0.903742 0.000000 0.000000 0.000000 0.000000 1.000000
0.992473 -0.055358 0.109236 0.000000 0.095914 0.905985 -0.412302 15.721600 -0.076142 0.419675 0.904475 0.000000 0.000000 0.000000 0.000000 1.000000
0.992849 -0.055160 0.105870 0.000000 0.094508 0.905001 -0.414779 15.721600 -0.072933 0.421818 0.903742 0.000000 0.000000 0.000000 0.000000 1.000000
0.992837 -0.055167 0.105981 -0.000000 0.094555 0.905034 -0.414697 15.721600 -0.073038 0.421747 0.903767 -0.000000 0.000000 0.000000 0.000000 1.000000
0.992788 -0.055192 0.106424 -0.000000 0.094740 0.905163 -0.414371 15.721600 -0.073461 0.421465 0.903864 0.000000 0.000000 0.000000 0.000000 1.000000</float_array>
        <technique_common>
          <accessor source="#mixamorig_RightToeBase-Matrix-animation-output-transform-array" count="21" stride="16">
            <param type="float4x4"/>
          </accessor>
        </technique_common>
      </source>
      <source id="mixamorig_RightToeBase-Interpolations">
        <Name_array id="mixamorig_RightToeBase-Interpolations-array" count="21">
 LINEAR LINEAR LINEAR LINEAR LINEAR LINEAR LINEAR LINEAR LINEAR LINEAR LINEAR
LINEAR LINEAR LINEAR LINEAR LINEAR LINEAR LINEAR LINEAR LINEAR LINEAR</Name_array>
        <technique_common>
          <accessor source="#mixamorig_RightToeBase-Interpolations-array" count="21">
            <param type="name"/>
          </accessor>
        </technique_common>
      </source>
      <sampler id="mixamorig_RightToeBase-Matrix-animation-transform">
        <input semantic="INPUT" source="#mixamorig_RightToeBase-Matrix-animation-input"/>
        <input semantic="OUTPUT" source="#mixamorig_RightToeBase-Matrix-animation-output-transform"/>
        <input semantic="INTERPOLATION" source="#mixamorig_RightToeBase-Interpolations"/>
      </sampler>
      <channel source="#mixamorig_RightToeBase-Matrix-animation-transform" target="mixamorig_RightToeBase/matrix"/>
    </animation>
  </library_animations>
  <library_visual_scenes>
    <visual_scene id="RootNode" name="RootNode">
      <node id="mixamorig_Hips" name="mixamorig_Hips" sid="mixamorig_Hips" type="JOINT">
        <matrix sid="matrix">0.595431 -0.019587 -0.803167 -0.499555 0.032940 0.999457 0.000046 93.726219 0.802731 -0.026484 0.595753 0.158158 0.000000 0.000000 0.000000 1.000000</matrix>
        <node id="mixamorig_Spine" name="mixamorig_Spine" sid="mixamorig_Spine" type="JOINT">
          <matrix sid="matrix">0.999949 0.006959 -0.007286 0.000900 -0.008060 0.986417 -0.164060 9.923500 0.006046 0.164110 0.986423 -1.227300 0.000000 0.000000 0.000000 1.000000</matrix>
          <node id="mixamorig_Spine1" name="mixamorig_Spine1" sid="mixamorig_Spine1" type="JOINT">
            <matrix sid="matrix">0.999870 -0.007775 -0.014117 0.000000 0.006544 0.996344 -0.085186 11.732000 0.014727 0.085082 0.996265 0.000000 0.000000 0.000000 0.000000 1.000000</matrix>
            <node id="mixamorig_Spine2" name="mixamorig_Spine2" sid="mixamorig_Spine2" type="JOINT">
              <matrix sid="matrix">0.999865 -0.009128 -0.013648 0.000000 0.005280 0.965820 -0.259161 13.458800 0.015547 0.259054 0.965738 -0.000000 0.000000 0.000000 0.000000 1.000000</matrix>
              <node id="mixamorig_Neck" name="mixamorig_Neck" sid="mixamorig_Neck" type="JOINT">
                <matrix sid="matrix">0.996585 0.034295 0.075110 0.000000 -0.035233 0.999316 0.011205 15.027800 -0.074674 -0.013813 0.997112 0.877900 0.000000 0.000000 0.000000 1.000000</matrix>
                <node id="mixamorig_Head" name="mixamorig_Head" sid="mixamorig_Head" type="JOINT">
                  <matrix sid="matrix">0.911467 0.008832 0.411279 -0.000000 -0.009339 0.999956 -0.000777 10.321800 -0.411268 -0.003132 0.911509 3.142400 0.000000 0.000000 0.000000 1.000000</matrix>
                  <node id="mixamorig_HeadTop_End" name="mixamorig_HeadTop_End" sid="mixamorig_HeadTop_End" type="JOINT">
                    <matrix sid="matrix">1.000000 0.000000 0.000000 0.000200 -0.000000 1.000000 0.000000 18.474701 0.000000 0.000000 1.000000 6.636400 0.000000 0.000000 0.000000 1.000000</matrix>
                  </node>
                </node>
              </node>
              <node id="mixamorig_LeftShoulder" name="mixamorig_LeftShoulder" sid="mixamorig_LeftShoulder" type="JOINT">
                <matrix sid="matrix">0.145045 0.988590 -0.040643 6.105800 -0.095303 -0.026927 -0.995084 9.106300 -0.984824 0.148205 0.090310 0.757100 0.000000 0.000000 0.000000 1.000000</matrix>
                <node id="mixamorig_LeftArm" name="mixamorig_LeftArm" sid="mixamorig_LeftArm" type="JOINT">
                  <matrix sid="matrix">0.766613 -0.422420 -0.483597 -0.000000 -0.266496 0.475898 -0.838153 12.922300 0.584195 0.771416 0.252256 0.000000 0.000000 0.000000 0.000000 1.000000</matrix>
                  <node id="mixamorig_LeftForeArm" name="mixamorig_LeftForeArm" sid="mixamorig_LeftForeArm" type="JOINT">
                    <matrix sid="matrix">0.100680 -0.992560 0.068477 0.000000 -0.076747 -0.076370 -0.994121 27.404699 0.991954 0.094833 -0.083865 0.000000 0.000000 0.000000 0.000000 1.000000</matrix>
                    <node id="mixamorig_LeftHand" name="mixamorig_LeftHand" sid="mixamorig_LeftHand" type="JOINT">
                      <matrix sid="matrix">0.781581 0.102706 -0.615290 0.000000 0.047879 0.973566 0.223329 27.614500 0.621963 -0.204009 0.756004 -0.000000 0.000000 0.000000 0.000000 1.000000</matrix>
                      <node id="mixamorig_LeftHandThumb1" name="mixamorig_LeftHandThumb1" sid="mixamorig_LeftHandThumb1" type="JOINT">
                        <matrix sid="matrix">0.947338 -0.310540 -0.078206 -3.003000 0.224662 0.818514 -0.528736 3.788800 0.228206 0.483322 0.845176 2.167100 0.000000 0.000000 0.000000 1.000000</matrix>
                        <node id="mixamorig_LeftHandThumb2" name="mixamorig_LeftHandThumb2" sid="mixamorig_LeftHandThumb2" type="JOINT">
                          <matrix sid="matrix">0.970586 0.240708 0.004723 0.000000 -0.240708 0.969827 0.038656 4.745000 0.004724 -0.038656 0.999241 0.000000 0.000000 0.000000 0.000000 1.000000</matrix>
                          <node id="mixamorig_LeftHandThumb3" name="mixamorig_LeftHandThumb3" sid="mixamorig_LeftHandThumb3" type="JOINT">
                            <matrix sid="matrix">0.882545 -0.433165 -0.182980 -0.000000 0.458995 0.878109 0.135085 4.382100 0.102162 -0.203206 0.973792 -0.000000 0.000000 0.000000 0.000000 1.000000</matrix>
                            <node id="mixamorig_LeftHandThumb4" name="mixamorig_LeftHandThumb4" sid="mixamorig_LeftHandThumb4" type="JOINT">
                              <matrix sid="matrix">0.958041 -0.140321 0.249934 0.000000 0.144918 0.989444 0.000010 3.459100 -0.247297 0.036210 0.968263 0.000000 0.000000 0.000000 0.000000 1.000000</matrix>
                            </node>
                          </node>
                        </node>
                      </node>
                      <node id="mixamorig_LeftHandIndex1" name="mixamorig_LeftHandIndex1" sid="mixamorig_LeftHandIndex1" type="JOINT">
                        <matrix sid="matrix">0.986094 0.037690 0.161857 -2.822000 0.022509 0.934678 -0.354782 12.266600 -0.164656 0.353491 0.920832 0.231800 0.000000 0.000000 0.000000 1.000000</matrix>
                        <node id="mixamorig_LeftHandIndex2" name="mixamorig_LeftHandIndex2" sid="mixamorig_LeftHandIndex2" type="JOINT">
                          <matrix sid="matrix">0.998733 0.048788 -0.012368 0.000000 -0.048788 0.878044 -0.476087 3.892000 -0.012367 0.476087 0.879311 0.000000 0.000000 0.000000 0.000000 1.000000</matrix>
                          <node id="mixamorig_LeftHandIndex3" name="mixamorig_LeftHandIndex3" sid="mixamorig_LeftHandIndex3" type="JOINT">
                            <matrix sid="matrix">0.998725 0.048933 -0.012447 0.000000 -0.048933 0.877267 -0.477503 3.415200 -0.012446 0.477503 0.878542 -0.000000 0.000000 0.000000 0.000000 1.000000</matrix>
                            <node id="mixamorig_LeftHandIndex4" name="mixamorig_LeftHandIndex4" sid="mixamorig_LeftHandIndex4" type="JOINT">
                              <matrix sid="matrix">0.999968 -0.000045 0.008004 0.000000 0.000045 1.000000 -0.000001 3.078000 -0.008004 0.000002 0.999968 0.000000 0.000000 0.000000 0.000000 1.000000</matrix>
                            </node>
                          </node>
                        </node>
                      </node>
                      <node id="mixamorig_LeftHandMiddle1" name="mixamorig_LeftHandMiddle1" sid="mixamorig_LeftHandMiddle1" type="JOINT">
                        <matrix sid="matrix">0.984145 0.032624 0.174341 -0.000000 0.031422 0.935322 -0.352398 12.775500 -0.174561 0.352289 0.919468 -0.000000 0.000000 0.000000 0.000000 1.000000</matrix>
                        <node id="mixamorig_LeftHandMiddle2" name="mixamorig_LeftHandMiddle2" sid="mixamorig_LeftHandMiddle2" type="JOINT">
                          <matrix sid="matrix">0.996836 0.073247 -0.030879 0.000000 -0.073247 0.695515 -0.714768 3.614000 -0.030878 0.714768 0.698680 0.000000 0.000000 0.000000 0.000000 1.000000</matrix>
                          <node id="mixamorig_LeftHandMiddle3" name="mixamorig_LeftHandMiddle3" sid="mixamorig_LeftHandMiddle3" type="JOINT">
                            <matrix sid="matrix">0.997088 0.070763 -0.028412 0.000000 -0.070763 0.719838 -0.690526 3.459800 -0.028411 0.690526 0.722749 -0.000000 0.000000 0.000000 0.000000 1.000000</matrix>
                            <node id="mixamorig_LeftHandMiddle4" name="mixamorig_LeftHandMiddle4" sid="mixamorig_LeftHandMiddle4" type="JOINT">
                              <matrix sid="matrix">0.999957 0.001309 0.009159 0.000000 -0.001309 0.999999 -0.000003 3.680200 -0.009159 -0.000009 0.999958 0.000000 0.000000 0.000000 0.000000 1.000000</matrix>
                            </node>
                          </node>
                        </node>
                      </node>
                      <node id="mixamorig_LeftHandRing1" name="mixamorig_LeftHandRing1" sid="mixamorig_LeftHandRing1" type="JOINT">
                        <matrix sid="matrix">0.999760 0.005520 0.021220 2.216600 0.001287 0.951348 -0.308117 12.147000 -0.021888 0.308070 0.951112 -0.010000 0.000000 0.000000 0.000000 1.000000</matrix>
                        <node id="mixamorig_LeftHandRing2" name="mixamorig_LeftHandRing2" sid="mixamorig_LeftHandRing2" type="JOINT">
                          <matrix sid="matrix">0.993321 0.095213 -0.065177 0.000000 -0.095214 0.357303 -0.929123 3.601200 -0.065177 0.929123 0.363982 0.000000 0.000000 0.000000 0.000000 1.000000</matrix>
                          <node id="mixamorig_LeftHandRing3" name="mixamorig_LeftHandRing3" sid="mixamorig_LeftHandRing3" type="JOINT">
                            <matrix sid="matrix">0.981672 0.189922 -0.015830 0.000000 -0.167429 0.819761 -0.547686 3.307300 -0.091041 0.540298 0.836534 0.000000 0.000000 0.000000 0.000000 1.000000</matrix>
                            <node id="mixamorig_LeftHandRing4" name="mixamorig_LeftHandRing4" sid="mixamorig_LeftHandRing4" type="JOINT">
                              <matrix sid="matrix">0.999889 -0.001541 0.014793 -0.000000 0.001541 0.999999 -0.000005 3.660100 -0.014793 0.000028 0.999891 0.000000 0.000000 0.000000 0.000000 1.000000</matrix>
                            </node>
                          </node>
                        </node>
                      </node>
                      <node id="mixamorig_LeftHandPinky1" name="mixamorig_LeftHandPinky1" sid="mixamorig_LeftHandPinky1" type="JOINT">
                        <matrix sid="matrix">0.990027 0.012009 -0.140366 4.725800 -0.028080 0.993189 -0.113083 10.908200 0.138052 0.115897 0.983621 0.226100 0.000000 0.000000 0.000000 1.000000</matrix>
                        <node id="mixamorig_LeftHandPinky2" name="mixamorig_LeftHandPinky2" sid="mixamorig_LeftHandPinky2" type="JOINT">
                          <matrix sid="matrix">0.996060 0.079914 -0.038449 0.000000 -0.079915 0.620861 -0.779837 4.136700 -0.038448 0.779837 0.624801 0.000000 0.000000 0.000000 0.000000 1.000000</matrix>
                          <node id="mixamorig_LeftHandPinky3" name="mixamorig_LeftHandPinky3" sid="mixamorig_LeftHandPinky3" type="JOINT">
                            <matrix sid="matrix">0.998422 0.054010 -0.015403 -0.000000 -0.054010 0.848118 -0.527047 2.594800 -0.015402 0.527047 0.849696 0.000000 0.000000 0.000000 0.000000 1.000000</matrix>
                            <node id="mixamorig_LeftHandPinky4" name="mixamorig_LeftHandPinky4" sid="mixamorig_LeftHandPinky4" type="JOINT">
                              <matrix sid="matrix">0.999966 0.001150 0.008199 -0.000000 -0.001150 0.999999 -0.000002 2.923900 -0.008199 -0.000007 0.999966 0.000000 0.000000 0.000000 0.000000 1.000000</matrix>
                            </node>
                          </node>
                        </node>
                      </node>
                    </node>
                  </node>
                </node>
              </node>
              <node id="mixamorig_RightShoulder" name="mixamorig_RightShoulder" sid="mixamorig_RightShoulder" type="JOINT">
                <matrix sid="matrix">0.131371 -0.988121 0.079737 -6.105700 0.281616 -0.039922 -0.958696 9.106400 0.950491 0.148401 0.273026 0.757100 0.000000 0.000000 0.000000 1.000000</matrix>
                <node id="mixamorig_RightArm" name="mixamorig_RightArm" sid="mixamorig_RightArm" type="JOINT">
                  <matrix sid="matrix">0.649896 0.517229 -0.556874 0.000000 -0.752575 0.335626 -0.566556 12.922300 -0.106138 0.787293 0.607376 -0.000000 0.000000 0.000000 0.000000 1.000000</matrix>
                  <node id="mixamorig_RightForeArm" name="mixamorig_RightForeArm" sid="mixamorig_RightForeArm" type="JOINT">
                    <matrix sid="matrix">-0.102629 0.992392 -0.068006 0.000000 -0.769569 -0.122531 -0.626697 27.404699 -0.630262 -0.011982 0.776290 0.000000 0.000000 0.000000 0.000000 1.000000</matrix>
                    <node id="mixamorig_RightHand" name="mixamorig_RightHand" sid="mixamorig_RightHand" type="JOINT">
                      <matrix sid="matrix">0.991668 0.110913 -0.065525 0.000000 -0.113518 0.992830 -0.037443 27.614500 0.060902 0.044569 0.997148 0.000000 0.000000 0.000000 0.000000 1.000000</matrix>
                      <node id="mixamorig_RightHandThumb1" name="mixamorig_RightHandThumb1" sid="mixamorig_RightHandThumb1" type="JOINT">
                        <matrix sid="matrix">0.940074 0.284006 -0.188681 3.003000 -0.338515 0.843664 -0.416700 3.788800 0.040838 0.455600 0.889247 2.167100 0.000000 0.000000 0.000000 1.000000</matrix>
                        <node id="mixamorig_RightHandThumb2" name="mixamorig_RightHandThumb2" sid="mixamorig_RightHandThumb2" type="JOINT">
                          <matrix sid="matrix">0.929576 -0.368455 0.011383 -0.000000 0.365889 0.925981 0.093189 4.745000 -0.044876 -0.082461 0.995583 0.000000 0.000000 0.000000 0.000000 1.000000</matrix>
                          <node id="mixamorig_RightHandThumb3" name="mixamorig_RightHandThumb3" sid="mixamorig_RightHandThumb3" type="JOINT">
                            <matrix sid="matrix">0.925651 -0.377751 -0.021763 0.000000 0.359657 0.860530 0.360744 4.382100 -0.117543 -0.341750 0.932411 -0.000000 0.000000 0.000000 0.000000 1.000000</matrix>
                            <node id="mixamorig_RightHandThumb4" name="mixamorig_RightHandThumb4" sid="mixamorig_RightHandThumb4" type="JOINT">
                              <matrix sid="matrix">0.957214 0.140745 -0.252850 0.000000 -0.145440 0.989367 0.000124 3.459100 0.250179 0.036655 0.967505 -0.000000 0.000000 0.000000 0.000000 1.000000</matrix>
                            </node>
                          </node>
                        </node>
                      </node>
                      <node id="mixamorig_RightHandIndex1" name="mixamorig_RightHandIndex1" sid="mixamorig_RightHandIndex1" type="JOINT">
                        <matrix sid="matrix">0.994803 -0.101771 0.002949 2.822000 0.101624 0.990766 -0.089746 12.266600 0.006211 0.089579 0.995960 0.231800 0.000000 0.000000 0.000000 1.000000</matrix>
                        <node id="mixamorig_RightHandIndex2" name="mixamorig_RightHandIndex2" sid="mixamorig_RightHandIndex2" type="JOINT">
                          <matrix sid="matrix">0.999866 -0.016294 0.001646 0.000000 0.016294 0.979656 -0.200023 3.892000 0.001647 0.200023 0.979790 0.000000 0.000000 0.000000 0.000000 1.000000</matrix>
                          <node id="mixamorig_RightHandIndex3" name="mixamorig_RightHandIndex3" sid="mixamorig_RightHandIndex3" type="JOINT">
                            <matrix sid="matrix">0.998896 -0.044988 0.013558 0.000000 0.044988 0.832464 -0.552249 3.415200 0.013558 0.552249 0.833569 -0.000000 0.000000 0.000000 0.000000 1.000000</matrix>
                            <node id="mixamorig_RightHandIndex4" name="mixamorig_RightHandIndex4" sid="mixamorig_RightHandIndex4" type="JOINT">
                              <matrix sid="matrix">0.999906 -0.002748 -0.013418 0.000000 0.002750 0.999996 0.000127 3.078000 0.013418 -0.000164 0.999910 0.000000 0.000000 0.000000 0.000000 1.000000</matrix>
                            </node>
                          </node>
                        </node>
                      </node>
                      <node id="mixamorig_RightHandMiddle1" name="mixamorig_RightHandMiddle1" sid="mixamorig_RightHandMiddle1" type="JOINT">
                        <matrix sid="matrix">0.975745 -0.210103 -0.061467 -0.000000 0.209286 0.977660 -0.019520 12.775500 0.064195 0.006182 0.997918 -0.000000 0.000000 0.000000 0.000000 1.000000</matrix>
                        <node id="mixamorig_RightHandMiddle2" name="mixamorig_RightHandMiddle2" sid="mixamorig_RightHandMiddle2" type="JOINT">
                          <matrix sid="matrix">0.991914 -0.079083 0.099257 -0.000000 0.079084 -0.226509 -0.970793 3.614000 0.099255 0.970793 -0.218424 0.000000 0.000000 0.000000 0.000000 1.000000</matrix>
                          <node id="mixamorig_RightHandMiddle3" name="mixamorig_RightHandMiddle3" sid="mixamorig_RightHandMiddle3" type="JOINT">
                            <matrix sid="matrix">0.995522 -0.076903 0.054970 0.000000 0.076904 0.320735 -0.944042 3.459800 0.054969 0.944042 0.325213 0.000000 0.000000 0.000000 0.000000 1.000000</matrix>
                            <node id="mixamorig_RightHandMiddle4" name="mixamorig_RightHandMiddle4" sid="mixamorig_RightHandMiddle4" type="JOINT">
                              <matrix sid="matrix">0.999905 0.003417 -0.013389 -0.000000 -0.003415 0.999994 0.000126 3.680200 0.013390 -0.000080 0.999910 0.000000 0.000000 0.000000 0.000000 1.000000</matrix>
                            </node>
                          </node>
                        </node>
                      </node>
                      <node id="mixamorig_RightHandRing1" name="mixamorig_RightHandRing1" sid="mixamorig_RightHandRing1" type="JOINT">
                        <matrix sid="matrix">0.953947 -0.177116 0.242105 -2.216600 0.218550 0.963196 -0.156493 12.147000 -0.205477 0.202198 0.957546 -0.010000 0.000000 0.000000 0.000000 1.000000</matrix>
                        <node id="mixamorig_RightHandRing2" name="mixamorig_RightHandRing2" sid="mixamorig_RightHandRing2" type="JOINT">
                          <matrix sid="matrix">0.990709 -0.074079 0.114050 0.000000 0.074082 -0.409309 -0.909383 3.601200 0.114048 0.909384 -0.400018 0.000000 0.000000 0.000000 0.000000 1.000000</matrix>
                          <node id="mixamorig_RightHandRing3" name="mixamorig_RightHandRing3" sid="mixamorig_RightHandRing3" type="JOINT">
                            <matrix sid="matrix">0.994682 -0.079662 0.065286 0.000000 0.079664 0.193281 -0.977904 3.307300 0.065284 0.977904 0.198599 0.000000 0.000000 0.000000 0.000000 1.000000</matrix>
                            <node id="mixamorig_RightHandRing4" name="mixamorig_RightHandRing4" sid="mixamorig_RightHandRing4" type="JOINT">
                              <matrix sid="matrix">0.999884 0.000602 -0.015226 0.000000 -0.000600 1.000000 0.000128 3.660100 0.015226 -0.000119 0.999884 0.000000 0.000000 0.000000 0.000000 1.000000</matrix>
                            </node>
                          </node>
                        </node>
                      </node>
                      <node id="mixamorig_RightHandPinky1" name="mixamorig_RightHandPinky1" sid="mixamorig_RightHandPinky1" type="JOINT">
                        <matrix sid="matrix">0.937053 -0.155753 0.312526 -4.725800 0.182181 0.981609 -0.057037 10.908200 -0.297895 0.110383 0.948195 0.226100 0.000000 0.000000 0.000000 1.000000</matrix>
                        <node id="mixamorig_RightHandPinky2" name="mixamorig_RightHandPinky2" sid="mixamorig_RightHandPinky2" type="JOINT">
                          <matrix sid="matrix">0.992932 -0.080981 0.086760 -0.000000 0.080982 -0.072094 -0.994105 4.136700 0.086759 0.994105 -0.065026 0.000000 0.000000 0.000000 0.000000 1.000000</matrix>
                          <node id="mixamorig_RightHandPinky3" name="mixamorig_RightHandPinky3" sid="mixamorig_RightHandPinky3" type="JOINT">
                            <matrix sid="matrix">0.994834 -0.079269 0.063415 0.000000 0.079270 0.216380 -0.973086 2.594800 0.063414 0.973086 0.221546 0.000000 0.000000 0.000000 0.000000 1.000000</matrix>
                            <node id="mixamorig_RightHandPinky4" name="mixamorig_RightHandPinky4" sid="mixamorig_RightHandPinky4" type="JOINT">
                              <matrix sid="matrix">0.999846 -0.004410 -0.016998 0.000000 0.004413 0.999990 0.000127 2.923900 0.016997 -0.000202 0.999856 0.000000 0.000000 0.000000 0.000000 1.000000</matrix>
                            </node>
                          </node>
                        </node>
                      </node>
                    </node>
                  </node>
                </node>
              </node>
            </node>
          </node>
        </node>
        <node id="mixamorig_LeftUpLeg" name="mixamorig_LeftUpLeg" sid="mixamorig_LeftUpLeg" type="JOINT">
          <matrix sid="matrix">-0.789803 0.585313 0.183357 9.123900 0.111108 -0.157465 0.981254 -6.657200 0.603213 0.795370 0.059333 -0.055400 0.000000 0.000000 0.000000 1.000000</matrix>
          <node id="mixamorig_LeftLeg" name="mixamorig_LeftLeg" sid="mixamorig_LeftLeg" type="JOINT">
            <matrix sid="matrix">0.976033 -0.028494 0.215750 -0.000000 -0.188418 -0.606732 0.772253 40.599400 0.108897 -0.794396 -0.597559 0.000000 0.000000 0.000000 0.000000 1.000000</matrix>
            <node id="mixamorig_LeftFoot" name="mixamorig_LeftFoot" sid="mixamorig_LeftFoot" type="JOINT">
              <matrix sid="matrix">0.958731 -0.195286 -0.206638 -0.000000 0.093365 0.902730 -0.419953 42.098999 0.268549 0.383329 0.883708 0.000000 0.000000 0.000000 0.000000 1.000000</matrix>
              <node id="mixamorig_LeftToeBase" name="mixamorig_LeftToeBase" sid="mixamorig_LeftToeBase" type="JOINT">
                <matrix sid="matrix">0.995724 0.014272 -0.091267 0.000000 -0.048771 0.920293 -0.388179 15.721600 0.078452 0.390971 0.917054 0.000000 0.000000 0.000000 0.000000 1.000000</matrix>
                <node id="mixamorig_LeftToe_End" name="mixamorig_LeftToe_End" sid="mixamorig_LeftToe_End" type="JOINT">
                  <matrix sid="matrix">1.000000 -0.000000 -0.000000 0.000000 0.000000 1.000000 -0.000000 10.000000 0.000000 0.000000 1.000000 0.000000 0.000000 0.000000 0.000000 1.000000</matrix>
                </node>
              </node>
            </node>
          </node>
        </node>
        <node id="mixamorig_RightUpLeg" name="mixamorig_RightUpLeg" sid="mixamorig_RightUpLeg" type="JOINT">
          <matrix sid="matrix">-0.884194 -0.463230 0.060148 -9.125000 0.021471 0.088324 0.995860 -6.655600 -0.466625 0.881826 -0.068150 -0.055400 0.000000 0.000000 0.000000 1.000000</matrix>
          <node id="mixamorig_RightLeg" name="mixamorig_RightLeg" sid="mixamorig_RightLeg" type="JOINT">
            <matrix sid="matrix">0.990380 0.010955 -0.137943 0.000000 0.097874 -0.760154 0.642329 40.599400 -0.097821 -0.649651 -0.753913 0.000000 0.000000 0.000000 0.000000 1.000000</matrix>
            <node id="mixamorig_RightFoot" name="mixamorig_RightFoot" sid="mixamorig_RightFoot" type="JOINT">
              <matrix sid="matrix">0.975094 0.173471 -0.138205 0.000000 -0.220012 0.835344 -0.503780 42.098999 0.028057 0.521639 0.852705 0.000000 0.000000 0.000000 0.000000 1.000000</matrix>
              <node id="mixamorig_RightToeBase" name="mixamorig_RightToeBase" sid="mixamorig_RightToeBase" type="JOINT">
                <matrix sid="matrix">0.991394 -0.081362 0.102559 0.000000 0.117974 0.894844 -0.430507 15.721600 -0.056748 0.438902 0.896741 -0.000000 0.000000 0.000000 0.000000 1.000000</matrix>
                <node id="mixamorig_RightToe_End" name="mixamorig_RightToe_End" sid="mixamorig_RightToe_End" type="JOINT">
                  <matrix sid="matrix">1.000000 0.000000 -0.000000 0.000000 -0.000000 1.000000 -0.000000 10.000000 -0.000000 -0.000000 1.000000 0.000000 0.000000 0.000000 0.000000 1.000000</matrix>
                </node>
              </node>
            </node>
          </node>
        </node>
      </node>
    </visual_scene>
  </library_visual_scenes>
  <scene>
    <instance_visual_scene url="#RootNode"/>
  </scene>
</COLLADA>
