<?xml version="1.0" encoding="utf-8"?>
<COLLADA xmlns="http://www.collada.org/2005/11/COLLADASchema" version="1.4.1">
  <asset>
    <contributor>
      <author>Mixamo</author>
      <authoring_tool>COLLADA Mixamo exporter</authoring_tool>
      <comments/>
    </contributor>
    <created>2026-05-25T15:00:18Z</created>
    <modified>2026-05-25T15:00:18Z</modified>
    <revision/>
    <title/>
    <unit meter="0.010000"/>
    <up_axis>Y_UP</up_axis>
  </asset>
  <library_animations>
    <animation id="mixamorig_Hips-anim" name="mixamorig_Hips">
      <source id="mixamorig_Hips-Matrix-animation-input">
        <float_array id="mixamorig_Hips-Matrix-animation-input-array" count="51">

0.000000 0.033333 0.066667 0.100000 0.133333 0.166667 0.200000 0.233333 0.266667 0.300000 0.333333 0.366667 0.400000 0.433333 0.466667 0.500000
0.533333 0.566667 0.600000 0.633333 0.666667 0.700000 0.733333 0.766667 0.800000 0.833333 0.866667 0.900000 0.933333 0.966667 1.000000 1.033333
1.066667 1.100000 1.133333 1.166667 1.200000 1.233333 1.266667 1.300000 1.333333 1.366667 1.400000 1.433333 1.466667 1.500000 1.533333 1.566667
1.600000 1.633333 1.666667</float_array>
        <technique_common>
          <accessor source="#mixamorig_Hips-Matrix-animation-input-array" count="51">
            <param name="TIME" type="float"/>
          </accessor>
        </technique_common>
      </source>
      <source id="mixamorig_Hips-Matrix-animation-output-transform">
        <float_array id="mixamorig_Hips-Matrix-animation-output-transform-array" count="816">

0.554833 -0.812677 0.178088 -0.770995 0.820495 0.499087 -0.278748 21.113476 0.137651 0.300779 0.943708 0.531111 0.000000 0.000000 0.000000 1.000000
0.574868 -0.789389 0.215388 -0.605720 0.809841 0.511266 -0.287687 21.197155 0.116977 0.339812 0.933190 -0.045188 0.000000 0.000000 0.000000 1.000000
0.598378 -0.762401 0.246351 -0.313903 0.794927 0.526481 -0.301511 21.186203 0.100173 0.376249 0.921087 -0.445850 0.000000 0.000000 0.000000 1.000000
0.627018 -0.731706 0.267309 0.099982 0.773825 0.545527 -0.321862 21.147823 0.089684 0.408664 0.908268 -0.591493 0.000000 0.000000 0.000000 1.000000
0.660353 -0.698395 0.276004 0.626957 0.745802 0.566934 -0.349809 21.161976 0.087828 0.436842 0.895240 -0.451772 0.000000 0.000000 0.000000 1.000000
0.695486 -0.664730 0.272825 1.271755 0.712151 0.587163 -0.384812 21.258156 0.095603 0.461924 0.881752 -0.052374 0.000000 0.000000 0.000000 1.000000
0.728178 -0.634158 0.260002 2.067378 0.676116 0.602445 -0.424178 21.444082 0.112359 0.484668 0.867451 0.581820 0.000000 0.000000 0.000000 1.000000
0.754244 -0.610592 0.241440 2.971656 0.642477 0.610478 -0.463184 21.746313 0.135423 0.504474 0.852741 1.461355 0.000000 0.000000 0.000000 1.000000
0.770440 -0.597385 0.222604 3.866111 0.616858 0.610398 -0.496891 22.241867 0.160958 0.520140 0.838777 2.571515 0.000000 0.000000 0.000000 1.000000
0.775978 -0.595493 0.207955 4.602499 0.602612 0.602511 -0.523296 23.035412 0.186324 0.531383 0.826387 3.835377 0.000000 0.000000 0.000000 1.000000
0.773241 -0.602557 0.197543 5.118167 0.597531 0.588094 -0.545071 24.289501 0.212263 0.539509 0.814785 5.127559 0.000000 0.000000 0.000000 1.000000
0.764832 -0.616326 0.187547 5.360118 0.596434 0.567379 -0.567757 26.151466 0.243513 0.546098 0.801547 6.398597 0.000000 0.000000 0.000000 1.000000
0.752471 -0.635189 0.174130 5.291050 0.593894 0.540074 -0.596330 28.715939 0.284739 0.552136 0.783626 7.704547 0.000000 0.000000 0.000000 1.000000
0.736939 -0.657476 0.156993 4.773061 0.586225 0.506001 -0.632695 31.934538 0.336543 0.558291 0.758320 9.125186 0.000000 0.000000 0.000000 1.000000
0.720124 -0.679760 0.139096 3.537157 0.570547 0.466056 -0.676215 35.717758 0.394838 0.566320 0.723454 10.673250 0.000000 0.000000 0.000000 1.000000
0.704459 -0.698705 0.124697 1.428106 0.545634 0.420787 -0.724722 39.870148 0.453896 0.578576 0.677664 12.186625 0.000000 0.000000 0.000000 1.000000
0.692440 -0.711771 0.117933 -1.544103 0.512695 0.370436 -0.774546 44.159363 0.507613 0.596790 0.621426 13.409530 0.000000 0.000000 0.000000 1.000000
0.687906 -0.715500 0.121839 -5.287781 0.474965 0.316845 -0.820986 48.395687 0.548811 0.622630 0.557797 14.182710 0.000000 0.000000 0.000000 1.000000
0.695517 -0.705472 0.136253 -9.637497 0.435771 0.263397 -0.860654 52.540585 0.571279 0.657975 0.490621 14.545059 0.000000 0.000000 0.000000 1.000000
0.713899 -0.682005 0.158798 -14.350815 0.400280 0.211380 -0.891681 56.558903 0.574564 0.700134 0.423897 14.551902 0.000000 0.000000 0.000000 1.000000
0.734322 -0.652265 0.187940 -19.001545 0.375923 0.160237 -0.912692 60.262669 0.565202 0.740861 0.362867 14.118919 0.000000 0.000000 0.000000 1.000000
0.747672 -0.625475 0.223085 -23.129406 0.367523 0.109948 -0.923492 63.384037 0.553094 0.772458 0.312081 13.147551 0.000000 0.000000 0.000000 1.000000
0.754470 -0.603269 0.258537 -26.644043 0.367863 0.062455 -0.927780 65.916481 0.543554 0.795088 0.269041 11.792405 0.000000 0.000000 0.000000 1.000000
0.768326 -0.576658 0.277743 -30.019520 0.354301 0.021784 -0.934878 68.300499 0.533054 0.816695 0.221048 10.542641 0.000000 0.000000 0.000000 1.000000
0.799697 -0.539469 0.263548 -33.883633 0.308443 -0.007470 -0.951213 71.124565 0.515119 0.841972 0.160422 9.765779 0.000000 0.000000 0.000000 1.000000
0.839973 -0.499134 0.212865 -38.050976 0.234878 -0.019192 -0.971835 74.500351 0.489161 0.866312 0.101115 9.420579 0.000000 0.000000 0.000000 1.000000
0.870991 -0.471659 0.137520 -41.571583 0.152063 -0.007360 -0.988343 77.613472 0.467173 0.881750 0.065311 9.172014 0.000000 0.000000 0.000000 1.000000
0.883181 -0.465921 0.053943 -43.862797 0.075727 0.028146 -0.996731 79.400497 0.462880 0.884379 0.060141 8.632341 0.000000 0.000000 0.000000 1.000000
0.881117 -0.471845 -0.031535 -45.226395 0.007544 0.080701 -0.996710 79.730904 0.472837 0.877980 0.074667 7.688541 0.000000 0.000000 0.000000 1.000000
0.873684 -0.472321 -0.116571 -46.292770 -0.055159 0.141896 -0.988343 79.263817 0.483356 0.869930 0.097920 6.389664 0.000000 0.000000 0.000000 1.000000
0.867722 -0.456139 -0.197472 -47.473686 -0.112462 0.206815 -0.971895 78.762299 0.484160 0.865543 0.128160 4.820745 0.000000 0.000000 0.000000 1.000000
0.865378 -0.421310 -0.271329 -48.886410 -0.164286 0.273001 -0.947882 78.435539 0.473426 0.864851 0.167034 3.046884 0.000000 0.000000 0.000000 1.000000
0.864895 -0.371868 -0.337151 -50.493504 -0.212633 0.337007 -0.917177 78.354851 0.454691 0.864951 0.212405 1.169480 0.000000 0.000000 0.000000 1.000000
0.862947 -0.313162 -0.396551 -52.288689 -0.261407 0.394930 -0.880737 78.589432 0.432423 0.863690 0.258940 -0.653465 0.000000 0.000000 0.000000 1.000000
0.859073 -0.248725 -0.447358 -54.348278 -0.307934 0.447002 -0.839861 79.107002 0.408864 0.859258 0.307417 -2.279788 0.000000 0.000000 0.000000 1.000000
0.858787 -0.179959 -0.479688 -56.823315 -0.340467 0.499177 -0.796809 79.724617 0.382842 0.847607 0.367416 -3.651515 0.000000 0.000000 0.000000 1.000000
0.869130 -0.109545 -0.482299 -59.707207 -0.347982 0.557517 -0.753713 80.242188 0.351455 0.822906 0.446435 -4.729721 0.000000 0.000000 0.000000 1.000000
0.892040 -0.045679 -0.449642 -62.873623 -0.326873 0.621854 -0.711654 80.593811 0.312120 0.781800 0.539787 -5.521950 0.000000 0.000000 0.000000 1.000000
0.921879 0.001143 -0.387476 -66.137344 -0.282570 0.686222 -0.670264 80.921371 0.265129 0.727391 0.632937 -6.042734 0.000000 0.000000 0.000000 1.000000
0.950493 0.026067 -0.309650 -69.382545 -0.225152 0.744560 -0.628440 81.385979 0.214171 0.667046 0.713569 -6.298823 0.000000 0.000000 0.000000 1.000000
0.971738 0.035294 -0.233407 -72.415092 -0.169214 0.793562 -0.584488 82.199158 0.164594 0.607465 0.777106 -6.324707 0.000000 0.000000 0.000000 1.000000
0.984663 0.037366 -0.170421 -75.146233 -0.124855 0.833190 -0.538707 83.417191 0.121864 0.551723 0.825076 -6.179795 0.000000 0.000000 0.000000 1.000000
0.991076 0.036548 -0.128190 -77.527473 -0.095638 0.864858 -0.492822 85.063194 0.092855 0.500684 0.860635 -5.940155 0.000000 0.000000 0.000000 1.000000
0.993403 0.032204 -0.110059 -79.604683 -0.078566 0.890247 -0.448650 87.047852 0.083531 0.454338 0.886905 -5.650242 0.000000 0.000000 0.000000 1.000000
0.993284 0.024262 -0.113132 -81.490463 -0.068680 0.910511 -0.407741 89.111511 0.093115 0.412773 0.906062 -5.316288 0.000000 0.000000 0.000000 1.000000
0.991821 0.016109 -0.126620 -83.284332 -0.062537 0.926109 -0.372036 90.919067 0.111271 0.376912 0.919541 -4.952739 0.000000 0.000000 0.000000 1.000000
0.990674 0.011588 -0.135763 -84.993248 -0.058065 0.937280 -0.343708 92.208336 0.123265 0.348385 0.929211 -4.620229 0.000000 0.000000 0.000000 1.000000
0.991443 0.010352 -0.130130 -86.534439 -0.052399 0.944577 -0.324081 92.906868 0.119563 0.328126 0.937037 -4.398416 0.000000 0.000000 0.000000 1.000000
0.993922 0.008924 -0.109721 -87.792366 -0.042993 0.949020 -0.312272 93.069000 0.101341 0.315091 0.943635 -4.327510 0.000000 0.000000 0.000000 1.000000
0.996569 0.005003 -0.082613 -88.715714 -0.030068 0.951858 -0.305062 92.844589 0.077109 0.306500 0.948742 -4.380897 0.000000 0.000000 0.000000 1.000000
0.998346 -0.001428 -0.057477 -89.340721 -0.015852 0.954108 -0.299042 92.392822 0.055266 0.299458 0.952507 -4.504219 0.000000 0.000000 0.000000 1.000000</float_array>
        <technique_common>
          <accessor source="#mixamorig_Hips-Matrix-animation-output-transform-array" count="51" stride="16">
            <param type="float4x4"/>
          </accessor>
        </technique_common>
      </source>
      <source id="mixamorig_Hips-Interpolations">
        <Name_array id="mixamorig_Hips-Interpolations-array" count="51">
 LINEAR LINEAR LINEAR LINEAR LINEAR LINEAR LINEAR LINEAR LINEAR LINEAR LINEAR
LINEAR LINEAR LINEAR LINEAR LINEAR LINEAR LINEAR LINEAR LINEAR LINEAR LINEAR LINEAR
LINEAR LINEAR LINEAR LINEAR LINEAR LINEAR LINEAR LINEAR LINEAR LINEAR LINEAR LINEAR
LINEAR LINEAR LINEAR LINEAR LINEAR LINEAR LINEAR LINEAR LINEAR LINEAR LINEAR LINEAR
LINEAR LINEAR LINEAR LINEAR</Name_array>
        <technique_common>
          <accessor source="#mixamorig_Hips-Interpolations-array" count="51">
            <param type="name"/>
          </accessor>
        </technique_common>
      </source>
      <sampler id="mixamorig_Hips-Matrix-animation-transform">
        <input semantic="INPUT" source="#mixamorig_Hips-Matrix-animation-input"/>
        <input semantic="OUTPUT" source="#mixamorig_Hips-Matrix-animation-output-transform"/>
        <input semantic="INTERPOLATION" source="#mixamorig_Hips-Interpolations"/>
      </sampler>
      <channel source="#mixamorig_Hips-Matrix-animation-transform" target="mixamorig_Hips/matrix"/>
    </animation>
    <animation id="mixamorig_Spine-anim" name="mixamorig_Spine">
      <source id="mixamorig_Spine-Matrix-animation-input">
        <float_array id="mixamorig_Spine-Matrix-animation-input-array" count="51">

0.000000 0.033333 0.066667 0.100000 0.133333 0.166667 0.200000 0.233333 0.266667 0.300000 0.333333 0.366667 0.400000 0.433333 0.466667 0.500000
0.533333 0.566667 0.600000 0.633333 0.666667 0.700000 0.733333 0.766667 0.800000 0.833333 0.866667 0.900000 0.933333 0.966667 1.000000 1.033333
1.066667 1.100000 1.133333 1.166667 1.200000 1.233333 1.266667 1.300000 1.333333 1.366667 1.400000 1.433333 1.466667 1.500000 1.533333 1.566667
1.600000 1.633333 1.666667</float_array>
        <technique_common>
          <accessor source="#mixamorig_Spine-Matrix-animation-input-array" count="51">
            <param name="TIME" type="float"/>
          </accessor>
        </technique_common>
      </source>
      <source id="mixamorig_Spine-Matrix-animation-output-transform">
        <float_array id="mixamorig_Spine-Matrix-animation-output-transform-array" count="816">

0.963550 -0.171162 -0.205608 0.000900 0.182348 0.982553 0.036603 9.923500 0.195756 -0.072761 0.977950 -1.227300 0.000000 0.000000 0.000000 1.000000
0.959404 -0.180972 -0.216317 0.000900 0.197771 0.978499 0.058533 9.923500 0.201073 -0.098938 0.974567 -1.227300 0.000000 0.000000 0.000000 1.000000
0.955886 -0.185843 -0.227475 0.000900 0.208469 0.974781 0.079640 9.923500 0.206938 -0.123548 0.970522 -1.227300 0.000000 0.000000 0.000000 1.000000
0.952939 -0.188257 -0.237629 0.000900 0.216400 0.971346 0.098275 9.923500 0.212319 -0.145073 0.966372 -1.227300 0.000000 0.000000 0.000000 1.000000
0.950221 -0.191717 -0.245612 0.000900 0.224433 0.967947 0.112732 9.923500 0.216127 -0.162244 0.962791 -1.227300 0.000000 0.000000 0.000000 1.000000
0.947274 -0.199062 -0.251090 0.000900 0.235117 0.964203 0.122604 9.923500 0.217696 -0.175176 0.960168 -1.227300 0.000000 0.000000 0.000000 1.000000
0.944086 -0.210059 -0.254119 0.000900 0.248437 0.959958 0.129460 9.923500 0.216749 -0.185354 0.958469 -1.227300 0.000000 0.000000 0.000000 1.000000
0.941167 -0.222190 -0.254630 0.000900 0.262194 0.955472 0.135381 9.923500 0.213212 -0.194179 0.957515 -1.227300 0.000000 0.000000 0.000000 1.000000
0.939133 -0.232372 -0.253047 0.000900 0.273399 0.951528 0.140883 9.923500 0.208044 -0.201491 0.957141 -1.227300 0.000000 0.000000 0.000000 1.000000
0.938026 -0.239431 -0.250559 0.000900 0.280732 0.948885 0.144244 9.923500 0.203215 -0.205644 0.957295 -1.227300 0.000000 0.000000 0.000000 1.000000
0.937095 -0.245594 -0.248065 0.000900 0.286173 0.947439 0.143051 9.923500 0.199894 -0.205042 0.958123 -1.227300 0.000000 0.000000 0.000000 1.000000
0.935925 -0.252780 -0.245247 0.000900 0.291544 0.946724 0.136804 9.923500 0.197600 -0.199539 0.959760 -1.227300 0.000000 0.000000 0.000000 1.000000
0.934495 -0.261864 -0.241135 0.000900 0.297789 0.946213 0.126501 9.923500 0.195039 -0.190022 0.962212 -1.227300 0.000000 0.000000 0.000000 1.000000
0.932909 -0.272412 -0.235524 0.000900 0.304658 0.945751 0.112870 9.923500 0.192000 -0.177052 0.965292 -1.227300 0.000000 0.000000 0.000000 1.000000
0.931196 -0.283802 -0.228759 0.000900 0.311615 0.945385 0.095616 9.923500 0.189129 -0.160322 0.968776 -1.227300 0.000000 0.000000 0.000000 1.000000
0.930300 -0.293018 -0.220639 0.000900 0.315818 0.945808 0.075542 9.923500 0.186547 -0.139959 0.972426 -1.227300 0.000000 0.000000 0.000000 1.000000
0.931854 -0.295594 -0.210410 0.000900 0.313255 0.948048 0.055466 9.923500 0.183084 -0.117598 0.976038 -1.227300 0.000000 0.000000 0.000000 1.000000
0.936098 -0.290897 -0.197734 0.000900 0.303734 0.952025 0.037339 9.923500 0.177386 -0.095011 0.979544 -1.227300 0.000000 0.000000 0.000000 1.000000
0.941220 -0.284378 -0.182300 0.000900 0.292592 0.956043 0.019289 9.923500 0.168802 -0.071495 0.983054 -1.227300 0.000000 0.000000 0.000000 1.000000
0.945806 -0.278916 -0.166303 0.000900 0.282559 0.959248 -0.001825 9.923500 0.160035 -0.045264 0.986073 -1.227300 0.000000 0.000000 0.000000 1.000000
0.950028 -0.270125 -0.156458 0.000900 0.269480 0.962662 -0.025731 9.923500 0.157567 -0.017717 0.987349 -1.227300 0.000000 0.000000 0.000000 1.000000
0.954680 -0.251094 -0.159805 0.000900 0.246513 0.967940 -0.048198 9.923500 0.166784 0.006620 0.985971 -1.227300 0.000000 0.000000 0.000000 1.000000
0.959319 -0.222216 -0.174144 0.000900 0.213516 0.974609 -0.067439 9.923500 0.184709 0.027513 0.982408 -1.227300 0.000000 0.000000 0.000000 1.000000
0.963943 -0.193974 -0.182176 0.000900 0.179908 0.979469 -0.090959 9.923500 0.196080 0.054904 0.979050 -1.227300 0.000000 0.000000 0.000000 1.000000
0.970305 -0.173522 -0.168517 0.000900 0.152664 0.979718 -0.129791 9.923500 0.187621 0.100211 0.977116 -1.227300 0.000000 0.000000 0.000000 1.000000
0.977933 -0.157334 -0.137450 0.000900 0.130873 0.974180 -0.183970 9.923500 0.162846 0.161922 0.973274 -1.227300 0.000000 0.000000 0.000000 1.000000
0.985246 -0.137013 -0.102551 0.000900 0.109235 0.964737 -0.239477 9.923500 0.131747 0.224742 0.965471 -1.227300 0.000000 0.000000 0.000000 1.000000
0.991579 -0.107530 -0.072168 0.000900 0.083173 0.955935 -0.281549 9.923500 0.099263 0.273176 0.956829 -1.227300 0.000000 0.000000 0.000000 1.000000
0.996392 -0.073404 -0.042598 0.000900 0.056820 0.949810 -0.307624 9.923500 0.063041 0.304094 0.950554 -1.227300 0.000000 0.000000 0.000000 1.000000
0.999048 -0.042117 -0.011327 0.000900 0.036136 0.944775 -0.325722 9.923500 0.024420 0.325002 0.945398 -1.227300 0.000000 0.000000 0.000000 1.000000
0.999679 -0.017086 0.018720 0.000900 0.022486 0.938677 -0.344063 9.923500 -0.011693 0.344373 0.938760 -1.227300 0.000000 0.000000 0.000000 1.000000
0.999027 0.004190 0.043902 0.000900 0.012066 0.931525 -0.363478 9.923500 -0.042419 0.363654 0.930568 -1.227300 0.000000 0.000000 0.000000 1.000000
0.997762 0.026242 0.061500 0.000900 -0.001001 0.925529 -0.378674 9.923500 -0.066858 0.377765 0.923484 -1.227300 0.000000 0.000000 0.000000 1.000000
0.996048 0.052230 0.071834 0.000900 -0.020645 0.922810 -0.384702 9.923500 -0.086382 0.381699 0.920241 -1.227300 0.000000 0.000000 0.000000 1.000000
0.993863 0.081035 0.075301 0.000900 -0.046322 0.923028 -0.381934 9.923500 -0.100455 0.376101 0.921117 -1.227300 0.000000 0.000000 0.000000 1.000000
0.991748 0.106834 0.070865 0.000900 -0.072704 0.923977 -0.375475 9.923500 -0.105591 0.367224 0.924120 -1.227300 0.000000 0.000000 0.000000 1.000000
0.990511 0.123713 0.059854 0.000900 -0.093074 0.924288 -0.370174 9.923500 -0.101118 0.361091 0.927032 -1.227300 0.000000 0.000000 0.000000 1.000000
0.990377 0.130740 0.045394 0.000900 -0.105232 0.924425 -0.366559 9.923500 -0.089887 0.358254 0.929287 -1.227300 0.000000 0.000000 0.000000 1.000000
0.990716 0.132195 0.031734 0.000900 -0.111931 0.925631 -0.361495 9.923500 -0.077162 0.354587 0.931834 -1.227300 0.000000 0.000000 0.000000 1.000000
0.990983 0.132268 0.021382 0.000900 -0.116360 0.928712 -0.352071 9.923500 -0.066425 0.346408 0.935729 -1.227300 0.000000 0.000000 0.000000 1.000000
0.991384 0.129817 0.017459 0.000900 -0.116347 0.933962 -0.337904 9.923500 -0.060172 0.332961 0.941019 -1.227300 0.000000 0.000000 0.000000 1.000000
0.992366 0.121915 0.018623 0.000900 -0.109599 0.941014 -0.320125 9.923500 -0.056552 0.315641 0.947192 -1.227300 0.000000 0.000000 0.000000 1.000000
0.993838 0.108685 0.021757 0.000900 -0.097235 0.949102 -0.299584 9.923500 -0.053210 0.295622 0.953822 -1.227300 0.000000 0.000000 0.000000 1.000000
0.995308 0.094001 0.022915 0.000900 -0.084026 0.957201 -0.276958 9.923500 -0.047968 0.273733 0.960609 -1.227300 0.000000 0.000000 0.000000 1.000000
0.996530 0.080898 0.019582 0.000900 -0.073325 0.964581 -0.253390 9.923500 -0.039387 0.251075 0.967166 -1.227300 0.000000 0.000000 0.000000 1.000000
0.997591 0.068302 0.012134 0.000900 -0.063690 0.971091 -0.230055 9.923500 -0.027496 0.228728 0.973102 -1.227300 0.000000 0.000000 0.000000 1.000000
0.998580 0.053184 0.002959 0.000900 -0.051412 0.976859 -0.207611 9.923500 -0.013932 0.207164 0.978207 -1.227300 0.000000 0.000000 0.000000 1.000000
0.999351 0.035495 -0.006120 0.000900 -0.036013 0.981793 -0.186511 9.923500 -0.000612 0.186610 0.982434 -1.227300 0.000000 0.000000 0.000000 1.000000
0.999723 0.018547 -0.014455 0.000900 -0.020707 0.985654 -0.167504 9.923500 0.011141 0.167757 0.985765 -1.227300 0.000000 0.000000 0.000000 1.000000
0.999749 0.005237 -0.021785 0.000900 -0.008475 0.988449 -0.151316 9.923500 0.020741 0.151462 0.988245 -1.227300 0.000000 0.000000 0.000000 1.000000
0.999605 -0.003639 -0.027882 0.000900 -0.000250 0.990403 -0.138211 9.923500 0.028117 0.138163 0.990010 -1.227300 0.000000 0.000000 0.000000 1.000000</float_array>
        <technique_common>
          <accessor source="#mixamorig_Spine-Matrix-animation-output-transform-array" count="51" stride="16">
            <param type="float4x4"/>
          </accessor>
        </technique_common>
      </source>
      <source id="mixamorig_Spine-Interpolations">
        <Name_array id="mixamorig_Spine-Interpolations-array" count="51">
 LINEAR LINEAR LINEAR LINEAR LINEAR LINEAR LINEAR LINEAR LINEAR LINEAR LINEAR
LINEAR LINEAR LINEAR LINEAR LINEAR LINEAR LINEAR LINEAR LINEAR LINEAR LINEAR LINEAR
LINEAR LINEAR LINEAR LINEAR LINEAR LINEAR LINEAR LINEAR LINEAR LINEAR LINEAR LINEAR
LINEAR LINEAR LINEAR LINEAR LINEAR LINEAR LINEAR LINEAR LINEAR LINEAR LINEAR LINEAR
LINEAR LINEAR LINEAR LINEAR</Name_array>
        <technique_common>
          <accessor source="#mixamorig_Spine-Interpolations-array" count="51">
            <param type="name"/>
          </accessor>
        </technique_common>
      </source>
      <sampler id="mixamorig_Spine-Matrix-animation-transform">
        <input semantic="INPUT" source="#mixamorig_Spine-Matrix-animation-input"/>
        <input semantic="OUTPUT" source="#mixamorig_Spine-Matrix-animation-output-transform"/>
        <input semantic="INTERPOLATION" source="#mixamorig_Spine-Interpolations"/>
      </sampler>
      <channel source="#mixamorig_Spine-Matrix-animation-transform" target="mixamorig_Spine/matrix"/>
    </animation>
    <animation id="mixamorig_Spine1-anim" name="mixamorig_Spine1">
      <source id="mixamorig_Spine1-Matrix-animation-input">
        <float_array id="mixamorig_Spine1-Matrix-animation-input-array" count="51">

0.000000 0.033333 0.066667 0.100000 0.133333 0.166667 0.200000 0.233333 0.266667 0.300000 0.333333 0.366667 0.400000 0.433333 0.466667 0.500000
0.533333 0.566667 0.600000 0.633333 0.666667 0.700000 0.733333 0.766667 0.800000 0.833333 0.866667 0.900000 0.933333 0.966667 1.000000 1.033333
1.066667 1.100000 1.133333 1.166667 1.200000 1.233333 1.266667 1.300000 1.333333 1.366667 1.400000 1.433333 1.466667 1.500000 1.533333 1.566667
1.600000 1.633333 1.666667</float_array>
        <technique_common>
          <accessor source="#mixamorig_Spine1-Matrix-animation-input-array" count="51">
            <param name="TIME" type="float"/>
          </accessor>
        </technique_common>
      </source>
      <source id="mixamorig_Spine1-Matrix-animation-output-transform">
        <float_array id="mixamorig_Spine1-Matrix-animation-output-transform-array" count="816">

0.998720 0.019868 -0.046508 0.000000 -0.024155 0.995324 -0.093521 11.732000 0.044432 0.094524 0.994531 -0.000000 0.000000 0.000000 0.000000 1.000000
0.998065 0.011882 -0.061036 -0.000000 -0.016785 0.996616 -0.080464 11.732000 0.059873 0.081332 0.994887 0.000000 0.000000 0.000000 0.000000 1.000000
0.996960 -0.002540 -0.077872 0.000000 -0.002732 0.997714 -0.067518 11.732000 0.077866 0.067525 0.994674 0.000000 0.000000 0.000000 0.000000 1.000000
0.995204 -0.024549 -0.094695 0.000000 0.019225 0.998205 -0.056726 11.732000 0.095917 0.054633 0.993889 0.000000 0.000000 0.000000 0.000000 1.000000
0.992591 -0.053913 -0.108891 0.000000 0.048712 0.997567 -0.049870 11.732000 0.111314 0.044196 0.992802 0.000000 0.000000 0.000000 0.000000 1.000000
0.988942 -0.088163 -0.119254 0.000000 0.083068 0.995432 -0.047054 11.732000 0.122858 0.036627 0.991748 -0.000000 0.000000 0.000000 0.000000 1.000000
0.984303 -0.123006 -0.126562 0.000000 0.117958 0.991922 -0.046660 11.732000 0.131279 0.030998 0.990861 0.000000 0.000000 0.000000 0.000000 1.000000
0.979347 -0.153118 -0.132041 0.000000 0.148147 0.987860 -0.046741 11.732000 0.137595 0.026214 0.990142 0.000000 0.000000 0.000000 0.000000 1.000000
0.975303 -0.174182 -0.135814 0.000000 0.169365 0.984463 -0.046344 11.732000 0.141776 0.022197 0.989650 0.000000 0.000000 0.000000 0.000000 1.000000
0.973061 -0.185397 -0.137041 0.000000 0.180740 0.982465 -0.045785 11.732000 0.143126 0.019783 0.989507 0.000000 0.000000 0.000000 0.000000 1.000000
0.972402 -0.190090 -0.135276 0.000000 0.185494 0.981572 -0.045923 11.732000 0.141512 0.019562 0.989743 0.000000 0.000000 0.000000 0.000000 1.000000
0.972315 -0.193261 -0.131352 0.000000 0.188600 0.980921 -0.047164 11.732000 0.137961 0.021085 0.990213 -0.000000 0.000000 0.000000 0.000000 1.000000
0.971931 -0.198082 -0.126939 -0.000000 0.193261 0.979905 -0.049360 11.732000 0.134165 0.023442 0.990682 0.000000 0.000000 0.000000 0.000000 1.000000
0.971067 -0.204561 -0.123224 -0.000000 0.199435 0.978492 -0.052720 11.732000 0.131358 0.026620 0.990978 0.000000 0.000000 0.000000 0.000000 1.000000
0.970144 -0.210887 -0.119781 0.000000 0.205205 0.976994 -0.058082 11.732000 0.129274 0.031768 0.991100 -0.000000 0.000000 0.000000 0.000000 1.000000
0.969796 -0.215300 -0.114636 0.000000 0.208852 0.975738 -0.065705 11.732000 0.126001 0.039779 0.991232 0.000000 0.000000 0.000000 0.000000 1.000000
0.970468 -0.216772 -0.105840 -0.000000 0.209653 0.974938 -0.074435 11.732000 0.119323 0.050047 0.991593 -0.000000 0.000000 0.000000 0.000000 1.000000
0.972172 -0.214842 -0.093408 -0.000000 0.207420 0.974716 -0.083099 11.732000 0.108899 0.061412 0.992154 0.000000 0.000000 0.000000 0.000000 1.000000
0.974581 -0.209377 -0.079702 -0.000000 0.201913 0.975030 -0.092449 11.732000 0.097069 0.074006 0.992522 -0.000000 0.000000 0.000000 0.000000 1.000000
0.977357 -0.200471 -0.067713 0.000000 0.192911 0.975674 -0.104142 11.732000 0.086943 0.088721 0.992255 0.000000 0.000000 0.000000 0.000000 1.000000
0.980305 -0.188524 -0.058830 -0.000000 0.180758 0.976514 -0.117246 11.732000 0.079552 0.104303 0.991359 0.000000 0.000000 0.000000 0.000000 1.000000
0.983298 -0.174418 -0.052000 0.000000 0.166659 0.977686 -0.127887 11.732000 0.073145 0.117085 0.990425 -0.000000 0.000000 0.000000 0.000000 1.000000
0.986273 -0.158941 -0.044765 0.000000 0.151677 0.979184 -0.134878 11.732000 0.065271 0.126236 0.989851 0.000000 0.000000 0.000000 0.000000 1.000000
0.989321 -0.141443 -0.035181 -0.000000 0.135001 0.980236 -0.144608 11.732000 0.054940 0.138314 0.988863 0.000000 0.000000 0.000000 0.000000 1.000000
0.992538 -0.119776 -0.022851 0.000000 0.114362 0.979412 -0.166352 11.732000 0.042306 0.162498 0.985802 0.000000 0.000000 0.000000 0.000000 1.000000
0.995648 -0.092837 -0.008131 -0.000000 0.089309 0.975442 -0.201337 11.732000 0.026623 0.199735 0.979488 0.000000 0.000000 0.000000 0.000000 1.000000
0.997975 -0.062942 0.009214 0.000000 0.063314 0.968803 -0.239607 11.732000 0.006155 0.239705 0.970826 0.000000 0.000000 0.000000 0.000000 1.000000
0.998960 -0.034514 0.029780 0.000000 0.041282 0.962013 -0.269863 11.732000 -0.019335 0.270812 0.962438 0.000000 0.000000 0.000000 0.000000 1.000000
0.998544 -0.010351 0.052941 -0.000000 0.025299 0.956651 -0.290135 11.732000 -0.047642 0.291052 0.955520 0.000000 0.000000 0.000000 0.000000 1.000000
0.997029 0.009945 0.076382 0.000000 0.014054 0.951495 -0.307343 11.732000 -0.075734 0.307503 0.948528 -0.000000 0.000000 0.000000 0.000000 1.000000
0.994851 0.028100 0.097371 0.000000 0.005446 0.944581 -0.328234 11.732000 -0.101198 0.327074 0.939565 0.000000 0.000000 0.000000 0.000000 1.000000
0.992507 0.045189 0.113528 0.000000 -0.002334 0.935945 -0.352139 11.732000 -0.122168 0.349235 0.929037 0.000000 0.000000 0.000000 0.000000 1.000000
0.990546 0.061969 0.122384 -0.000000 -0.012107 0.928161 -0.371981 11.732000 -0.136643 0.366983 0.920137 0.000000 0.000000 0.000000 0.000000 1.000000
0.989360 0.079661 0.121743 -0.000000 -0.027509 0.924113 -0.381128 11.732000 -0.142865 0.373723 0.916472 0.000000 0.000000 0.000000 0.000000 1.000000
0.988823 0.098806 0.111655 0.000000 -0.049560 0.924121 -0.378872 11.732000 -0.140618 0.369103 0.918689 0.000000 0.000000 0.000000 0.000000 1.000000
0.988467 0.117472 0.095571 0.000000 -0.074258 0.925993 -0.370166 11.732000 -0.131982 0.358800 0.924036 0.000000 0.000000 0.000000 0.000000 1.000000
0.988118 0.131969 0.078786 0.000000 -0.095115 0.927697 -0.361014 11.732000 -0.120732 0.349230 0.929226 0.000000 0.000000 0.000000 0.000000 1.000000
0.987984 0.139894 0.065707 0.000000 -0.107987 0.928956 -0.354091 11.732000 -0.110574 0.342740 0.932900 0.000000 0.000000 0.000000 0.000000 1.000000
0.988179 0.141760 0.058365 0.000000 -0.112948 0.930641 -0.348068 11.732000 -0.103659 0.337361 0.935651 -0.000000 0.000000 0.000000 0.000000 1.000000
0.988644 0.139264 0.056468 -0.000000 -0.112128 0.933787 -0.339808 11.732000 -0.100052 0.329618 0.938798 0.000000 0.000000 0.000000 0.000000 1.000000
0.989414 0.133007 0.058051 0.000000 -0.107094 0.939129 -0.326446 11.732000 -0.097937 0.316773 0.943432 0.000000 0.000000 0.000000 0.000000 1.000000
0.990571 0.123005 0.060328 0.000000 -0.098892 0.946715 -0.306514 11.732000 -0.094816 0.297658 0.949952 0.000000 0.000000 0.000000 0.000000 1.000000
0.991995 0.110772 0.060631 0.000000 -0.089549 0.955599 -0.280735 11.732000 -0.089037 0.273058 0.957868 0.000000 0.000000 0.000000 0.000000 1.000000
0.993421 0.099225 0.057183 0.000000 -0.081818 0.964298 -0.251861 11.732000 -0.080132 0.245526 0.966072 0.000000 0.000000 0.000000 0.000000 1.000000
0.994703 0.090053 0.049556 0.000000 -0.076877 0.971810 -0.222881 11.732000 -0.068230 0.217891 0.973585 0.000000 0.000000 0.000000 0.000000 1.000000
0.995868 0.082138 0.038739 -0.000000 -0.073081 0.978059 -0.195088 11.732000 -0.053914 0.191451 0.980020 -0.000000 0.000000 0.000000 0.000000 1.000000
0.996968 0.073122 0.026617 0.000000 -0.067636 0.983422 -0.168244 11.732000 -0.038478 0.165934 0.985386 -0.000000 0.000000 0.000000 0.000000 1.000000
0.997961 0.062042 0.014997 0.000000 -0.059279 0.987999 -0.142633 11.732000 -0.023666 0.141453 0.989662 0.000000 0.000000 0.000000 0.000000 1.000000
0.998737 0.050000 0.004843 -0.000000 -0.049056 0.991524 -0.120308 11.732000 -0.010817 0.119919 0.992725 0.000000 0.000000 0.000000 0.000000 1.000000
0.999246 0.038630 -0.003822 -0.000000 -0.038818 0.993861 -0.103606 11.732000 -0.000204 0.103676 0.994611 0.000000 0.000000 0.000000 0.000000 1.000000
0.999520 0.028819 -0.011372 0.000000 -0.029759 0.995159 -0.093662 11.732000 0.008618 0.093955 0.995539 0.000000 0.000000 0.000000 0.000000 1.000000</float_array>
        <technique_common>
          <accessor source="#mixamorig_Spine1-Matrix-animation-output-transform-array" count="51" stride="16">
            <param type="float4x4"/>
          </accessor>
        </technique_common>
      </source>
      <source id="mixamorig_Spine1-Interpolations">
        <Name_array id="mixamorig_Spine1-Interpolations-array" count="51">
 LINEAR LINEAR LINEAR LINEAR LINEAR LINEAR LINEAR LINEAR LINEAR LINEAR LINEAR
LINEAR LINEAR LINEAR LINEAR LINEAR LINEAR LINEAR LINEAR LINEAR LINEAR LINEAR LINEAR
LINEAR LINEAR LINEAR LINEAR LINEAR LINEAR LINEAR LINEAR LINEAR LINEAR LINEAR LINEAR
LINEAR LINEAR LINEAR LINEAR LINEAR LINEAR LINEAR LINEAR LINEAR LINEAR LINEAR LINEAR
LINEAR LINEAR LINEAR LINEAR</Name_array>
        <technique_common>
          <accessor source="#mixamorig_Spine1-Interpolations-array" count="51">
            <param type="name"/>
          </accessor>
        </technique_common>
      </source>
      <sampler id="mixamorig_Spine1-Matrix-animation-transform">
        <input semantic="INPUT" source="#mixamorig_Spine1-Matrix-animation-input"/>
        <input semantic="OUTPUT" source="#mixamorig_Spine1-Matrix-animation-output-transform"/>
        <input semantic="INTERPOLATION" source="#mixamorig_Spine1-Interpolations"/>
      </sampler>
      <channel source="#mixamorig_Spine1-Matrix-animation-transform" target="mixamorig_Spine1/matrix"/>
    </animation>
    <animation id="mixamorig_Spine2-anim" name="mixamorig_Spine2">
      <source id="mixamorig_Spine2-Matrix-animation-input">
        <float_array id="mixamorig_Spine2-Matrix-animation-input-array" count="51">

0.000000 0.033333 0.066667 0.100000 0.133333 0.166667 0.200000 0.233333 0.266667 0.300000 0.333333 0.366667 0.400000 0.433333 0.466667 0.500000
0.533333 0.566667 0.600000 0.633333 0.666667 0.700000 0.733333 0.766667 0.800000 0.833333 0.866667 0.900000 0.933333 0.966667 1.000000 1.033333
1.066667 1.100000 1.133333 1.166667 1.200000 1.233333 1.266667 1.300000 1.333333 1.366667 1.400000 1.433333 1.466667 1.500000 1.533333 1.566667
1.600000 1.633333 1.666667</float_array>
        <technique_common>
          <accessor source="#mixamorig_Spine2-Matrix-animation-input-array" count="51">
            <param name="TIME" type="float"/>
          </accessor>
        </technique_common>
      </source>
      <source id="mixamorig_Spine2-Matrix-animation-output-transform">
        <float_array id="mixamorig_Spine2-Matrix-animation-output-transform-array" count="816">

0.998931 0.007516 -0.045614 0.000000 -0.018386 0.969895 -0.242828 13.458800 0.042415 0.243407 0.968996 0.000000 0.000000 0.000000 0.000000 1.000000
0.998276 -0.003962 -0.058565 0.000000 -0.009576 0.973362 -0.229075 13.458800 0.057912 0.229240 0.971646 0.000000 0.000000 0.000000 0.000000 1.000000
0.997169 -0.022186 -0.071841 -0.000000 0.006188 0.976448 -0.215664 13.458800 0.074933 0.214609 0.973821 0.000000 0.000000 0.000000 0.000000 1.000000
0.995452 -0.047474 -0.082595 -0.000000 0.029674 0.978374 -0.204703 13.458800 0.090527 0.201321 0.975333 -0.000000 0.000000 0.000000 0.000000 1.000000
0.992992 -0.078680 -0.088184 -0.000000 0.059960 0.978411 -0.197779 13.458800 0.101841 0.191106 0.976272 -0.000000 0.000000 0.000000 0.000000 1.000000
0.989664 -0.112982 -0.088323 0.000000 0.094097 0.976360 -0.194593 13.458800 0.108221 0.184271 0.976899 0.000000 0.000000 0.000000 0.000000 1.000000
0.985495 -0.146569 -0.085546 0.000000 0.127901 0.972775 -0.193261 13.458800 0.111543 0.179516 0.977411 -0.000000 0.000000 0.000000 0.000000 1.000000
0.981057 -0.174999 -0.083078 -0.000000 0.156564 0.968835 -0.191953 13.458800 0.114081 0.175310 0.977881 0.000000 0.000000 0.000000 0.000000 1.000000
0.977432 -0.194563 -0.082296 0.000000 0.176248 0.965820 -0.190075 13.458800 0.116464 0.171281 0.978314 -0.000000 0.000000 0.000000 0.000000 1.000000
0.975403 -0.204544 -0.082159 0.000000 0.186363 0.964291 -0.188181 13.458800 0.117717 0.168241 0.978692 0.000000 0.000000 0.000000 0.000000 1.000000
0.974759 -0.208106 -0.080850 0.000000 0.190237 0.963747 -0.187088 13.458800 0.116853 0.166985 0.979010 -0.000000 0.000000 0.000000 0.000000 1.000000
0.974557 -0.210228 -0.077730 0.000000 0.192864 0.963229 -0.187067 13.458800 0.114199 0.167316 0.979267 0.000000 0.000000 0.000000 0.000000 1.000000
0.973986 -0.214267 -0.073757 0.000000 0.197425 0.962130 -0.187959 13.458800 0.111237 0.168509 0.979403 -0.000000 0.000000 0.000000 0.000000 1.000000
0.972912 -0.220275 -0.070148 0.000000 0.203737 0.960398 -0.190072 13.458800 0.109238 0.170631 0.979261 0.000000 0.000000 0.000000 0.000000 1.000000
0.971822 -0.226076 -0.066728 0.000000 0.209595 0.958304 -0.194224 13.458800 0.107855 0.174765 0.978685 0.000000 0.000000 0.000000 0.000000 1.000000
0.971401 -0.229296 -0.061674 0.000000 0.212998 0.956269 -0.200452 13.458800 0.104939 0.181583 0.977760 -0.000000 0.000000 0.000000 0.000000 1.000000
0.972082 -0.228549 -0.053114 0.000000 0.213147 0.954762 -0.207360 13.458800 0.098104 0.190250 0.976822 -0.000000 0.000000 0.000000 0.000000 1.000000
0.973826 -0.223548 -0.041086 0.000000 0.209991 0.954051 -0.213752 13.458800 0.086982 0.199529 0.976024 -0.000000 0.000000 0.000000 0.000000 1.000000
0.976282 -0.214697 -0.027891 0.000000 0.203474 0.953905 -0.220596 13.458800 0.073967 0.209689 0.974966 0.000000 0.000000 0.000000 0.000000 1.000000
0.979113 -0.202635 -0.016632 0.000000 0.193492 0.953797 -0.229851 13.458800 0.062440 0.221832 0.973084 0.000000 0.000000 0.000000 0.000000 1.000000
0.982084 -0.188217 -0.009284 -0.000000 0.180489 0.953642 -0.240812 13.458800 0.054179 0.234822 0.970527 0.000000 0.000000 0.000000 0.000000 1.000000
0.984972 -0.172627 -0.005526 -0.000000 0.165806 0.954043 -0.249619 13.458800 0.048363 0.244951 0.968328 0.000000 0.000000 0.000000 0.000000 1.000000
0.987683 -0.156439 -0.002876 -0.000000 0.150553 0.955208 -0.254778 13.458800 0.042605 0.251207 0.966995 -0.000000 0.000000 0.000000 0.000000 1.000000
0.990433 -0.137985 0.001675 0.000000 0.133595 0.955741 -0.262129 13.458800 0.034569 0.259845 0.965031 -0.000000 0.000000 0.000000 0.000000 1.000000
0.993441 -0.113939 0.009632 0.000000 0.112052 0.953272 -0.280566 13.458800 0.022785 0.279805 0.959786 0.000000 0.000000 0.000000 0.000000 1.000000
0.996333 -0.083045 0.020618 0.000000 0.085329 0.946392 -0.311547 13.458800 0.006360 0.312164 0.950007 -0.000000 0.000000 0.000000 0.000000 1.000000
0.998231 -0.048841 0.033914 -0.000000 0.057572 0.936494 -0.345926 13.458800 -0.014865 0.347266 0.937649 0.000000 0.000000 0.000000 0.000000 1.000000
0.998627 -0.017263 0.049454 0.000000 0.034509 0.927102 -0.373216 13.458800 -0.039406 0.374410 0.926425 -0.000000 0.000000 0.000000 0.000000 1.000000
0.997730 0.008402 0.066819 0.000000 0.018493 0.919866 -0.391797 13.458800 -0.064756 0.392143 0.917622 -0.000000 0.000000 0.000000 0.000000 1.000000
0.996025 0.029216 0.084152 -0.000000 0.007741 0.912723 -0.408506 13.458800 -0.088742 0.407533 0.908868 0.000000 0.000000 0.000000 0.000000 1.000000
0.993967 0.047716 0.098760 -0.000000 -0.000633 0.902894 -0.429863 13.458800 -0.109681 0.427207 0.897477 0.000000 0.000000 0.000000 0.000000 1.000000
0.992011 0.064953 0.108141 -0.000000 -0.008712 0.890485 -0.454930 13.458800 -0.125847 0.450353 0.883937 0.000000 0.000000 0.000000 0.000000 1.000000
0.990626 0.080857 0.110102 0.000000 -0.018819 0.879096 -0.476273 13.458800 -0.135300 0.469736 0.872377 -0.000000 0.000000 0.000000 0.000000 1.000000
0.990025 0.096040 0.103084 -0.000000 -0.033987 0.872854 -0.486796 13.458800 -0.136730 0.478437 0.867412 0.000000 0.000000 0.000000 0.000000 1.000000
0.989893 0.111523 0.087609 0.000000 -0.055355 0.872584 -0.485317 13.458800 -0.130571 0.475562 0.869938 -0.000000 0.000000 0.000000 0.000000 1.000000
0.989658 0.126701 0.067262 0.000000 -0.079705 0.875543 -0.476520 13.458800 -0.119266 0.466230 0.876587 0.000000 0.000000 0.000000 0.000000 1.000000
0.989150 0.139008 0.047524 -0.000000 -0.101072 0.878707 -0.466539 13.458800 -0.106613 0.456674 0.883223 0.000000 0.000000 0.000000 0.000000 1.000000
0.988686 0.146260 0.033279 0.000000 -0.114925 0.881204 -0.458553 13.458800 -0.096393 0.449541 0.888043 0.000000 0.000000 0.000000 0.000000 1.000000
0.988557 0.148432 0.026903 0.000000 -0.120426 0.883935 -0.451837 13.458800 -0.090848 0.443426 0.891695 0.000000 0.000000 0.000000 0.000000 1.000000
0.988834 0.146404 0.027800 0.000000 -0.119043 0.888269 -0.443630 13.458800 -0.089643 0.435367 0.895779 0.000000 0.000000 0.000000 0.000000 1.000000
0.989593 0.140027 0.033125 0.000000 -0.112255 0.895301 -0.431086 13.458800 -0.090021 0.422882 0.901702 -0.000000 0.000000 0.000000 0.000000 1.000000
0.990887 0.128858 0.039216 0.000000 -0.101407 0.905315 -0.412457 13.458800 -0.088652 0.404722 0.910132 0.000000 0.000000 0.000000 0.000000 1.000000
0.992507 0.114382 0.042962 0.000000 -0.088923 0.917345 -0.388035 13.458800 -0.083795 0.381307 0.920643 -0.000000 0.000000 0.000000 0.000000 1.000000
0.994100 0.099773 0.042555 0.000000 -0.077882 0.929621 -0.360193 13.458800 -0.075497 0.354753 0.931907 -0.000000 0.000000 0.000000 0.000000 1.000000
0.995499 0.086945 0.037722 0.000000 -0.069595 0.940788 -0.331775 13.458800 -0.064335 0.327657 0.942604 -0.000000 0.000000 0.000000 0.000000 1.000000
0.996756 0.074834 0.029616 0.000000 -0.062327 0.950565 -0.304207 13.458800 -0.050917 0.301374 0.952145 -0.000000 0.000000 0.000000 0.000000 1.000000
0.997921 0.061188 0.020239 0.000000 -0.053190 0.959255 -0.277490 13.458800 -0.036393 0.275836 0.960515 -0.000000 0.000000 0.000000 0.000000 1.000000
0.998901 0.045459 0.011415 0.000000 -0.041119 0.966837 -0.252063 13.458800 -0.022495 0.251316 0.967644 -0.000000 0.000000 0.000000 0.000000 1.000000
0.999561 0.029355 0.004000 0.000000 -0.027648 0.972796 -0.230007 13.458800 -0.010643 0.229795 0.973181 -0.000000 0.000000 0.000000 0.000000 1.000000
0.999887 0.014910 -0.002135 0.000000 -0.015022 0.976800 -0.213624 13.458800 -0.001100 0.213632 0.976914 0.000000 0.000000 0.000000 0.000000 1.000000
0.999967 0.003071 -0.007472 -0.000000 -0.004531 0.978956 -0.204019 13.458800 0.006688 0.204046 0.978938 0.000000 0.000000 0.000000 0.000000 1.000000</float_array>
        <technique_common>
          <accessor source="#mixamorig_Spine2-Matrix-animation-output-transform-array" count="51" stride="16">
            <param type="float4x4"/>
          </accessor>
        </technique_common>
      </source>
      <source id="mixamorig_Spine2-Interpolations">
        <Name_array id="mixamorig_Spine2-Interpolations-array" count="51">
 LINEAR LINEAR LINEAR LINEAR LINEAR LINEAR LINEAR LINEAR LINEAR LINEAR LINEAR
LINEAR LINEAR LINEAR LINEAR LINEAR LINEAR LINEAR LINEAR LINEAR LINEAR LINEAR LINEAR
LINEAR LINEAR LINEAR LINEAR LINEAR LINEAR LINEAR LINEAR LINEAR LINEAR LINEAR LINEAR
LINEAR LINEAR LINEAR LINEAR LINEAR LINEAR LINEAR LINEAR LINEAR LINEAR LINEAR LINEAR
LINEAR LINEAR LINEAR LINEAR</Name_array>
        <technique_common>
          <accessor source="#mixamorig_Spine2-Interpolations-array" count="51">
            <param type="name"/>
          </accessor>
        </technique_common>
      </source>
      <sampler id="mixamorig_Spine2-Matrix-animation-transform">
        <input semantic="INPUT" source="#mixamorig_Spine2-Matrix-animation-input"/>
        <input semantic="OUTPUT" source="#mixamorig_Spine2-Matrix-animation-output-transform"/>
        <input semantic="INTERPOLATION" source="#mixamorig_Spine2-Interpolations"/>
      </sampler>
      <channel source="#mixamorig_Spine2-Matrix-animation-transform" target="mixamorig_Spine2/matrix"/>
    </animation>
    <animation id="mixamorig_Neck-anim" name="mixamorig_Neck">
      <source id="mixamorig_Neck-Matrix-animation-input">
        <float_array id="mixamorig_Neck-Matrix-animation-input-array" count="51">

0.000000 0.033333 0.066667 0.100000 0.133333 0.166667 0.200000 0.233333 0.266667 0.300000 0.333333 0.366667 0.400000 0.433333 0.466667 0.500000
0.533333 0.566667 0.600000 0.633333 0.666667 0.700000 0.733333 0.766667 0.800000 0.833333 0.866667 0.900000 0.933333 0.966667 1.000000 1.033333
1.066667 1.100000 1.133333 1.166667 1.200000 1.233333 1.266667 1.300000 1.333333 1.366667 1.400000 1.433333 1.466667 1.500000 1.533333 1.566667
1.600000 1.633333 1.666667</float_array>
        <technique_common>
          <accessor source="#mixamorig_Neck-Matrix-animation-input-array" count="51">
            <param name="TIME" type="float"/>
          </accessor>
        </technique_common>
      </source>
      <source id="mixamorig_Neck-Matrix-animation-output-transform">
        <float_array id="mixamorig_Neck-Matrix-animation-output-transform-array" count="816">

0.995528 0.085092 -0.041026 -0.000000 -0.090693 0.982437 -0.163072 15.027800 0.026430 0.166063 0.985761 0.877900 0.000000 0.000000 0.000000 1.000000
0.996028 0.079491 -0.040126 -0.000000 -0.084889 0.983727 -0.158351 15.027800 0.026886 0.161128 0.986567 0.877900 0.000000 0.000000 0.000000 1.000000
0.996505 0.074034 -0.038677 0.000000 -0.079183 0.984691 -0.155284 15.027800 0.026589 0.157804 0.987112 0.877900 0.000000 0.000000 0.000000 1.000000
0.996956 0.068184 -0.037820 0.000000 -0.073223 0.985410 -0.153643 15.027800 0.026793 0.155944 0.987402 0.877900 0.000000 0.000000 0.000000 1.000000
0.997355 0.061592 -0.038591 -0.000000 -0.066793 0.986052 -0.152447 15.027800 0.028663 0.154621 0.987558 0.877900 0.000000 0.000000 0.000000 1.000000
0.997672 0.054575 -0.040899 0.000000 -0.060164 0.986704 -0.150979 15.027800 0.032115 0.153089 0.987690 0.877900 0.000000 0.000000 0.000000 1.000000
0.997903 0.048047 -0.043365 0.000000 -0.054054 0.987191 -0.150108 15.027800 0.035597 0.152137 0.987718 0.877900 0.000000 0.000000 0.000000 1.000000
0.998090 0.042762 -0.044588 0.000000 -0.049065 0.987237 -0.151509 15.027800 0.037540 0.153407 0.987450 0.877900 0.000000 0.000000 0.000000 1.000000
0.998262 0.038586 -0.044545 0.000000 -0.045078 0.986821 -0.155411 15.027800 0.037961 0.157149 0.986845 0.877900 0.000000 0.000000 0.000000 1.000000
0.998403 0.034737 -0.044552 0.000000 -0.041448 0.986271 -0.159850 15.027800 0.038388 0.161441 0.986135 0.877900 0.000000 0.000000 0.000000 1.000000
0.998471 0.030909 -0.045836 0.000000 -0.037990 0.985943 -0.162703 15.027800 0.040163 0.164196 0.985610 0.877900 0.000000 0.000000 0.000000 1.000000
0.998437 0.028136 -0.048296 0.000000 -0.035707 0.985836 -0.163869 15.027800 0.043002 0.165337 0.985299 0.877900 0.000000 0.000000 0.000000 1.000000
0.998311 0.028436 -0.050667 0.000000 -0.036433 0.985679 -0.164650 15.027800 0.045259 0.166218 0.985050 0.877900 0.000000 0.000000 0.000000 1.000000
0.998109 0.033288 -0.051684 0.000000 -0.041427 0.985357 -0.165397 15.027800 0.045422 0.167225 0.984872 0.877900 0.000000 0.000000 0.000000 1.000000
0.997813 0.041876 -0.051146 0.000000 -0.049799 0.985032 -0.165021 15.027800 0.043470 0.167207 0.984963 0.877900 0.000000 0.000000 0.000000 1.000000
0.997466 0.050559 -0.050048 -0.000000 -0.058109 0.984882 -0.163187 15.027800 0.041041 0.165681 0.985325 0.877900 0.000000 0.000000 0.000000 1.000000
0.997264 0.054717 -0.049697 0.000000 -0.062090 0.984905 -0.161574 15.027800 0.040106 0.164217 0.985609 0.877900 0.000000 0.000000 0.000000 1.000000
0.997359 0.052186 -0.050510 0.000000 -0.059715 0.985090 -0.161345 15.027800 0.041337 0.163936 0.985605 0.877900 0.000000 0.000000 0.000000 1.000000
0.997644 0.045184 -0.051630 0.000000 -0.052915 0.985727 -0.159821 15.027800 0.043671 0.162176 0.985795 0.877900 0.000000 0.000000 0.000000 1.000000
0.997916 0.038522 -0.051766 0.000000 -0.046004 0.987288 -0.152136 15.027800 0.045247 0.154200 0.987003 0.877900 0.000000 0.000000 0.000000 1.000000
0.998092 0.035721 -0.050366 0.000000 -0.042350 0.989612 -0.137387 15.027800 0.044935 0.139258 0.989236 0.877900 0.000000 0.000000 0.000000 1.000000
0.998172 0.036820 -0.047917 0.000000 -0.042391 0.991748 -0.120995 15.027800 0.043066 0.122805 0.991496 0.877900 0.000000 0.000000 0.000000 1.000000
0.998195 0.039509 -0.045226 0.000000 -0.044226 0.993106 -0.108555 15.027800 0.040625 0.110359 0.993061 0.877900 0.000000 0.000000 0.000000 1.000000
0.998225 0.041658 -0.042558 0.000000 -0.045687 0.994081 -0.098567 15.027800 0.038200 0.100336 0.994220 0.877900 0.000000 0.000000 0.000000 1.000000
0.998304 0.042666 -0.039611 0.000000 -0.045891 0.995372 -0.084436 15.027800 0.035825 0.086110 0.995641 0.877900 0.000000 0.000000 0.000000 1.000000
0.998414 0.043068 -0.036255 -0.000000 -0.045310 0.996954 -0.063475 15.027800 0.033411 0.065017 0.997325 0.877900 0.000000 0.000000 0.000000 1.000000
0.998509 0.043583 -0.032873 0.000000 -0.044897 0.998176 -0.040353 15.027800 0.031054 0.041768 0.998645 0.877900 0.000000 0.000000 0.000000 1.000000
0.998559 0.044694 -0.029704 0.000000 -0.045308 0.998766 -0.020318 15.027800 0.028760 0.021634 0.999352 0.877900 0.000000 0.000000 0.000000 1.000000
0.998574 0.046467 -0.026302 0.000000 -0.046545 0.998913 -0.002377 15.027800 0.026163 0.003598 0.999651 0.877900 0.000000 0.000000 0.000000 1.000000
0.998604 0.047944 -0.022178 -0.000000 -0.047549 0.998706 0.018029 15.027800 0.023013 -0.016950 0.999591 0.877900 0.000000 0.000000 0.000000 1.000000
0.998750 0.046761 -0.017679 0.000000 -0.045987 0.998063 0.041899 15.027800 0.019604 -0.041034 0.998965 0.877900 0.000000 0.000000 0.000000 1.000000
0.999097 0.040300 -0.013451 0.000000 -0.039331 0.997054 0.065859 15.027800 0.016065 -0.065270 0.997738 0.877900 0.000000 0.000000 0.000000 1.000000
0.999572 0.027795 -0.009098 -0.000000 -0.026887 0.995752 0.088066 15.027800 0.011507 -0.087783 0.996073 0.877900 0.000000 0.000000 0.000000 1.000000
0.999933 0.011103 -0.003293 0.000000 -0.010667 0.993714 0.111444 15.027800 0.004510 -0.111401 0.993765 0.877900 0.000000 0.000000 0.000000 1.000000
0.999969 -0.006465 0.004485 0.000000 0.005777 0.990246 0.139208 15.027800 -0.005341 -0.139178 0.990253 0.877900 0.000000 0.000000 0.000000 1.000000
0.999687 -0.021424 0.012939 0.000000 0.018938 0.985508 0.168567 15.027800 -0.016363 -0.168269 0.985605 0.877900 0.000000 0.000000 0.000000 1.000000
0.999332 -0.030633 0.019951 -0.000000 0.026262 0.981214 0.191129 15.027800 -0.025431 -0.190477 0.981362 0.877900 0.000000 0.000000 0.000000 1.000000
0.999184 -0.032395 0.024113 -0.000000 0.026929 0.979435 0.199957 15.027800 -0.030095 -0.199145 0.979508 0.877900 0.000000 0.000000 0.000000 1.000000
0.999285 -0.028265 0.025093 0.000000 0.022826 0.980462 0.195377 15.027800 -0.030125 -0.194665 0.980407 0.877900 0.000000 0.000000 0.000000 1.000000
0.999470 -0.022831 0.023194 0.000000 0.018180 0.982765 0.183963 15.027800 -0.026994 -0.183444 0.982659 0.877900 0.000000 0.000000 0.000000 1.000000
0.999610 -0.020231 0.019227 0.000000 0.016609 0.984829 0.172729 15.027800 -0.022429 -0.172342 0.984782 0.877900 0.000000 0.000000 0.000000 1.000000
0.999675 -0.020834 0.014681 0.000000 0.018136 0.986197 0.164582 15.027800 -0.017907 -0.164263 0.986254 0.877900 0.000000 0.000000 0.000000 1.000000
0.999693 -0.021938 0.011480 0.000000 0.019842 0.987149 0.158564 15.027800 -0.014811 -0.158288 0.987282 0.877900 0.000000 0.000000 0.000000 1.000000
0.999709 -0.021416 0.011089 0.000000 0.019469 0.988036 0.152987 15.027800 -0.014232 -0.152727 0.988166 0.877900 0.000000 0.000000 0.000000 1.000000
0.999709 -0.019948 0.013563 -0.000000 0.017731 0.988902 0.147505 15.027800 -0.016355 -0.147221 0.988968 0.877900 0.000000 0.000000 0.000000 1.000000
0.999653 -0.019783 0.017374 0.000000 0.017104 0.989617 0.142710 15.027800 -0.020017 -0.142363 0.989612 0.877900 0.000000 0.000000 0.000000 1.000000
0.999548 -0.022149 0.020341 0.000000 0.019111 0.990109 0.138996 15.027800 -0.023218 -0.138544 0.990084 0.877900 0.000000 0.000000 0.000000 1.000000
0.999434 -0.026186 0.021104 -0.000000 0.023067 0.990379 0.136442 15.027800 -0.024473 -0.135878 0.990423 0.877900 0.000000 0.000000 0.000000 1.000000
0.999353 -0.029951 0.019928 0.000000 0.026985 0.990431 0.135345 15.027800 -0.023791 -0.134720 0.990598 0.877900 0.000000 0.000000 0.000000 1.000000
0.999321 -0.032077 0.018117 0.000000 0.029319 0.990262 0.136097 15.027800 -0.022306 -0.135474 0.990530 0.877900 0.000000 0.000000 0.000000 1.000000
0.999338 -0.032232 0.016883 -0.000000 0.029582 0.989876 0.138815 15.027800 -0.021186 -0.138223 0.990174 0.877900 0.000000 0.000000 0.000000 1.000000</float_array>
        <technique_common>
          <accessor source="#mixamorig_Neck-Matrix-animation-output-transform-array" count="51" stride="16">
            <param type="float4x4"/>
          </accessor>
        </technique_common>
      </source>
      <source id="mixamorig_Neck-Interpolations">
        <Name_array id="mixamorig_Neck-Interpolations-array" count="51">
 LINEAR LINEAR LINEAR LINEAR LINEAR LINEAR LINEAR LINEAR LINEAR LINEAR LINEAR
LINEAR LINEAR LINEAR LINEAR LINEAR LINEAR LINEAR LINEAR LINEAR LINEAR LINEAR LINEAR
LINEAR LINEAR LINEAR LINEAR LINEAR LINEAR LINEAR LINEAR LINEAR LINEAR LINEAR LINEAR
LINEAR LINEAR LINEAR LINEAR LINEAR LINEAR LINEAR LINEAR LINEAR LINEAR LINEAR LINEAR
LINEAR LINEAR LINEAR LINEAR</Name_array>
        <technique_common>
          <accessor source="#mixamorig_Neck-Interpolations-array" count="51">
            <param type="name"/>
          </accessor>
        </technique_common>
      </source>
      <sampler id="mixamorig_Neck-Matrix-animation-transform">
        <input semantic="INPUT" source="#mixamorig_Neck-Matrix-animation-input"/>
        <input semantic="OUTPUT" source="#mixamorig_Neck-Matrix-animation-output-transform"/>
        <input semantic="INTERPOLATION" source="#mixamorig_Neck-Interpolations"/>
      </sampler>
      <channel source="#mixamorig_Neck-Matrix-animation-transform" target="mixamorig_Neck/matrix"/>
    </animation>
    <animation id="mixamorig_Head-anim" name="mixamorig_Head">
      <source id="mixamorig_Head-Matrix-animation-input">
        <float_array id="mixamorig_Head-Matrix-animation-input-array" count="51">

0.000000 0.033333 0.066667 0.100000 0.133333 0.166667 0.200000 0.233333 0.266667 0.300000 0.333333 0.366667 0.400000 0.433333 0.466667 0.500000
0.533333 0.566667 0.600000 0.633333 0.666667 0.700000 0.733333 0.766667 0.800000 0.833333 0.866667 0.900000 0.933333 0.966667 1.000000 1.033333
1.066667 1.100000 1.133333 1.166667 1.200000 1.233333 1.266667 1.300000 1.333333 1.366667 1.400000 1.433333 1.466667 1.500000 1.533333 1.566667
1.600000 1.633333 1.666667</float_array>
        <technique_common>
          <accessor source="#mixamorig_Head-Matrix-animation-input-array" count="51">
            <param name="TIME" type="float"/>
          </accessor>
        </technique_common>
      </source>
      <source id="mixamorig_Head-Matrix-animation-output-transform">
        <float_array id="mixamorig_Head-Matrix-animation-output-transform-array" count="816">

0.844887 0.227590 -0.484116 -0.000000 -0.307991 0.946896 -0.092360 10.321800 0.437387 0.227137 0.870116 3.142400 0.000000 0.000000 0.000000 1.000000
0.847142 0.196036 -0.493883 -0.000000 -0.263902 0.961945 -0.070840 10.321800 0.461201 0.190348 0.866638 3.142400 0.000000 0.000000 0.000000 1.000000
0.851695 0.165118 -0.497344 -0.000000 -0.220695 0.973812 -0.054631 10.321800 0.475299 0.156290 0.865831 3.142400 0.000000 0.000000 0.000000 1.000000
0.857175 0.136300 -0.496663 0.000000 -0.181497 0.982423 -0.043632 10.321800 0.481986 0.127543 0.866846 3.142400 0.000000 0.000000 0.000000 1.000000
0.862224 0.112234 -0.493936 0.000000 -0.149496 0.988090 -0.036445 10.321800 0.483963 0.105265 0.868734 3.142400 0.000000 0.000000 0.000000 1.000000
0.866815 0.094601 -0.489573 -0.000000 -0.125764 0.991574 -0.031070 10.321800 0.482508 0.088503 0.871409 3.142400 0.000000 0.000000 0.000000 1.000000
0.871685 0.081566 -0.483231 0.000000 -0.107576 0.993849 -0.026297 10.321800 0.478113 0.074907 0.875098 3.142400 0.000000 0.000000 0.000000 1.000000
0.876142 0.068569 -0.477151 0.000000 -0.089558 0.995753 -0.021351 10.321800 0.473660 0.061439 0.878562 3.142400 0.000000 0.000000 0.000000 1.000000
0.877789 0.052906 -0.476118 0.000000 -0.068210 0.997560 -0.014906 10.321800 0.474167 0.045560 0.879255 3.142400 0.000000 0.000000 0.000000 1.000000
0.874834 0.037739 -0.482950 0.000000 -0.045858 0.998935 -0.005009 10.321800 0.482247 0.026529 0.875634 3.142400 0.000000 0.000000 0.000000 1.000000
0.868331 0.031212 -0.495002 0.000000 -0.029588 0.999500 0.011120 10.321800 0.495102 0.004991 0.868821 3.142400 0.000000 0.000000 0.000000 1.000000
0.861858 0.041449 -0.505454 0.000000 -0.026080 0.998958 0.037448 10.321800 0.506479 -0.019093 0.862041 3.142400 0.000000 0.000000 0.000000 1.000000
0.858965 0.071750 -0.506982 -0.000000 -0.037510 0.996291 0.077447 10.321800 0.510658 -0.047508 0.858470 3.142400 0.000000 0.000000 0.000000 1.000000
0.861004 0.118339 -0.494639 0.000000 -0.061142 0.989584 0.130324 10.321800 0.504909 -0.081966 0.859272 3.142400 0.000000 0.000000 0.000000 1.000000
0.866977 0.170640 -0.468223 0.000000 -0.090460 0.977828 0.188863 10.321800 0.490069 -0.121385 0.863191 3.142400 0.000000 0.000000 0.000000 1.000000
0.874929 0.214870 -0.433971 0.000000 -0.115837 0.963016 0.243275 10.321800 0.470193 -0.162578 0.867460 3.142400 0.000000 0.000000 0.000000 1.000000
0.883364 0.240478 -0.402291 0.000000 -0.126424 0.948779 0.289545 10.321800 0.451314 -0.204914 0.868519 3.142400 0.000000 0.000000 0.000000 1.000000
0.891262 0.245272 -0.381437 -0.000000 -0.115003 0.935864 0.333067 10.321800 0.438665 -0.252983 0.862307 3.142400 0.000000 0.000000 0.000000 1.000000
0.897565 0.235220 -0.372892 0.000000 -0.082808 0.920677 0.381440 10.321800 0.433035 -0.311489 0.845846 3.142400 0.000000 0.000000 0.000000 1.000000
0.901886 0.218946 -0.372377 0.000000 -0.039601 0.900311 0.433441 10.321800 0.430155 -0.376168 0.820649 3.142400 0.000000 0.000000 0.000000 1.000000
0.904881 0.202159 -0.374596 0.000000 0.001524 0.878482 0.477773 10.321800 0.425662 -0.432899 0.794613 3.142400 0.000000 0.000000 0.000000 1.000000
0.907234 0.187268 -0.376640 0.000000 0.031514 0.862647 0.504823 10.321800 0.419445 -0.469862 0.776721 3.142400 0.000000 0.000000 0.000000 1.000000
0.909623 0.175808 -0.376401 0.000000 0.049879 0.853269 0.519080 10.321800 0.412430 -0.490942 0.767384 3.142400 0.000000 0.000000 0.000000 1.000000
0.913776 0.168804 -0.369483 0.000000 0.062271 0.840611 0.538048 10.321800 0.401416 -0.514663 0.757619 3.142400 0.000000 0.000000 0.000000 1.000000
0.921675 0.166006 -0.350653 0.000000 0.072189 0.814664 0.575423 10.321800 0.381188 -0.555666 0.738872 3.142400 0.000000 0.000000 0.000000 1.000000
0.933113 0.166319 -0.318808 0.000000 0.075016 0.777056 0.624945 10.321800 0.351673 -0.607060 0.712604 3.142400 0.000000 0.000000 0.000000 1.000000
0.945505 0.168499 -0.278620 0.000000 0.063739 0.743354 0.665854 10.321800 0.319309 -0.647327 0.692105 3.142400 0.000000 0.000000 0.000000 1.000000
0.956708 0.170249 -0.236061 0.000000 0.039168 0.728380 0.684053 10.321800 0.288401 -0.663685 0.690179 3.142400 0.000000 0.000000 0.000000 1.000000
0.966798 0.167192 -0.193256 0.000000 0.010682 0.729161 0.684259 10.321800 0.255317 -0.663605 0.703166 3.142400 0.000000 0.000000 0.000000 1.000000
0.976674 0.154827 -0.148781 -0.000000 -0.011414 0.729341 0.684055 10.321800 0.214422 -0.666401 0.714096 3.142400 0.000000 0.000000 0.000000 1.000000
0.985989 0.132120 -0.101831 0.000000 -0.024195 0.717283 0.696362 10.321800 0.165045 -0.684141 0.710430 3.142400 0.000000 0.000000 0.000000 1.000000
0.993265 0.102571 -0.053887 0.000000 -0.033125 0.697059 0.716248 10.321800 0.111029 -0.709639 0.695762 3.142400 0.000000 0.000000 0.000000 1.000000
0.997452 0.071089 -0.006058 0.000000 -0.044442 0.685502 0.726714 10.321800 0.055814 -0.724592 0.686914 3.142400 0.000000 0.000000 0.000000 1.000000
0.998301 0.039635 0.042708 0.000000 -0.058250 0.696242 0.715440 10.321800 -0.001379 -0.716712 0.697368 3.142400 0.000000 0.000000 0.000000 1.000000
0.995725 0.007193 0.092082 0.000000 -0.068602 0.725137 0.685179 10.321800 -0.061843 -0.688567 0.722531 3.142400 0.000000 0.000000 0.000000 1.000000
0.990492 -0.026082 0.135076 -0.000000 -0.069012 0.755178 0.651877 10.321800 -0.119008 -0.655001 0.746198 3.142400 0.000000 0.000000 0.000000 1.000000
0.985616 -0.056276 0.159357 -0.000000 -0.057806 0.773797 0.630790 10.321800 -0.158808 -0.630929 0.759413 3.142400 0.000000 0.000000 0.000000 1.000000
0.984657 -0.077111 0.156542 -0.000000 -0.037812 0.781478 0.622786 10.321800 -0.170357 -0.619150 0.766572 3.142400 0.000000 0.000000 0.000000 1.000000
0.988004 -0.083909 0.129646 0.000000 -0.014202 0.786584 0.617320 10.321800 -0.153776 -0.611755 0.775956 3.142400 0.000000 0.000000 0.000000 1.000000
0.992906 -0.076710 0.090849 0.000000 0.006015 0.795484 0.605945 10.321800 -0.118751 -0.601100 0.790302 3.142400 0.000000 0.000000 0.000000 1.000000
0.996788 -0.059755 0.053314 0.000000 0.016939 0.808008 0.588928 10.321800 -0.078269 -0.586134 0.806425 3.142400 0.000000 0.000000 0.000000 1.000000
0.998918 -0.038820 0.025613 0.000000 0.017258 0.820790 0.570970 10.321800 -0.043188 -0.569910 0.820571 3.142400 0.000000 0.000000 0.000000 1.000000
0.999730 -0.019440 0.012696 -0.000000 0.009141 0.832161 0.554458 10.321800 -0.021344 -0.554193 0.832115 3.142400 0.000000 0.000000 0.000000 1.000000
0.999808 -0.006209 0.018607 -0.000000 -0.004768 0.843206 0.537570 10.321800 -0.019027 -0.537555 0.843014 3.142400 0.000000 0.000000 0.000000 1.000000
0.999043 -0.001398 0.043705 -0.000000 -0.021438 0.855464 0.517419 10.321800 -0.038112 -0.517861 0.854615 3.142400 0.000000 0.000000 0.000000 1.000000
0.996869 -0.003601 0.078987 -0.000000 -0.036022 0.868586 0.494227 10.321800 -0.070386 -0.495525 0.865737 3.142400 0.000000 0.000000 0.000000 1.000000
0.994104 -0.008795 0.108071 0.000000 -0.043542 0.880428 0.472176 10.321800 -0.099302 -0.474098 0.874854 3.142400 0.000000 0.000000 0.000000 1.000000
0.992845 -0.013154 0.118686 0.000000 -0.042724 0.888990 0.455930 10.321800 -0.111508 -0.457738 0.882067 3.142400 0.000000 0.000000 0.000000 1.000000
0.993624 -0.014851 0.111762 0.000000 -0.036918 0.893778 0.446988 10.321800 -0.106529 -0.448264 0.887531 3.142400 0.000000 0.000000 0.000000 1.000000
0.995086 -0.013965 0.098023 0.000000 -0.031135 0.895651 0.443667 10.321800 -0.093990 -0.444539 0.890815 3.142400 0.000000 0.000000 0.000000 1.000000
0.996044 -0.011294 0.088139 0.000000 -0.029095 0.895762 0.443580 10.321800 -0.083962 -0.444390 0.891890 3.142400 0.000000 0.000000 0.000000 1.000000</float_array>
        <technique_common>
          <accessor source="#mixamorig_Head-Matrix-animation-output-transform-array" count="51" stride="16">
            <param type="float4x4"/>
          </accessor>
        </technique_common>
      </source>
      <source id="mixamorig_Head-Interpolations">
        <Name_array id="mixamorig_Head-Interpolations-array" count="51">
 LINEAR LINEAR LINEAR LINEAR LINEAR LINEAR LINEAR LINEAR LINEAR LINEAR LINEAR
LINEAR LINEAR LINEAR LINEAR LINEAR LINEAR LINEAR LINEAR LINEAR LINEAR LINEAR LINEAR
LINEAR LINEAR LINEAR LINEAR LINEAR LINEAR LINEAR LINEAR LINEAR LINEAR LINEAR LINEAR
LINEAR LINEAR LINEAR LINEAR LINEAR LINEAR LINEAR LINEAR LINEAR LINEAR LINEAR LINEAR
LINEAR LINEAR LINEAR LINEAR</Name_array>
        <technique_common>
          <accessor source="#mixamorig_Head-Interpolations-array" count="51">
            <param type="name"/>
          </accessor>
        </technique_common>
      </source>
      <sampler id="mixamorig_Head-Matrix-animation-transform">
        <input semantic="INPUT" source="#mixamorig_Head-Matrix-animation-input"/>
        <input semantic="OUTPUT" source="#mixamorig_Head-Matrix-animation-output-transform"/>
        <input semantic="INTERPOLATION" source="#mixamorig_Head-Interpolations"/>
      </sampler>
      <channel source="#mixamorig_Head-Matrix-animation-transform" target="mixamorig_Head/matrix"/>
    </animation>
    <animation id="mixamorig_LeftShoulder-anim" name="mixamorig_LeftShoulder">
      <source id="mixamorig_LeftShoulder-Matrix-animation-input">
        <float_array id="mixamorig_LeftShoulder-Matrix-animation-input-array" count="51">

0.000000 0.033333 0.066667 0.100000 0.133333 0.166667 0.200000 0.233333 0.266667 0.300000 0.333333 0.366667 0.400000 0.433333 0.466667 0.500000
0.533333 0.566667 0.600000 0.633333 0.666667 0.700000 0.733333 0.766667 0.800000 0.833333 0.866667 0.900000 0.933333 0.966667 1.000000 1.033333
1.066667 1.100000 1.133333 1.166667 1.200000 1.233333 1.266667 1.300000 1.333333 1.366667 1.400000 1.433333 1.466667 1.500000 1.533333 1.566667
1.600000 1.633333 1.666667</float_array>
        <technique_common>
          <accessor source="#mixamorig_LeftShoulder-Matrix-animation-input-array" count="51">
            <param name="TIME" type="float"/>
          </accessor>
        </technique_common>
      </source>
      <source id="mixamorig_LeftShoulder-Matrix-animation-output-transform">
        <float_array id="mixamorig_LeftShoulder-Matrix-animation-output-transform-array" count="816">

0.553426 0.832552 0.024024 6.105800 -0.046679 0.059802 -0.997118 9.106300 -0.831589 0.550710 0.071958 0.757100 0.000000 0.000000 0.000000 1.000000
0.551778 0.833712 -0.021567 6.105800 -0.064159 0.016651 -0.997801 9.106300 -0.831520 0.551948 0.062678 0.757100 0.000000 0.000000 0.000000 1.000000
0.551858 0.832545 -0.048178 6.105800 -0.075509 -0.007650 -0.997116 9.106300 -0.830513 0.553904 0.058643 0.757100 0.000000 0.000000 0.000000 1.000000
0.554507 0.830159 -0.057946 6.105800 -0.081834 -0.014899 -0.996535 9.106300 -0.828145 0.557328 0.059673 0.757100 0.000000 0.000000 0.000000 1.000000
0.558052 0.827748 -0.058411 6.105800 -0.085965 -0.012344 -0.996222 9.106300 -0.825341 0.560965 0.064269 0.757100 0.000000 0.000000 0.000000 1.000000
0.559294 0.826876 -0.058879 6.105800 -0.090823 -0.009476 -0.995822 9.106300 -0.823979 0.562304 0.069800 0.757100 0.000000 0.000000 0.000000 1.000000
0.557584 0.827651 -0.063991 6.105800 -0.096853 -0.011698 -0.995230 9.106300 -0.824451 0.561122 0.073638 0.757100 0.000000 0.000000 0.000000 1.000000
0.556287 0.827955 -0.070954 6.105800 -0.101672 -0.016930 -0.994674 9.106300 -0.824747 0.560539 0.074762 0.757100 0.000000 0.000000 0.000000 1.000000
0.558894 0.826243 -0.070427 6.105800 -0.102056 -0.015748 -0.994654 9.106300 -0.822935 0.563094 0.075522 0.757100 0.000000 0.000000 0.000000 1.000000
0.564732 0.823513 -0.053887 6.105800 -0.096633 0.001138 -0.995319 9.106300 -0.819597 0.567296 0.080221 0.757100 0.000000 0.000000 0.000000 1.000000
0.570074 0.821234 -0.024307 6.105800 -0.087996 0.031616 -0.995619 9.106300 -0.816868 0.569715 0.090289 0.757100 0.000000 0.000000 0.000000 1.000000
0.571987 0.820257 0.003086 6.105800 -0.081804 0.060786 -0.994793 9.106300 -0.816173 0.568757 0.101869 0.757100 0.000000 0.000000 0.000000 1.000000
0.569175 0.822086 0.014605 6.105800 -0.081682 0.074211 -0.993892 9.106300 -0.818149 0.564506 0.109389 0.757100 0.000000 0.000000 0.000000 1.000000
0.560509 0.828079 0.010774 6.105800 -0.085978 0.071126 -0.993755 9.106300 -0.823673 0.556082 0.111064 0.757100 0.000000 0.000000 0.000000 1.000000
0.545319 0.838226 0.001850 6.105800 -0.090883 0.061319 -0.993972 9.106300 -0.833287 0.541864 0.109619 0.757100 0.000000 0.000000 0.000000 1.000000
0.526935 0.849888 -0.005430 6.105800 -0.094666 0.052341 -0.994132 9.106300 -0.844617 0.524357 0.108036 0.757100 0.000000 0.000000 0.000000 1.000000
0.515420 0.856873 -0.010516 6.105800 -0.096366 0.045762 -0.994293 9.106300 -0.851502 0.513493 0.106160 0.757100 0.000000 0.000000 0.000000 1.000000
0.521778 0.853006 -0.011376 6.105800 -0.092579 0.043364 -0.994761 9.106300 -0.848043 0.520097 0.101597 0.757100 0.000000 0.000000 0.000000 1.000000
0.545707 0.837974 -0.001805 6.105800 -0.079345 0.049527 -0.995616 9.106300 -0.834211 0.543458 0.093516 0.757100 0.000000 0.000000 0.000000 1.000000
0.572862 0.819360 0.021876 6.105800 -0.057312 0.066666 -0.996128 9.106300 -0.817646 0.569390 0.085149 0.757100 0.000000 0.000000 0.000000 1.000000
0.588481 0.806545 0.056348 6.105800 -0.033171 0.093720 -0.995046 9.106300 -0.807830 0.583697 0.081907 0.757100 0.000000 0.000000 0.000000 1.000000
0.590956 0.801120 0.094752 6.105800 -0.014020 0.127638 -0.991722 9.106300 -0.806582 0.584736 0.086660 0.757100 0.000000 0.000000 0.000000 1.000000
0.589339 0.797586 0.128591 6.105800 -0.001976 0.160593 -0.987019 9.106300 -0.807883 0.581435 0.096220 0.757100 0.000000 0.000000 0.000000 1.000000
0.590137 0.793232 0.150071 6.105800 0.004860 0.182398 -0.983213 9.106300 -0.807289 0.580959 0.103785 0.757100 0.000000 0.000000 0.000000 1.000000
0.590231 0.790852 0.161806 6.105800 0.009540 0.193597 -0.981035 9.106300 -0.807178 0.580581 0.106722 0.757100 0.000000 0.000000 0.000000 1.000000
0.581454 0.794140 0.176784 6.105800 0.014535 0.207118 -0.978208 9.106300 -0.813449 0.571353 0.108887 0.757100 0.000000 0.000000 0.000000 1.000000
0.557769 0.804017 0.206033 6.105800 0.019466 0.235493 -0.971681 9.106300 -0.829768 0.545984 0.115700 0.757100 0.000000 0.000000 0.000000 1.000000
0.518385 0.818227 0.248559 6.105800 0.018968 0.279589 -0.959933 9.106300 -0.854937 0.502329 0.129415 0.757100 0.000000 0.000000 0.000000 1.000000
0.466466 0.835204 0.291280 6.105800 0.005441 0.326586 -0.945152 9.106300 -0.884523 0.442466 0.147797 0.757100 0.000000 0.000000 0.000000 1.000000
0.405938 0.854951 0.322913 6.105800 -0.023247 0.362880 -0.931546 9.106300 -0.913605 0.370643 0.167182 0.757100 0.000000 0.000000 0.000000 1.000000
0.341035 0.873649 0.347034 6.105800 -0.061509 0.389112 -0.919135 9.106300 -0.938036 0.292111 0.186438 0.757100 0.000000 0.000000 0.000000 1.000000
0.278118 0.884225 0.375229 6.105800 -0.102273 0.415680 -0.903743 9.106300 -0.955087 0.212971 0.206040 0.757100 0.000000 0.000000 0.000000 1.000000
0.224410 0.883449 0.411289 6.105800 -0.140932 0.447038 -0.883343 9.106300 -0.964250 0.140267 0.224826 0.757100 0.000000 0.000000 0.000000 1.000000
0.184749 0.874102 0.449236 6.105800 -0.173601 0.478942 -0.860510 9.106300 -0.967332 0.080990 0.240229 0.757100 0.000000 0.000000 0.000000 1.000000
0.160277 0.861177 0.482374 6.105800 -0.196982 0.506768 -0.839276 9.106300 -0.967217 0.039498 0.250860 0.757100 0.000000 0.000000 0.000000 1.000000
0.148503 0.849000 0.507096 6.105800 -0.210756 0.528172 -0.822567 9.106300 -0.966193 0.015280 0.257367 0.757100 0.000000 0.000000 0.000000 1.000000
0.143880 0.841962 0.519999 6.105800 -0.218185 0.539525 -0.813208 9.106300 -0.965243 0.003548 0.261330 0.757100 0.000000 0.000000 0.000000 1.000000
0.139925 0.845286 0.515668 6.105800 -0.223999 0.534313 -0.815067 9.106300 -0.964492 -0.001461 0.264107 0.757100 0.000000 0.000000 0.000000 1.000000
0.132745 0.861361 0.490342 6.105800 -0.231050 0.507983 -0.829801 9.106300 -0.963844 -0.003141 0.266449 0.757100 0.000000 0.000000 0.000000 1.000000
0.123278 0.885448 0.448089 6.105800 -0.238609 0.464734 -0.852694 9.106300 -0.963259 -0.001799 0.268567 0.757100 0.000000 0.000000 0.000000 1.000000
0.114658 0.910503 0.397288 6.105800 -0.244892 0.413490 -0.876957 9.106300 -0.962747 0.003258 0.270385 0.757100 0.000000 0.000000 0.000000 1.000000
0.108232 0.933342 0.342285 6.105800 -0.249724 0.358793 -0.899392 9.106300 -0.962249 0.011866 0.271911 0.757100 0.000000 0.000000 0.000000 1.000000
0.103384 0.953501 0.283105 6.105800 -0.254055 0.300503 -0.919322 9.106300 -0.961648 0.023119 0.273309 0.757100 0.000000 0.000000 0.000000 1.000000
0.098880 0.970824 0.218459 6.105800 -0.258792 0.237069 -0.936389 9.106300 -0.960859 0.036055 0.274682 0.757100 0.000000 0.000000 0.000000 1.000000
0.093675 0.984604 0.147583 6.105800 -0.264360 0.167512 -0.949765 9.106300 -0.959864 0.049954 0.275981 0.757100 0.000000 0.000000 0.000000 1.000000
0.088152 0.993327 0.074364 6.105800 -0.270473 0.095719 -0.957957 9.106300 -0.958683 0.064333 0.277106 0.757100 0.000000 0.000000 0.000000 1.000000
0.084449 0.996385 0.009278 6.105800 -0.276277 0.032360 -0.960533 9.106300 -0.957361 0.078553 0.278011 0.757100 0.000000 0.000000 0.000000 1.000000
0.084190 0.995732 -0.037805 6.105800 -0.281003 -0.012676 -0.959623 9.106300 -0.956007 0.091414 0.278737 0.757100 0.000000 0.000000 0.000000 1.000000
0.086506 0.994098 -0.065468 6.105800 -0.284328 -0.038346 -0.957960 9.106300 -0.954816 0.101483 0.279333 0.757100 0.000000 0.000000 0.000000 1.000000
0.088847 0.992800 -0.080337 6.105800 -0.286421 -0.051784 -0.956703 9.106300 -0.953975 0.108010 0.279758 0.757100 0.000000 0.000000 0.000000 1.000000
0.089238 0.991991 -0.089390 6.105800 -0.287616 -0.060259 -0.955848 9.106300 -0.953579 0.111008 0.279935 0.757100 0.000000 0.000000 0.000000 1.000000</float_array>
        <technique_common>
          <accessor source="#mixamorig_LeftShoulder-Matrix-animation-output-transform-array" count="51" stride="16">
            <param type="float4x4"/>
          </accessor>
        </technique_common>
      </source>
      <source id="mixamorig_LeftShoulder-Interpolations">
        <Name_array id="mixamorig_LeftShoulder-Interpolations-array" count="51">
 LINEAR LINEAR LINEAR LINEAR LINEAR LINEAR LINEAR LINEAR LINEAR LINEAR LINEAR
LINEAR LINEAR LINEAR LINEAR LINEAR LINEAR LINEAR LINEAR LINEAR LINEAR LINEAR LINEAR
LINEAR LINEAR LINEAR LINEAR LINEAR LINEAR LINEAR LINEAR LINEAR LINEAR LINEAR LINEAR
LINEAR LINEAR LINEAR LINEAR LINEAR LINEAR LINEAR LINEAR LINEAR LINEAR LINEAR LINEAR
LINEAR LINEAR LINEAR LINEAR</Name_array>
        <technique_common>
          <accessor source="#mixamorig_LeftShoulder-Interpolations-array" count="51">
            <param type="name"/>
          </accessor>
        </technique_common>
      </source>
      <sampler id="mixamorig_LeftShoulder-Matrix-animation-transform">
        <input semantic="INPUT" source="#mixamorig_LeftShoulder-Matrix-animation-input"/>
        <input semantic="OUTPUT" source="#mixamorig_LeftShoulder-Matrix-animation-output-transform"/>
        <input semantic="INTERPOLATION" source="#mixamorig_LeftShoulder-Interpolations"/>
      </sampler>
      <channel source="#mixamorig_LeftShoulder-Matrix-animation-transform" target="mixamorig_LeftShoulder/matrix"/>
    </animation>
    <animation id="mixamorig_LeftArm-anim" name="mixamorig_LeftArm">
      <source id="mixamorig_LeftArm-Matrix-animation-input">
        <float_array id="mixamorig_LeftArm-Matrix-animation-input-array" count="51">

0.000000 0.033333 0.066667 0.100000 0.133333 0.166667 0.200000 0.233333 0.266667 0.300000 0.333333 0.366667 0.400000 0.433333 0.466667 0.500000
0.533333 0.566667 0.600000 0.633333 0.666667 0.700000 0.733333 0.766667 0.800000 0.833333 0.866667 0.900000 0.933333 0.966667 1.000000 1.033333
1.066667 1.100000 1.133333 1.166667 1.200000 1.233333 1.266667 1.300000 1.333333 1.366667 1.400000 1.433333 1.466667 1.500000 1.533333 1.566667
1.600000 1.633333 1.666667</float_array>
        <technique_common>
          <accessor source="#mixamorig_LeftArm-Matrix-animation-input-array" count="51">
            <param name="TIME" type="float"/>
          </accessor>
        </technique_common>
      </source>
      <source id="mixamorig_LeftArm-Matrix-animation-output-transform">
        <float_array id="mixamorig_LeftArm-Matrix-animation-output-transform-array" count="816">

0.092712 -0.994521 -0.048293 -0.000000 0.839853 0.104162 -0.532727 12.922300 0.534838 0.008831 0.844908 0.000000 0.000000 0.000000 0.000000 1.000000
0.105351 -0.993174 -0.050071 -0.000000 0.858211 0.116241 -0.499961 12.922300 0.502369 0.009700 0.864599 0.000000 0.000000 0.000000 0.000000 1.000000
0.125768 -0.990737 -0.051218 -0.000000 0.855380 0.134446 -0.500250 12.922300 0.502502 0.019104 0.864365 0.000000 0.000000 0.000000 0.000000 1.000000
0.149579 -0.987285 -0.053799 0.000000 0.832092 0.155084 -0.532514 12.922300 0.534086 0.034888 0.844710 0.000000 0.000000 0.000000 0.000000 1.000000
0.171806 -0.983199 -0.061665 0.000000 0.795693 0.175402 -0.579747 12.922300 0.580823 0.050537 0.812459 0.000000 0.000000 0.000000 0.000000 1.000000
0.190516 -0.978651 -0.077103 0.000000 0.760559 0.196806 -0.618723 12.922300 0.620689 0.059235 0.781816 0.000000 0.000000 0.000000 0.000000 1.000000
0.208173 -0.973101 -0.098680 -0.000000 0.735233 0.222223 -0.640352 12.922300 0.645056 0.060751 0.761717 -0.000000 0.000000 0.000000 0.000000 1.000000
0.225908 -0.966670 -0.120477 -0.000000 0.712796 0.248328 -0.655939 12.922300 0.663994 0.062306 0.745137 -0.000000 0.000000 0.000000 0.000000 1.000000
0.237979 -0.961841 -0.135009 0.000000 0.678160 0.264058 -0.685837 12.922300 0.695316 0.071657 0.715123 -0.000000 0.000000 0.000000 0.000000 1.000000
0.238408 -0.961201 -0.138763 -0.000000 0.623828 0.261077 -0.736667 12.922300 0.744312 0.089063 0.661866 0.000000 0.000000 0.000000 0.000000 1.000000
0.230275 -0.963651 -0.135462 0.000000 0.560777 0.245173 -0.790835 12.922300 0.795300 0.106146 0.596850 0.000000 0.000000 0.000000 0.000000 1.000000
0.222230 -0.965619 -0.134883 0.000000 0.513993 0.233585 -0.825378 12.922300 0.828508 0.114095 0.548231 0.000000 0.000000 0.000000 0.000000 1.000000
0.221422 -0.964396 -0.144613 0.000000 0.498260 0.239359 -0.833333 12.922300 0.838277 0.112463 0.533519 0.000000 0.000000 0.000000 0.000000 1.000000
0.231587 -0.959092 -0.162819 0.000000 0.504562 0.261519 -0.822816 12.922300 0.831736 0.108401 0.544485 0.000000 0.000000 0.000000 0.000000 1.000000
0.251797 -0.950434 -0.182407 0.000000 0.520301 0.291869 -0.802558 12.922300 0.816018 0.107175 0.568004 -0.000000 0.000000 0.000000 0.000000 1.000000
0.279397 -0.939238 -0.199421 0.000000 0.550347 0.326841 -0.768305 12.922300 0.786800 0.104911 0.608226 0.000000 0.000000 0.000000 0.000000 1.000000
0.314627 -0.924749 -0.214123 0.000000 0.602366 0.368852 -0.707887 12.922300 0.733598 0.093739 0.673088 0.000000 0.000000 0.000000 0.000000 1.000000
0.357182 -0.905549 -0.228916 0.000000 0.659717 0.418082 -0.624485 12.922300 0.661207 0.072035 0.746737 0.000000 0.000000 0.000000 0.000000 1.000000
0.399121 -0.882250 -0.249674 0.000000 0.692112 0.468494 -0.549085 12.922300 0.601401 0.046349 0.797602 -0.000000 0.000000 0.000000 0.000000 1.000000
0.429650 -0.857164 -0.284025 -0.000000 0.688138 0.514465 -0.511656 12.922300 0.584694 0.024385 0.810887 0.000000 0.000000 0.000000 0.000000 1.000000
0.450255 -0.829668 -0.330032 0.000000 0.658855 0.558174 -0.504334 12.922300 0.602645 0.009635 0.797951 0.000000 0.000000 0.000000 0.000000 1.000000
0.476361 -0.794966 -0.375646 0.000000 0.623787 0.606654 -0.492809 12.922300 0.619653 0.000433 0.784876 0.000000 0.000000 0.000000 0.000000 1.000000
0.515667 -0.749348 -0.415409 0.000000 0.596534 0.662032 -0.453719 12.922300 0.615008 -0.013837 0.788400 0.000000 0.000000 0.000000 0.000000 1.000000
0.551079 -0.694334 -0.462830 0.000000 0.575967 0.717840 -0.391110 12.922300 0.603799 -0.051042 0.795501 0.000000 0.000000 0.000000 0.000000 1.000000
0.551547 -0.635295 -0.540552 0.000000 0.557622 0.762764 -0.327490 12.922300 0.620366 -0.120798 0.774955 0.000000 0.000000 0.000000 0.000000 1.000000
0.497241 -0.583138 -0.642418 0.000000 0.549296 0.784737 -0.287162 12.922300 0.671584 -0.210089 0.710519 0.000000 0.000000 0.000000 0.000000 1.000000
0.405015 -0.556688 -0.725301 0.000000 0.558962 0.778526 -0.285409 12.922300 0.723549 -0.289821 0.626482 -0.000000 0.000000 0.000000 0.000000 1.000000
0.321651 -0.571112 -0.755229 -0.000000 0.581994 0.748404 -0.318080 12.922300 0.746876 -0.337228 0.573109 0.000000 0.000000 0.000000 0.000000 1.000000
0.272741 -0.620453 -0.735290 0.000000 0.617091 0.699162 -0.361070 12.922300 0.738113 -0.355262 0.573566 -0.000000 0.000000 0.000000 0.000000 1.000000
0.246460 -0.678126 -0.692389 0.000000 0.661566 0.639801 -0.391133 12.922300 0.708229 -0.361662 0.606310 0.000000 0.000000 0.000000 0.000000 1.000000
0.229283 -0.719136 -0.655952 -0.000000 0.697479 0.591445 -0.404617 12.922300 0.678934 -0.364741 0.637191 -0.000000 0.000000 0.000000 0.000000 1.000000
0.225932 -0.738108 -0.635729 0.000000 0.708134 0.572592 -0.413140 12.922300 0.668955 -0.356840 0.652046 0.000000 0.000000 0.000000 0.000000 1.000000
0.243243 -0.744259 -0.622022 0.000000 0.693370 0.581861 -0.425061 12.922300 0.678286 -0.327898 0.657580 0.000000 0.000000 0.000000 0.000000 1.000000
0.280939 -0.746815 -0.602777 0.000000 0.661991 0.605535 -0.441696 12.922300 0.694868 -0.274943 0.664503 0.000000 0.000000 0.000000 0.000000 1.000000
0.331150 -0.748768 -0.574183 0.000000 0.623155 0.630480 -0.462788 12.922300 0.708532 -0.204552 0.675382 0.000000 0.000000 0.000000 0.000000 1.000000
0.385607 -0.752921 -0.533309 0.000000 0.584487 0.646576 -0.490219 12.922300 0.713920 -0.122680 0.689396 0.000000 0.000000 0.000000 0.000000 1.000000
0.427554 -0.766764 -0.478822 -0.000000 0.561417 0.640370 -0.524154 12.922300 0.708526 -0.044714 0.704267 0.000000 0.000000 0.000000 0.000000 1.000000
0.440746 -0.800870 -0.405401 0.000000 0.571204 0.598626 -0.561581 12.922300 0.692437 0.015948 0.721302 0.000000 0.000000 0.000000 0.000000 1.000000
0.416251 -0.854512 -0.310715 0.000000 0.613347 0.516153 -0.597823 12.922300 0.671223 0.058269 0.738962 0.000000 0.000000 0.000000 0.000000 1.000000
0.362931 -0.910050 -0.200223 0.000000 0.660233 0.402776 -0.633928 12.922300 0.657551 0.097878 0.747025 -0.000000 0.000000 0.000000 0.000000 1.000000
0.309647 -0.947219 -0.083033 -0.000000 0.680416 0.281731 -0.676507 12.922300 0.664193 0.152981 0.731740 0.000000 0.000000 0.000000 0.000000 1.000000
0.289303 -0.956813 0.028492 0.000000 0.662539 0.178665 -0.727407 12.922300 0.690902 0.229318 0.685615 0.000000 0.000000 0.000000 0.000000 1.000000
0.324477 -0.938832 0.115364 0.000000 0.615074 0.116761 -0.779777 12.922300 0.718609 0.323976 0.615337 -0.000000 0.000000 0.000000 0.000000 1.000000
0.420708 -0.893527 0.156890 0.000000 0.555477 0.116988 -0.823262 12.922300 0.717252 0.433501 0.545551 -0.000000 0.000000 0.000000 0.000000 1.000000
0.560914 -0.814748 0.146841 0.000000 0.492387 0.185730 -0.850329 12.922300 0.665531 0.549264 0.505349 0.000000 0.000000 0.000000 0.000000 1.000000
0.709631 -0.696839 0.104107 0.000000 0.416624 0.295851 -0.859591 12.922300 0.568197 0.653366 0.500265 0.000000 0.000000 0.000000 0.000000 1.000000
0.830483 -0.554321 0.055015 -0.000000 0.322756 0.398342 -0.858575 12.922300 0.454011 0.730788 0.509727 0.000000 0.000000 0.000000 0.000000 1.000000
0.906786 -0.421378 0.013392 0.000000 0.227463 0.462252 -0.857079 12.922300 0.354963 0.780234 0.515011 0.000000 0.000000 0.000000 0.000000 1.000000
0.945008 -0.326665 -0.015800 0.000000 0.154630 0.488854 -0.858552 12.922300 0.288183 0.808895 0.512483 0.000000 0.000000 0.000000 0.000000 1.000000
0.960158 -0.277767 -0.030705 0.000000 0.115525 0.494561 -0.861431 12.922300 0.254463 0.823562 0.506946 0.000000 0.000000 0.000000 0.000000 1.000000
0.962717 -0.268594 -0.032151 0.000000 0.108437 0.492066 -0.863778 12.922300 0.247826 0.828087 0.502846 0.000000 0.000000 0.000000 0.000000 1.000000</float_array>
        <technique_common>
          <accessor source="#mixamorig_LeftArm-Matrix-animation-output-transform-array" count="51" stride="16">
            <param type="float4x4"/>
          </accessor>
        </technique_common>
      </source>
      <source id="mixamorig_LeftArm-Interpolations">
        <Name_array id="mixamorig_LeftArm-Interpolations-array" count="51">
 LINEAR LINEAR LINEAR LINEAR LINEAR LINEAR LINEAR LINEAR LINEAR LINEAR LINEAR
LINEAR LINEAR LINEAR LINEAR LINEAR LINEAR LINEAR LINEAR LINEAR LINEAR LINEAR LINEAR
LINEAR LINEAR LINEAR LINEAR LINEAR LINEAR LINEAR LINEAR LINEAR LINEAR LINEAR LINEAR
LINEAR LINEAR LINEAR LINEAR LINEAR LINEAR LINEAR LINEAR LINEAR LINEAR LINEAR LINEAR
LINEAR LINEAR LINEAR LINEAR</Name_array>
        <technique_common>
          <accessor source="#mixamorig_LeftArm-Interpolations-array" count="51">
            <param type="name"/>
          </accessor>
        </technique_common>
      </source>
      <sampler id="mixamorig_LeftArm-Matrix-animation-transform">
        <input semantic="INPUT" source="#mixamorig_LeftArm-Matrix-animation-input"/>
        <input semantic="OUTPUT" source="#mixamorig_LeftArm-Matrix-animation-output-transform"/>
        <input semantic="INTERPOLATION" source="#mixamorig_LeftArm-Interpolations"/>
      </sampler>
      <channel source="#mixamorig_LeftArm-Matrix-animation-transform" target="mixamorig_LeftArm/matrix"/>
    </animation>
    <animation id="mixamorig_LeftForeArm-anim" name="mixamorig_LeftForeArm">
      <source id="mixamorig_LeftForeArm-Matrix-animation-input">
        <float_array id="mixamorig_LeftForeArm-Matrix-animation-input-array" count="51">

0.000000 0.033333 0.066667 0.100000 0.133333 0.166667 0.200000 0.233333 0.266667 0.300000 0.333333 0.366667 0.400000 0.433333 0.466667 0.500000
0.533333 0.566667 0.600000 0.633333 0.666667 0.700000 0.733333 0.766667 0.800000 0.833333 0.866667 0.900000 0.933333 0.966667 1.000000 1.033333
1.066667 1.100000 1.133333 1.166667 1.200000 1.233333 1.266667 1.300000 1.333333 1.366667 1.400000 1.433333 1.466667 1.500000 1.533333 1.566667
1.600000 1.633333 1.666667</float_array>
        <technique_common>
          <accessor source="#mixamorig_LeftForeArm-Matrix-animation-input-array" count="51">
            <param name="TIME" type="float"/>
          </accessor>
        </technique_common>
      </source>
      <source id="mixamorig_LeftForeArm-Matrix-animation-output-transform">
        <float_array id="mixamorig_LeftForeArm-Matrix-animation-output-transform-array" count="816">

0.550678 -0.834718 -0.000000 -0.000000 0.834718 0.550678 -0.000000 27.404699 0.000000 -0.000000 1.000000 -0.000000 0.000000 0.000000 0.000000 1.000000
0.579550 -0.814937 -0.000000 -0.000000 0.814937 0.579550 -0.000000 27.404699 0.000000 0.000000 1.000000 0.000000 0.000000 0.000000 0.000000 1.000000
0.604449 -0.796644 0.000000 -0.000000 0.796644 0.604449 0.000000 27.404699 -0.000000 -0.000000 1.000000 0.000000 0.000000 0.000000 0.000000 1.000000
0.624945 -0.780669 0.000000 0.000000 0.780669 0.624945 -0.000000 27.404699 0.000000 0.000000 1.000000 0.000000 0.000000 0.000000 0.000000 1.000000
0.639088 -0.769133 -0.000000 -0.000000 0.769133 0.639088 0.000000 27.404699 0.000000 -0.000000 1.000000 0.000000 0.000000 0.000000 0.000000 1.000000
0.644244 -0.764820 0.000000 0.000000 0.764820 0.644244 -0.000000 27.404699 0.000000 0.000000 1.000000 0.000000 0.000000 0.000000 0.000000 1.000000
0.640187 -0.768219 0.000000 -0.000000 0.768219 0.640187 -0.000000 27.404699 0.000000 0.000000 1.000000 0.000000 0.000000 0.000000 0.000000 1.000000
0.630605 -0.776104 0.000000 0.000000 0.776104 0.630605 -0.000000 27.404699 -0.000000 0.000000 1.000000 0.000000 0.000000 0.000000 0.000000 1.000000
0.620926 -0.783869 -0.000000 0.000000 0.783869 0.620926 0.000000 27.404699 0.000000 -0.000000 1.000000 -0.000000 0.000000 0.000000 0.000000 1.000000
0.614660 -0.788793 0.000000 -0.000000 0.788793 0.614660 -0.000000 27.404699 0.000000 0.000000 1.000000 0.000000 0.000000 0.000000 0.000000 1.000000
0.612761 -0.790268 -0.000000 0.000000 0.790268 0.612761 -0.000000 27.404699 0.000000 -0.000000 1.000000 0.000000 0.000000 0.000000 0.000000 1.000000
0.614944 -0.788571 0.000000 0.000000 0.788571 0.614944 -0.000000 27.404699 -0.000000 0.000000 1.000000 0.000000 0.000000 0.000000 0.000000 1.000000
0.619964 -0.784630 -0.000000 -0.000000 0.784630 0.619964 0.000000 27.404699 -0.000000 -0.000000 1.000000 0.000000 0.000000 0.000000 0.000000 1.000000
0.625457 -0.780259 0.000000 -0.000000 0.780259 0.625457 -0.000000 27.404699 0.000000 0.000000 1.000000 0.000000 0.000000 0.000000 0.000000 1.000000
0.630139 -0.776482 -0.000000 -0.000000 0.776482 0.630139 0.000000 27.404699 -0.000000 -0.000000 1.000000 -0.000000 0.000000 0.000000 0.000000 1.000000
0.636641 -0.771160 0.000000 -0.000000 0.771160 0.636641 0.000000 27.404699 -0.000000 -0.000000 1.000000 0.000000 0.000000 0.000000 0.000000 1.000000
0.649028 -0.760764 0.000000 0.000000 0.760764 0.649028 -0.000000 27.404699 0.000000 0.000000 1.000000 0.000000 0.000000 0.000000 0.000000 1.000000
0.667546 -0.744569 0.000000 0.000000 0.744569 0.667546 -0.000000 27.404699 -0.000000 0.000000 1.000000 0.000000 0.000000 0.000000 0.000000 1.000000
0.686527 -0.727104 0.000000 -0.000000 0.727104 0.686527 -0.000000 27.404699 0.000000 0.000000 1.000000 0.000000 0.000000 0.000000 0.000000 1.000000
0.696840 -0.717226 0.000000 -0.000000 0.717226 0.696840 -0.000000 27.404699 0.000000 0.000000 1.000000 -0.000000 0.000000 0.000000 0.000000 1.000000
0.690582 -0.723254 0.000000 0.000000 0.723254 0.690582 0.000000 27.404699 -0.000000 -0.000000 1.000000 0.000000 0.000000 0.000000 0.000000 1.000000
0.666587 -0.745427 -0.000000 -0.000000 0.745427 0.666587 -0.000000 27.404699 0.000000 0.000000 1.000000 0.000000 0.000000 0.000000 0.000000 1.000000
0.633360 -0.773857 -0.000000 0.000000 0.773857 0.633360 0.000000 27.404699 0.000000 -0.000000 1.000000 -0.000000 0.000000 0.000000 0.000000 1.000000
0.603024 -0.797723 0.000000 0.000000 0.797723 0.603024 -0.000000 27.404699 -0.000000 0.000000 1.000000 -0.000000 0.000000 0.000000 0.000000 1.000000
0.583332 -0.812234 0.000000 0.000000 0.812234 0.583332 0.000000 27.404699 -0.000000 -0.000000 1.000000 0.000000 0.000000 0.000000 0.000000 1.000000
0.581514 -0.813536 0.000000 -0.000000 0.813536 0.581514 -0.000000 27.404699 0.000000 0.000000 1.000000 0.000000 0.000000 0.000000 0.000000 1.000000
0.606038 -0.795436 0.000000 0.000000 0.795436 0.606038 0.000000 27.404699 -0.000000 -0.000000 1.000000 0.000000 0.000000 0.000000 0.000000 1.000000
0.655007 -0.755623 -0.000000 0.000000 0.755623 0.655007 0.000001 27.404699 -0.000000 -0.000000 1.000000 0.000000 0.000000 0.000000 0.000000 1.000000
0.710238 -0.703962 0.000000 -0.000000 0.703962 0.710238 -0.000000 27.404699 0.000000 0.000000 1.000000 0.000000 0.000000 0.000000 0.000000 1.000000
0.746511 -0.665373 0.000000 -0.000000 0.665373 0.746511 -0.000000 27.404699 0.000000 0.000000 1.000000 -0.000000 0.000000 0.000000 0.000000 1.000000
0.745784 -0.666187 0.000000 0.000000 0.666187 0.745784 0.000000 27.404699 -0.000000 -0.000000 1.000000 0.000000 0.000000 0.000000 0.000000 1.000000
0.705122 -0.709086 -0.000000 -0.000000 0.709086 0.705122 0.000000 27.404699 0.000000 -0.000000 1.000000 0.000000 0.000000 0.000000 0.000000 1.000000
0.639984 -0.768388 0.000000 -0.000000 0.768388 0.639984 -0.000000 27.404699 0.000000 0.000000 1.000000 0.000000 0.000000 0.000000 0.000000 1.000000
0.573978 -0.818870 0.000000 0.000000 0.818870 0.573978 0.000000 27.404699 -0.000000 0.000000 1.000000 0.000000 0.000000 0.000000 0.000000 1.000000
0.519556 -0.854436 0.000000 0.000000 0.854436 0.519556 -0.000000 27.404699 -0.000000 0.000000 1.000000 0.000000 0.000000 0.000000 0.000000 1.000000
0.486008 -0.873954 -0.000000 -0.000000 0.873954 0.486008 0.000000 27.404699 0.000000 -0.000000 1.000000 0.000000 0.000000 0.000000 0.000000 1.000000
0.478713 -0.877972 0.000000 -0.000000 0.877972 0.478713 0.000000 27.404699 -0.000000 0.000000 1.000000 0.000000 0.000000 0.000000 0.000000 1.000000
0.505060 -0.863084 -0.000000 0.000000 0.863084 0.505060 0.000000 27.404699 -0.000000 -0.000000 1.000000 -0.000000 0.000000 0.000000 0.000000 1.000000
0.563011 -0.826449 -0.000000 0.000000 0.826449 0.563011 -0.000000 27.404699 0.000000 -0.000000 1.000000 0.000000 0.000000 0.000000 0.000000 1.000000
0.639540 -0.768757 0.000000 -0.000000 0.768757 0.639540 0.000000 27.404699 -0.000000 0.000000 1.000000 0.000000 0.000000 0.000000 0.000000 1.000000
0.720089 -0.693882 -0.000000 0.000000 0.693882 0.720089 0.000000 27.404699 -0.000000 -0.000000 1.000000 0.000000 0.000000 0.000000 0.000000 1.000000
0.793320 -0.608804 -0.000000 0.000000 0.608804 0.793320 0.000000 27.404699 0.000000 -0.000000 1.000000 -0.000000 0.000000 0.000000 0.000000 1.000000
0.846557 -0.532298 -0.000000 -0.000000 0.532298 0.846557 -0.000000 27.404699 0.000000 0.000000 1.000000 0.000000 0.000000 0.000000 0.000000 1.000000
0.867018 -0.498276 -0.000000 0.000000 0.498276 0.867018 -0.000000 27.404699 0.000000 0.000000 1.000000 -0.000000 0.000000 0.000000 0.000000 1.000000
0.847549 -0.530717 -0.000000 0.000000 0.530717 0.847549 -0.000000 27.404699 0.000000 0.000000 1.000000 -0.000000 0.000000 0.000000 0.000000 1.000000
0.789864 -0.613283 -0.000000 0.000000 0.613283 0.789864 0.000000 27.404699 0.000000 -0.000000 1.000000 0.000000 0.000000 0.000000 0.000000 1.000000
0.712428 -0.701745 0.000000 -0.000000 0.701745 0.712428 -0.000000 27.404699 0.000000 0.000000 1.000000 -0.000000 0.000000 0.000000 0.000000 1.000000
0.645092 -0.764105 0.000000 0.000000 0.764105 0.645092 -0.000000 27.404699 -0.000000 0.000000 1.000000 0.000000 0.000000 0.000000 0.000000 1.000000
0.608895 -0.793251 -0.000000 0.000000 0.793251 0.608895 0.000000 27.404699 0.000000 -0.000000 1.000000 -0.000000 0.000000 0.000000 0.000000 1.000000
0.608658 -0.793433 0.000000 0.000000 0.793433 0.608658 0.000000 27.404699 -0.000000 0.000000 1.000000 0.000000 0.000000 0.000000 0.000000 1.000000
0.640517 -0.767944 0.000000 -0.000000 0.767944 0.640517 0.000000 27.404699 -0.000000 -0.000000 1.000000 0.000000 0.000000 0.000000 0.000000 1.000000</float_array>
        <technique_common>
          <accessor source="#mixamorig_LeftForeArm-Matrix-animation-output-transform-array" count="51" stride="16">
            <param type="float4x4"/>
          </accessor>
        </technique_common>
      </source>
      <source id="mixamorig_LeftForeArm-Interpolations">
        <Name_array id="mixamorig_LeftForeArm-Interpolations-array" count="51">
 LINEAR LINEAR LINEAR LINEAR LINEAR LINEAR LINEAR LINEAR LINEAR LINEAR LINEAR
LINEAR LINEAR LINEAR LINEAR LINEAR LINEAR LINEAR LINEAR LINEAR LINEAR LINEAR LINEAR
LINEAR LINEAR LINEAR LINEAR LINEAR LINEAR LINEAR LINEAR LINEAR LINEAR LINEAR LINEAR
LINEAR LINEAR LINEAR LINEAR LINEAR LINEAR LINEAR LINEAR LINEAR LINEAR LINEAR LINEAR
LINEAR LINEAR LINEAR LINEAR</Name_array>
        <technique_common>
          <accessor source="#mixamorig_LeftForeArm-Interpolations-array" count="51">
            <param type="name"/>
          </accessor>
        </technique_common>
      </source>
      <sampler id="mixamorig_LeftForeArm-Matrix-animation-transform">
        <input semantic="INPUT" source="#mixamorig_LeftForeArm-Matrix-animation-input"/>
        <input semantic="OUTPUT" source="#mixamorig_LeftForeArm-Matrix-animation-output-transform"/>
        <input semantic="INTERPOLATION" source="#mixamorig_LeftForeArm-Interpolations"/>
      </sampler>
      <channel source="#mixamorig_LeftForeArm-Matrix-animation-transform" target="mixamorig_LeftForeArm/matrix"/>
    </animation>
    <animation id="mixamorig_LeftHand-anim" name="mixamorig_LeftHand">
      <source id="mixamorig_LeftHand-Matrix-animation-input">
        <float_array id="mixamorig_LeftHand-Matrix-animation-input-array" count="51">

0.000000 0.033333 0.066667 0.100000 0.133333 0.166667 0.200000 0.233333 0.266667 0.300000 0.333333 0.366667 0.400000 0.433333 0.466667 0.500000
0.533333 0.566667 0.600000 0.633333 0.666667 0.700000 0.733333 0.766667 0.800000 0.833333 0.866667 0.900000 0.933333 0.966667 1.000000 1.033333
1.066667 1.100000 1.133333 1.166667 1.200000 1.233333 1.266667 1.300000 1.333333 1.366667 1.400000 1.433333 1.466667 1.500000 1.533333 1.566667
1.600000 1.633333 1.666667</float_array>
        <technique_common>
          <accessor source="#mixamorig_LeftHand-Matrix-animation-input-array" count="51">
            <param name="TIME" type="float"/>
          </accessor>
        </technique_common>
      </source>
      <source id="mixamorig_LeftHand-Matrix-animation-output-transform">
        <float_array id="mixamorig_LeftHand-Matrix-animation-output-transform-array" count="816">

0.780658 -0.141106 0.608820 0.000000 -0.401749 0.632911 0.661832 27.614500 -0.478717 -0.761257 0.437398 0.000000 0.000000 0.000000 0.000000 1.000000
0.790079 -0.134620 0.598041 0.000000 -0.394388 0.635241 0.664024 27.614500 -0.469291 -0.760491 0.448798 0.000000 0.000000 0.000000 0.000000 1.000000
0.790335 -0.139333 0.596621 0.000000 -0.388537 0.638955 0.663909 27.614500 -0.473719 -0.756520 0.450852 0.000000 0.000000 0.000000 0.000000 1.000000
0.781483 -0.155417 0.604259 0.000000 -0.384237 0.643157 0.662352 27.614500 -0.491574 -0.749796 0.442900 -0.000000 0.000000 0.000000 0.000000 1.000000
0.768229 -0.173310 0.616269 0.000000 -0.384293 0.645067 0.660460 27.614500 -0.511999 -0.744212 0.428957 0.000000 0.000000 0.000000 0.000000 1.000000
0.758624 -0.178894 0.626487 -0.000000 -0.393478 0.640604 0.659395 27.614500 -0.519292 -0.746742 0.415587 -0.000000 0.000000 0.000000 0.000000 1.000000
0.755466 -0.166758 0.633611 0.000000 -0.412833 0.629788 0.657979 27.614500 -0.508764 -0.758656 0.406939 0.000000 0.000000 0.000000 0.000000 1.000000
0.751263 -0.149629 0.642818 0.000000 -0.436764 0.617484 0.654179 27.614500 -0.494814 -0.772220 0.398541 0.000000 0.000000 0.000000 0.000000 1.000000
0.735446 -0.148704 0.661064 0.000000 -0.457395 0.610843 0.646267 27.614500 -0.499909 -0.777662 0.381226 0.000000 0.000000 0.000000 0.000000 1.000000
0.705369 -0.174472 0.687033 0.000000 -0.470677 0.609436 0.638005 27.614500 -0.530016 -0.773400 0.347758 0.000000 0.000000 0.000000 0.000000 1.000000
0.671478 -0.214859 0.709191 -0.000000 -0.479022 0.604339 0.636641 27.614500 -0.565380 -0.767209 0.302879 0.000000 0.000000 0.000000 0.000000 1.000000
0.650990 -0.248563 0.717237 -0.000000 -0.488555 0.585963 0.646499 27.614500 -0.580970 -0.771274 0.260020 0.000000 0.000000 0.000000 0.000000 1.000000
0.651881 -0.265844 0.710196 0.000000 -0.501492 0.551370 0.666706 27.614500 -0.568821 -0.790770 0.226109 0.000000 0.000000 0.000000 0.000000 1.000000
0.667271 -0.272998 0.692980 0.000000 -0.514770 0.503389 0.693982 27.614500 -0.538295 -0.819799 0.195366 0.000000 0.000000 0.000000 0.000000 1.000000
0.687836 -0.279190 0.670026 0.000000 -0.526698 0.443197 0.725372 27.614500 -0.499471 -0.851839 0.157798 -0.000000 0.000000 0.000000 0.000000 1.000000
0.712293 -0.278776 0.644145 0.000000 -0.538992 0.370596 0.756403 27.614500 -0.449585 -0.885970 0.113715 -0.000000 0.000000 0.000000 0.000000 1.000000
0.741309 -0.263733 0.617176 0.000000 -0.551182 0.285475 0.784030 27.614500 -0.382962 -0.921384 0.066260 0.000000 0.000000 0.000000 0.000000 1.000000
0.767519 -0.246066 0.591917 0.000000 -0.558234 0.197329 0.805876 27.614500 -0.315101 -0.948954 0.014091 0.000000 0.000000 0.000000 0.000000 1.000000
0.778691 -0.258275 0.571782 0.000000 -0.559514 0.126478 0.819114 27.614500 -0.283874 -0.957756 -0.046022 0.000000 0.000000 0.000000 0.000000 1.000000
0.766113 -0.320095 0.557324 -0.000000 -0.561489 0.088604 0.822727 27.614500 -0.312732 -0.943233 -0.111849 0.000000 0.000000 0.000000 0.000000 1.000000
0.730768 -0.408165 0.547155 0.000000 -0.566192 0.085325 0.819845 27.614500 -0.381319 -0.908912 -0.168747 -0.000000 0.000000 0.000000 0.000000 1.000000
0.688478 -0.481383 0.542465 -0.000000 -0.569608 0.104092 0.815298 27.614500 -0.448937 -0.870308 -0.202535 -0.000000 0.000000 0.000000 0.000000 1.000000
0.653094 -0.524451 0.546278 -0.000000 -0.567276 0.139061 0.811702 27.614500 -0.501664 -0.840008 -0.206689 0.000000 0.000000 0.000000 0.000000 1.000000
0.613550 -0.565018 0.551643 -0.000000 -0.552624 0.191776 0.811067 27.614500 -0.564059 -0.802481 -0.194578 0.000000 0.000000 0.000000 0.000000 1.000000
0.545121 -0.630116 0.552989 0.000000 -0.512060 0.272024 0.814738 27.614500 -0.663806 -0.727294 -0.174372 0.000000 0.000000 0.000000 0.000000 1.000000
0.445410 -0.714190 0.539946 0.000000 -0.433740 0.355455 0.827962 27.614500 -0.783249 -0.602979 -0.151450 -0.000000 0.000000 0.000000 0.000000 1.000000
0.352005 -0.779825 0.517653 -0.000000 -0.336205 0.410798 0.847473 27.614500 -0.873532 -0.472353 -0.117578 0.000000 0.000000 0.000000 0.000000 1.000000
0.306710 -0.815360 0.491037 0.000000 -0.259289 0.424814 0.867354 27.614500 -0.915805 -0.393346 -0.081119 0.000000 0.000000 0.000000 0.000000 1.000000
0.317089 -0.818764 0.478623 -0.000000 -0.216685 0.428772 0.877041 27.614500 -0.923310 -0.381811 -0.041455 0.000000 0.000000 0.000000 0.000000 1.000000
0.359503 -0.791883 0.493638 0.000000 -0.198580 0.451965 0.869652 27.614500 -0.911769 -0.410669 0.005230 -0.000000 0.000000 0.000000 0.000000 1.000000
0.402264 -0.732230 0.549567 0.000000 -0.197723 0.516627 0.833068 27.614500 -0.893918 -0.443775 0.063042 -0.000000 0.000000 0.000000 0.000000 1.000000
0.425677 -0.632390 0.647211 0.000000 -0.207038 0.628209 0.749993 27.614500 -0.880872 -0.453252 0.136485 0.000000 0.000000 0.000000 0.000000 1.000000
0.429424 -0.484742 0.761985 0.000000 -0.209911 0.767058 0.606267 27.614500 -0.878369 -0.420295 0.227641 0.000000 0.000000 0.000000 0.000000 1.000000
0.428397 -0.292745 0.854854 -0.000000 -0.193737 0.894304 0.403343 27.614500 -0.882577 -0.338408 0.326402 -0.000000 0.000000 0.000000 0.000000 1.000000
0.454968 -0.071827 0.887606 0.000000 -0.167357 0.972085 0.164447 27.614500 -0.874640 -0.223365 0.430247 -0.000000 0.000000 0.000000 0.000000 1.000000
0.445328 0.104194 0.889285 0.000000 -0.151980 0.987590 -0.039605 27.614500 -0.882375 -0.117516 0.455636 0.000000 0.000000 0.000000 0.000000 1.000000
0.411034 0.210294 0.887033 0.000000 -0.134959 0.976345 -0.168930 27.614500 -0.901575 -0.050277 0.429692 0.000000 0.000000 0.000000 0.000000 1.000000
0.375058 0.244207 0.894256 0.000000 -0.117835 0.969410 -0.215310 27.614500 -0.919482 -0.024621 0.392361 0.000000 0.000000 0.000000 0.000000 1.000000
0.356173 0.217100 0.908850 -0.000000 -0.105965 0.975745 -0.191553 27.614500 -0.928392 -0.028080 0.370539 0.000000 0.000000 0.000000 0.000000 1.000000
0.357559 0.137090 0.923774 0.000000 -0.092757 0.989489 -0.110939 27.614500 -0.929273 -0.046019 0.366516 0.000000 0.000000 0.000000 0.000000 1.000000
0.375520 0.008036 0.926779 0.000000 -0.065450 0.997696 0.017869 27.614500 -0.924500 -0.067368 0.375181 0.000000 0.000000 0.000000 0.000000 1.000000
0.409144 -0.159070 0.898498 0.000000 -0.014554 0.983425 0.180732 27.614500 -0.912354 -0.087022 0.400047 0.000000 0.000000 0.000000 0.000000 1.000000
0.460570 -0.334451 0.822203 0.000000 0.061698 0.936119 0.346228 27.614500 -0.885477 -0.108733 0.451783 -0.000000 0.000000 0.000000 0.000000 1.000000
0.530390 -0.476654 0.701061 -0.000000 0.153685 0.867323 0.473425 27.614500 -0.833707 -0.143357 0.533274 -0.000000 0.000000 0.000000 0.000000 1.000000
0.615198 -0.558466 0.556460 0.000000 0.241346 0.805356 0.541437 27.614500 -0.750522 -0.198791 0.630237 0.000000 0.000000 0.000000 0.000000 1.000000
0.704702 -0.581175 0.406978 0.000000 0.307523 0.767125 0.562982 27.614500 -0.639394 -0.271579 0.719319 -0.000000 0.000000 0.000000 0.000000 1.000000
0.781400 -0.565203 0.264499 0.000000 0.350962 0.748508 0.562638 27.614500 -0.515984 -0.346816 0.783249 0.000000 0.000000 0.000000 0.000000 1.000000
0.832951 -0.534630 0.142699 0.000000 0.380350 0.740479 0.554099 27.614500 -0.401903 -0.407261 0.820129 0.000000 0.000000 0.000000 0.000000 1.000000
0.860176 -0.507420 0.051201 -0.000000 0.403082 0.737922 0.541291 27.614500 -0.312445 -0.444967 0.839275 0.000000 0.000000 0.000000 0.000000 1.000000
0.870072 -0.492782 -0.011865 0.000000 0.424464 0.736776 0.526300 27.614500 -0.250609 -0.462955 0.850216 0.000000 0.000000 0.000000 0.000000 1.000000
0.867795 -0.493898 -0.054742 0.000000 0.449277 0.732744 0.511112 27.614500 -0.212326 -0.468135 0.857769 0.000000 0.000000 0.000000 0.000000 1.000000</float_array>
        <technique_common>
          <accessor source="#mixamorig_LeftHand-Matrix-animation-output-transform-array" count="51" stride="16">
            <param type="float4x4"/>
          </accessor>
        </technique_common>
      </source>
      <source id="mixamorig_LeftHand-Interpolations">
        <Name_array id="mixamorig_LeftHand-Interpolations-array" count="51">
 LINEAR LINEAR LINEAR LINEAR LINEAR LINEAR LINEAR LINEAR LINEAR LINEAR LINEAR
LINEAR LINEAR LINEAR LINEAR LINEAR LINEAR LINEAR LINEAR LINEAR LINEAR LINEAR LINEAR
LINEAR LINEAR LINEAR LINEAR LINEAR LINEAR LINEAR LINEAR LINEAR LINEAR LINEAR LINEAR
LINEAR LINEAR LINEAR LINEAR LINEAR LINEAR LINEAR LINEAR LINEAR LINEAR LINEAR LINEAR
LINEAR LINEAR LINEAR LINEAR</Name_array>
        <technique_common>
          <accessor source="#mixamorig_LeftHand-Interpolations-array" count="51">
            <param type="name"/>
          </accessor>
        </technique_common>
      </source>
      <sampler id="mixamorig_LeftHand-Matrix-animation-transform">
        <input semantic="INPUT" source="#mixamorig_LeftHand-Matrix-animation-input"/>
        <input semantic="OUTPUT" source="#mixamorig_LeftHand-Matrix-animation-output-transform"/>
        <input semantic="INTERPOLATION" source="#mixamorig_LeftHand-Interpolations"/>
      </sampler>
      <channel source="#mixamorig_LeftHand-Matrix-animation-transform" target="mixamorig_LeftHand/matrix"/>
    </animation>
    <animation id="mixamorig_LeftHandThumb1-anim" name="mixamorig_LeftHandThumb1">
      <source id="mixamorig_LeftHandThumb1-Matrix-animation-input">
        <float_array id="mixamorig_LeftHandThumb1-Matrix-animation-input-array" count="51">

0.000000 0.033333 0.066667 0.100000 0.133333 0.166667 0.200000 0.233333 0.266667 0.300000 0.333333 0.366667 0.400000 0.433333 0.466667 0.500000
0.533333 0.566667 0.600000 0.633333 0.666667 0.700000 0.733333 0.766667 0.800000 0.833333 0.866667 0.900000 0.933333 0.966667 1.000000 1.033333
1.066667 1.100000 1.133333 1.166667 1.200000 1.233333 1.266667 1.300000 1.333333 1.366667 1.400000 1.433333 1.466667 1.500000 1.533333 1.566667
1.600000 1.633333 1.666667</float_array>
        <technique_common>
          <accessor source="#mixamorig_LeftHandThumb1-Matrix-animation-input-array" count="51">
            <param name="TIME" type="float"/>
          </accessor>
        </technique_common>
      </source>
      <source id="mixamorig_LeftHandThumb1-Matrix-animation-output-transform">
        <float_array id="mixamorig_LeftHandThumb1-Matrix-animation-output-transform-array" count="816">

0.839629 -0.536491 -0.084856 -3.003000 0.529471 0.843271 -0.092484 3.788800 0.121174 0.032724 0.992092 2.167100 0.000000 0.000000 0.000000 1.000000
0.839629 -0.536491 -0.084856 -3.003000 0.529471 0.843271 -0.092484 3.788800 0.121174 0.032724 0.992092 2.167100 0.000000 0.000000 0.000000 1.000000
0.839629 -0.536491 -0.084856 -3.003000 0.529471 0.843271 -0.092485 3.788800 0.121174 0.032724 0.992092 2.167100 0.000000 0.000000 0.000000 1.000000
0.839629 -0.536491 -0.084856 -3.003000 0.529471 0.843271 -0.092485 3.788800 0.121174 0.032724 0.992092 2.167100 0.000000 0.000000 0.000000 1.000000
0.839629 -0.536491 -0.084856 -3.003000 0.529472 0.843271 -0.092483 3.788800 0.121174 0.032723 0.992092 2.167100 0.000000 0.000000 0.000000 1.000000
0.839629 -0.536491 -0.084857 -3.003000 0.529472 0.843271 -0.092483 3.788800 0.121174 0.032722 0.992092 2.167100 0.000000 0.000000 0.000000 1.000000
0.839629 -0.536491 -0.084856 -3.003000 0.529471 0.843272 -0.092485 3.788800 0.121174 0.032724 0.992092 2.167100 0.000000 0.000000 0.000000 1.000000
0.839630 -0.536490 -0.084854 -3.003000 0.529470 0.843272 -0.092489 3.788800 0.121174 0.032729 0.992092 2.167100 0.000000 0.000000 0.000000 1.000000
0.839629 -0.536491 -0.084855 -3.003000 0.529471 0.843272 -0.092487 3.788800 0.121174 0.032726 0.992092 2.167100 0.000000 0.000000 0.000000 1.000000
0.839627 -0.536494 -0.084861 -3.003000 0.529475 0.843270 -0.092474 3.788800 0.121173 0.032712 0.992092 2.167100 0.000000 0.000000 0.000000 1.000000
0.839626 -0.536495 -0.084863 -3.003000 0.529477 0.843270 -0.092471 3.788800 0.121173 0.032708 0.992092 2.167100 0.000000 0.000000 0.000000 1.000000
0.839633 -0.536487 -0.084848 -3.003000 0.529465 0.843274 -0.092499 3.788800 0.121175 0.032741 0.992091 2.167100 0.000000 0.000000 0.000000 1.000000
0.839641 -0.536477 -0.084831 -3.003000 0.529452 0.843278 -0.092533 3.788800 0.121178 0.032781 0.992089 2.167100 0.000000 0.000000 0.000000 1.000000
0.839629 -0.536490 -0.084855 -3.003000 0.529471 0.843272 -0.092486 3.788800 0.121174 0.032726 0.992092 2.167100 0.000000 0.000000 0.000000 1.000000
0.839599 -0.536528 -0.084921 -3.003000 0.529521 0.843254 -0.092359 3.788800 0.121163 0.032577 0.992098 2.167100 0.000000 0.000000 0.000000 1.000000
0.839601 -0.536525 -0.084917 -3.003000 0.529518 0.843255 -0.092367 3.788800 0.121164 0.032587 0.992098 2.167100 0.000000 0.000000 0.000000 1.000000
0.839678 -0.536431 -0.084749 -3.003000 0.529389 0.843300 -0.092691 3.788800 0.121191 0.032965 0.992082 2.167100 0.000000 0.000000 0.000000 1.000000
0.839741 -0.536354 -0.084615 -3.003000 0.529285 0.843337 -0.092951 3.788800 0.121213 0.033269 0.992069 2.167100 0.000000 0.000000 0.000000 1.000000
0.839605 -0.536521 -0.084910 -3.003000 0.529512 0.843257 -0.092381 3.788800 0.121165 0.032603 0.992097 2.167100 0.000000 0.000000 0.000000 1.000000
0.839338 -0.536847 -0.085487 -3.003000 0.529957 0.843099 -0.091267 3.788800 0.121070 0.031299 0.992150 2.167100 0.000000 0.000000 0.000000 1.000000
0.839567 -0.536567 -0.084988 -3.003000 0.529575 0.843235 -0.092227 3.788800 0.121151 0.032423 0.992104 2.167100 0.000000 0.000000 0.000000 1.000000
0.841216 -0.534530 -0.081442 -3.003000 0.526818 0.844180 -0.099114 3.788800 0.121731 0.040471 0.991738 2.167100 0.000000 0.000000 0.000000 1.000000
0.844550 -0.530262 -0.074548 -3.003000 0.521166 0.845945 -0.112975 3.788800 0.122970 0.056561 0.990797 2.167100 0.000000 0.000000 0.000000 1.000000
0.847542 -0.526094 -0.069981 -3.003000 0.515808 0.847569 -0.124778 3.788800 0.124959 0.069658 0.989714 2.167100 0.000000 0.000000 0.000000 1.000000
0.849887 -0.522512 -0.068360 -3.003000 0.511297 0.849047 -0.133022 3.788800 0.127547 0.078101 0.988753 2.167100 0.000000 0.000000 0.000000 1.000000
0.852612 -0.518276 -0.066653 -3.003000 0.506004 0.850718 -0.142262 3.788800 0.130434 0.087567 0.987582 2.167100 0.000000 0.000000 0.000000 1.000000
0.857050 -0.511585 -0.061197 -3.003000 0.497687 0.852737 -0.158581 3.788800 0.133312 0.105455 0.985448 2.167100 0.000000 0.000000 0.000000 1.000000
0.860558 -0.506272 -0.055932 -3.003000 0.488499 0.851433 -0.190867 3.788800 0.144253 0.136930 0.980021 2.167100 0.000000 0.000000 0.000000 1.000000
0.857816 -0.510270 -0.061453 -3.003000 0.483050 0.841285 -0.242696 3.788800 0.175540 0.178503 0.968154 2.167100 0.000000 0.000000 0.000000 1.000000
0.852342 -0.517976 -0.072213 -3.003000 0.475569 0.825090 -0.305057 3.788800 0.217595 0.225671 0.949592 2.167100 0.000000 0.000000 0.000000 1.000000
0.848688 -0.522621 -0.081220 -3.003000 0.461866 0.807164 -0.367649 3.788800 0.257699 0.274506 0.926411 2.167100 0.000000 0.000000 0.000000 1.000000
0.851536 -0.517812 -0.082203 -3.003000 0.441442 0.792692 -0.420439 3.788800 0.282871 0.321731 0.903589 2.167100 0.000000 0.000000 0.000000 1.000000
0.864975 -0.497126 -0.068440 -3.003000 0.415882 0.786477 -0.456614 3.788800 0.280821 0.366496 0.887029 2.167100 0.000000 0.000000 0.000000 1.000000
0.885807 -0.462235 -0.041034 -3.003000 0.387847 0.785992 -0.481448 3.788800 0.254794 0.410555 0.875514 2.167100 0.000000 0.000000 0.000000 1.000000
0.905132 -0.424949 -0.012389 -3.003000 0.361443 0.784554 -0.503820 3.788800 0.223818 0.451546 0.863720 2.167100 0.000000 0.000000 0.000000 1.000000
0.922658 -0.385193 0.018158 -3.003000 0.336910 0.782308 -0.523915 3.788800 0.187603 0.489511 0.851577 2.167100 0.000000 0.000000 0.000000 1.000000
0.937235 -0.345238 0.049000 -3.003000 0.315388 0.779358 -0.541415 3.788800 0.148728 0.522888 0.839326 2.167100 0.000000 0.000000 0.000000 1.000000
0.946103 -0.316419 0.069051 -3.003000 0.299591 0.774078 -0.557718 3.788800 0.123022 0.548345 0.827154 2.167100 0.000000 0.000000 0.000000 1.000000
0.949773 -0.304212 0.073389 -3.003000 0.289874 0.766872 -0.572608 3.788800 0.117914 0.565121 0.816538 2.167100 0.000000 0.000000 0.000000 1.000000
0.952070 -0.296555 0.074957 -3.003000 0.282962 0.760810 -0.584039 3.788800 0.116172 0.577256 0.808257 2.167100 0.000000 0.000000 0.000000 1.000000
0.953947 -0.290127 0.076233 -3.003000 0.277221 0.755556 -0.593534 3.788800 0.114602 0.587334 0.801190 2.167100 0.000000 0.000000 0.000000 1.000000
0.955703 -0.283991 0.077340 -3.003000 0.271753 0.750444 -0.602481 3.788800 0.113060 0.596810 0.794377 2.167100 0.000000 0.000000 0.000000 1.000000
0.957370 -0.278051 0.078294 -3.003000 0.266462 0.745414 -0.611029 3.788800 0.111536 0.605843 0.787727 2.167100 0.000000 0.000000 0.000000 1.000000
0.958865 -0.272625 0.079085 -3.003000 0.261640 0.740737 -0.618751 3.788800 0.110106 0.613990 0.781596 2.167100 0.000000 0.000000 0.000000 1.000000
0.960142 -0.267900 0.079726 -3.003000 0.257457 0.736597 -0.625413 3.788800 0.108822 0.621011 0.776210 2.167100 0.000000 0.000000 0.000000 1.000000
0.961223 -0.263842 0.080240 -3.003000 0.253877 0.732990 -0.631088 3.788800 0.107692 0.626987 0.771550 2.167100 0.000000 0.000000 0.000000 1.000000
0.962127 -0.260401 0.080644 -3.003000 0.250845 0.729898 -0.635866 3.788800 0.106718 0.632013 0.767575 2.167100 0.000000 0.000000 0.000000 1.000000
0.962844 -0.257642 0.080944 -3.003000 0.248416 0.727398 -0.639673 3.788800 0.105927 0.636013 0.764373 2.167100 0.000000 0.000000 0.000000 1.000000
0.963350 -0.255681 0.081147 -3.003000 0.246692 0.725609 -0.642366 3.788800 0.105360 0.638842 0.762090 2.167100 0.000000 0.000000 0.000000 1.000000
0.963649 -0.254513 0.081264 -3.003000 0.245666 0.724539 -0.643965 3.788800 0.105019 0.640520 0.760727 2.167100 0.000000 0.000000 0.000000 1.000000
0.963775 -0.254018 0.081313 -3.003000 0.245232 0.724084 -0.644642 3.788800 0.104873 0.641230 0.760148 2.167100 0.000000 0.000000 0.000000 1.000000</float_array>
        <technique_common>
          <accessor source="#mixamorig_LeftHandThumb1-Matrix-animation-output-transform-array" count="51" stride="16">
            <param type="float4x4"/>
          </accessor>
        </technique_common>
      </source>
      <source id="mixamorig_LeftHandThumb1-Interpolations">
        <Name_array id="mixamorig_LeftHandThumb1-Interpolations-array" count="51">
 LINEAR LINEAR LINEAR LINEAR LINEAR LINEAR LINEAR LINEAR LINEAR LINEAR LINEAR
LINEAR LINEAR LINEAR LINEAR LINEAR LINEAR LINEAR LINEAR LINEAR LINEAR LINEAR LINEAR
LINEAR LINEAR LINEAR LINEAR LINEAR LINEAR LINEAR LINEAR LINEAR LINEAR LINEAR LINEAR
LINEAR LINEAR LINEAR LINEAR LINEAR LINEAR LINEAR LINEAR LINEAR LINEAR LINEAR LINEAR
LINEAR LINEAR LINEAR LINEAR</Name_array>
        <technique_common>
          <accessor source="#mixamorig_LeftHandThumb1-Interpolations-array" count="51">
            <param type="name"/>
          </accessor>
        </technique_common>
      </source>
      <sampler id="mixamorig_LeftHandThumb1-Matrix-animation-transform">
        <input semantic="INPUT" source="#mixamorig_LeftHandThumb1-Matrix-animation-input"/>
        <input semantic="OUTPUT" source="#mixamorig_LeftHandThumb1-Matrix-animation-output-transform"/>
        <input semantic="INTERPOLATION" source="#mixamorig_LeftHandThumb1-Interpolations"/>
      </sampler>
      <channel source="#mixamorig_LeftHandThumb1-Matrix-animation-transform" target="mixamorig_LeftHandThumb1/matrix"/>
    </animation>
    <animation id="mixamorig_LeftHandThumb2-anim" name="mixamorig_LeftHandThumb2">
      <source id="mixamorig_LeftHandThumb2-Matrix-animation-input">
        <float_array id="mixamorig_LeftHandThumb2-Matrix-animation-input-array" count="51">

0.000000 0.033333 0.066667 0.100000 0.133333 0.166667 0.200000 0.233333 0.266667 0.300000 0.333333 0.366667 0.400000 0.433333 0.466667 0.500000
0.533333 0.566667 0.600000 0.633333 0.666667 0.700000 0.733333 0.766667 0.800000 0.833333 0.866667 0.900000 0.933333 0.966667 1.000000 1.033333
1.066667 1.100000 1.133333 1.166667 1.200000 1.233333 1.266667 1.300000 1.333333 1.366667 1.400000 1.433333 1.466667 1.500000 1.533333 1.566667
1.600000 1.633333 1.666667</float_array>
        <technique_common>
          <accessor source="#mixamorig_LeftHandThumb2-Matrix-animation-input-array" count="51">
            <param name="TIME" type="float"/>
          </accessor>
        </technique_common>
      </source>
      <source id="mixamorig_LeftHandThumb2-Matrix-animation-output-transform">
        <float_array id="mixamorig_LeftHandThumb2-Matrix-animation-output-transform-array" count="816">

0.963271 0.264339 0.047252 -0.000000 -0.267047 0.961471 0.065266 4.745000 -0.028179 -0.075487 0.996749 0.000000 0.000000 0.000000 0.000000 1.000000
0.963272 0.264339 0.047252 0.000000 -0.267047 0.961471 0.065266 4.745000 -0.028179 -0.075487 0.996749 0.000000 0.000000 0.000000 0.000000 1.000000
0.963271 0.264340 0.047252 0.000000 -0.267047 0.961471 0.065266 4.745000 -0.028179 -0.075487 0.996749 0.000000 0.000000 0.000000 0.000000 1.000000
0.963271 0.264339 0.047252 0.000000 -0.267047 0.961471 0.065265 4.745000 -0.028179 -0.075487 0.996749 0.000000 0.000000 0.000000 0.000000 1.000000
0.963272 0.264339 0.047252 0.000000 -0.267046 0.961471 0.065266 4.745000 -0.028179 -0.075487 0.996749 0.000000 0.000000 0.000000 0.000000 1.000000
0.963272 0.264338 0.047252 0.000000 -0.267046 0.961471 0.065266 4.745000 -0.028179 -0.075487 0.996749 0.000000 0.000000 0.000000 0.000000 1.000000
0.963271 0.264339 0.047252 0.000000 -0.267047 0.961471 0.065265 4.745000 -0.028179 -0.075487 0.996749 -0.000000 0.000000 0.000000 0.000000 1.000000
0.963271 0.264342 0.047251 0.000000 -0.267049 0.961470 0.065265 4.745000 -0.028178 -0.075486 0.996749 0.000000 0.000000 0.000000 0.000000 1.000000
0.963271 0.264341 0.047252 0.000000 -0.267048 0.961471 0.065266 4.745000 -0.028179 -0.075487 0.996749 0.000000 0.000000 0.000000 0.000000 1.000000
0.963273 0.264333 0.047253 0.000000 -0.267041 0.961473 0.065267 4.745000 -0.028180 -0.075489 0.996748 0.000000 0.000000 0.000000 0.000000 1.000000
0.963274 0.264330 0.047254 0.000000 -0.267038 0.961473 0.065268 4.745000 -0.028181 -0.075489 0.996748 0.000000 0.000000 0.000000 0.000000 1.000000
0.963269 0.264349 0.047249 0.000000 -0.267056 0.961469 0.065263 4.745000 -0.028176 -0.075484 0.996749 0.000000 0.000000 0.000000 0.000000 1.000000
0.963263 0.264370 0.047244 0.000000 -0.267077 0.961463 0.065258 4.745000 -0.028171 -0.075479 0.996749 0.000000 0.000000 0.000000 0.000000 1.000000
0.963271 0.264340 0.047252 0.000000 -0.267048 0.961471 0.065265 4.745000 -0.028179 -0.075487 0.996749 0.000000 0.000000 0.000000 0.000000 1.000000
0.963292 0.264261 0.047272 0.000000 -0.266970 0.961491 0.065285 4.745000 -0.028199 -0.075509 0.996746 0.000000 0.000000 0.000000 0.000000 1.000000
0.963291 0.264266 0.047271 0.000000 -0.266975 0.961490 0.065284 4.745000 -0.028198 -0.075507 0.996746 0.000000 0.000000 0.000000 0.000000 1.000000
0.963238 0.264468 0.047219 -0.000000 -0.267172 0.961438 0.065234 4.745000 -0.028146 -0.075451 0.996752 -0.000000 0.000000 0.000000 0.000000 1.000000
0.963195 0.264632 0.047177 0.000000 -0.267331 0.961397 0.065193 4.745000 -0.028104 -0.075406 0.996757 0.000000 0.000000 0.000000 0.000000 1.000000
0.963288 0.264275 0.047268 0.000000 -0.266985 0.961487 0.065281 4.745000 -0.028195 -0.075505 0.996747 0.000000 0.000000 0.000000 0.000000 1.000000
0.963471 0.263577 0.047445 -0.000000 -0.266306 0.961664 0.065455 4.745000 -0.028374 -0.075699 0.996727 0.000000 0.000000 0.000000 0.000000 1.000000
0.963314 0.264176 0.047293 0.000000 -0.266888 0.961512 0.065307 4.745000 -0.028221 -0.075533 0.996744 0.000000 0.000000 0.000000 0.000000 1.000000
0.962177 0.268481 0.046190 0.000000 -0.271072 0.960413 0.064238 4.745000 -0.027115 -0.074329 0.996865 0.000000 0.000000 0.000000 0.000000 1.000000
0.959665 0.277678 0.044034 -0.000000 -0.280043 0.957966 0.062259 4.745000 -0.024896 -0.072079 0.997088 0.000000 0.000000 0.000000 0.000000 1.000000
0.955945 0.290347 0.043221 0.000000 -0.292627 0.954209 0.062088 4.745000 -0.023215 -0.072000 0.997134 0.000000 0.000000 0.000000 0.000000 1.000000
0.951422 0.304656 0.044507 0.000000 -0.307055 0.949515 0.064334 4.745000 -0.022660 -0.074875 0.996935 0.000000 0.000000 0.000000 0.000000 1.000000
0.946334 0.319720 0.047241 -0.000000 -0.322382 0.944161 0.068047 4.745000 -0.022848 -0.079625 0.996563 0.000000 0.000000 0.000000 0.000000 1.000000
0.940658 0.335581 0.050470 0.000000 -0.338564 0.938177 0.072099 4.745000 -0.023155 -0.084907 0.996120 0.000000 0.000000 0.000000 0.000000 1.000000
0.934380 0.351987 0.055120 0.000000 -0.355459 0.931489 0.077314 4.745000 -0.024130 -0.091833 0.995482 0.000000 0.000000 0.000000 0.000000 1.000000
0.927635 0.368077 0.063351 -0.000000 -0.372507 0.924080 0.085528 4.745000 -0.027060 -0.102937 0.994320 -0.000000 0.000000 0.000000 0.000000 1.000000
0.920428 0.384142 0.072437 -0.000000 -0.389738 0.916124 0.093921 4.745000 -0.030282 -0.114679 0.992941 0.000000 0.000000 0.000000 0.000000 1.000000
0.912709 0.400925 0.078875 -0.000000 -0.407376 0.907832 0.099431 4.745000 -0.031741 -0.122883 0.991913 0.000000 0.000000 0.000000 0.000000 1.000000
0.904399 0.419323 0.078933 0.000000 -0.425675 0.899415 0.099266 4.745000 -0.029368 -0.123376 0.991925 0.000000 0.000000 0.000000 0.000000 1.000000
0.895445 0.440012 0.067591 0.000000 -0.444696 0.891145 0.090040 4.745000 -0.020615 -0.110683 0.993642 0.000000 0.000000 0.000000 0.000000 1.000000
0.885945 0.461637 0.044644 -0.000000 -0.463753 0.882985 0.072596 4.745000 -0.005908 -0.085020 0.996362 0.000000 0.000000 0.000000 0.000000 1.000000
0.876318 0.481323 0.019850 0.000000 -0.481645 0.874633 0.055093 4.745000 0.009156 -0.057840 0.998284 0.000000 0.000000 0.000000 0.000000 1.000000
0.865870 0.500211 -0.007621 0.000000 -0.499629 0.865432 0.037388 4.745000 0.025297 -0.028565 0.999272 -0.000000 0.000000 0.000000 0.000000 1.000000
0.854233 0.518603 -0.036565 -0.000000 -0.518197 0.855014 0.020579 4.745000 0.041935 0.001369 0.999119 0.000000 0.000000 0.000000 0.000000 1.000000
0.844599 0.532415 -0.056461 -0.000000 -0.532760 0.846207 0.010005 4.745000 0.053104 0.021629 0.998355 -0.000000 0.000000 0.000000 0.000000 1.000000
0.843281 0.534167 -0.059519 0.000000 -0.534759 0.844977 0.006846 4.745000 0.053949 0.026055 0.998204 -0.000000 0.000000 0.000000 0.000000 1.000000
0.854059 0.517444 -0.053238 -0.000000 -0.517977 0.855384 0.004335 4.745000 0.047782 0.023874 0.998572 0.000000 0.000000 0.000000 0.000000 1.000000
0.875265 0.481872 -0.041353 0.000000 -0.482190 0.876063 0.002557 4.745000 0.037460 0.017702 0.999141 0.000000 0.000000 0.000000 0.000000 1.000000
0.899326 0.436309 -0.029110 0.000000 -0.436425 0.899737 0.002601 4.745000 0.027326 0.010365 0.999573 0.000000 0.000000 0.000000 0.000000 1.000000
0.919415 0.392773 -0.020142 0.000000 -0.392775 0.919626 0.003992 4.745000 0.020091 0.004240 0.999789 0.000000 0.000000 0.000000 0.000000 1.000000
0.934635 0.355345 -0.013668 0.000000 -0.355300 0.934735 0.005667 4.745000 0.014789 -0.000440 0.999891 0.000000 0.000000 0.000000 0.000000 1.000000
0.948295 0.317319 -0.006651 0.000000 -0.317271 0.948306 0.007366 4.745000 0.008645 -0.004875 0.999951 0.000000 0.000000 0.000000 0.000000 1.000000
0.962276 0.272066 0.002206 0.000000 -0.272075 0.962230 0.009468 4.745000 0.000454 -0.009711 0.999953 0.000000 0.000000 0.000000 0.000000 1.000000
0.974405 0.224530 0.011044 0.000000 -0.224656 0.974365 0.011907 4.745000 -0.008088 -0.014083 0.999868 0.000000 0.000000 0.000000 0.000000 1.000000
0.982006 0.188057 0.017281 0.000000 -0.188302 0.982013 0.013858 4.745000 -0.014364 -0.016863 0.999755 0.000000 0.000000 0.000000 0.000000 1.000000
0.985144 0.170544 0.020132 0.000000 -0.170852 0.985187 0.014695 4.745000 -0.017327 -0.017916 0.999689 -0.000000 0.000000 0.000000 0.000000 1.000000
0.985563 0.168059 0.020531 -0.000000 -0.168372 0.985615 0.014633 4.745000 -0.017777 -0.017879 0.999682 0.000000 0.000000 0.000000 0.000000 1.000000
0.984936 0.171777 0.019826 -0.000000 -0.172072 0.984981 0.014276 4.745000 -0.017076 -0.017472 0.999702 0.000000 0.000000 0.000000 0.000000 1.000000</float_array>
        <technique_common>
          <accessor source="#mixamorig_LeftHandThumb2-Matrix-animation-output-transform-array" count="51" stride="16">
            <param type="float4x4"/>
          </accessor>
        </technique_common>
      </source>
      <source id="mixamorig_LeftHandThumb2-Interpolations">
        <Name_array id="mixamorig_LeftHandThumb2-Interpolations-array" count="51">
 LINEAR LINEAR LINEAR LINEAR LINEAR LINEAR LINEAR LINEAR LINEAR LINEAR LINEAR
LINEAR LINEAR LINEAR LINEAR LINEAR LINEAR LINEAR LINEAR LINEAR LINEAR LINEAR LINEAR
LINEAR LINEAR LINEAR LINEAR LINEAR LINEAR LINEAR LINEAR LINEAR LINEAR LINEAR LINEAR
LINEAR LINEAR LINEAR LINEAR LINEAR LINEAR LINEAR LINEAR LINEAR LINEAR LINEAR LINEAR
LINEAR LINEAR LINEAR LINEAR</Name_array>
        <technique_common>
          <accessor source="#mixamorig_LeftHandThumb2-Interpolations-array" count="51">
            <param type="name"/>
          </accessor>
        </technique_common>
      </source>
      <sampler id="mixamorig_LeftHandThumb2-Matrix-animation-transform">
        <input semantic="INPUT" source="#mixamorig_LeftHandThumb2-Matrix-animation-input"/>
        <input semantic="OUTPUT" source="#mixamorig_LeftHandThumb2-Matrix-animation-output-transform"/>
        <input semantic="INTERPOLATION" source="#mixamorig_LeftHandThumb2-Interpolations"/>
      </sampler>
      <channel source="#mixamorig_LeftHandThumb2-Matrix-animation-transform" target="mixamorig_LeftHandThumb2/matrix"/>
    </animation>
    <animation id="mixamorig_LeftHandThumb3-anim" name="mixamorig_LeftHandThumb3">
      <source id="mixamorig_LeftHandThumb3-Matrix-animation-input">
        <float_array id="mixamorig_LeftHandThumb3-Matrix-animation-input-array" count="51">

0.000000 0.033333 0.066667 0.100000 0.133333 0.166667 0.200000 0.233333 0.266667 0.300000 0.333333 0.366667 0.400000 0.433333 0.466667 0.500000
0.533333 0.566667 0.600000 0.633333 0.666667 0.700000 0.733333 0.766667 0.800000 0.833333 0.866667 0.900000 0.933333 0.966667 1.000000 1.033333
1.066667 1.100000 1.133333 1.166667 1.200000 1.233333 1.266667 1.300000 1.333333 1.366667 1.400000 1.433333 1.466667 1.500000 1.533333 1.566667
1.600000 1.633333 1.666667</float_array>
        <technique_common>
          <accessor source="#mixamorig_LeftHandThumb3-Matrix-animation-input-array" count="51">
            <param name="TIME" type="float"/>
          </accessor>
        </technique_common>
      </source>
      <source id="mixamorig_LeftHandThumb3-Matrix-animation-output-transform">
        <float_array id="mixamorig_LeftHandThumb3-Matrix-animation-output-transform-array" count="816">

0.980119 -0.197641 -0.017448 0.000000 0.195471 0.946779 0.255736 4.382100 -0.034024 -0.254062 0.966589 -0.000000 0.000000 0.000000 0.000000 1.000000
0.980119 -0.197641 -0.017448 -0.000000 0.195471 0.946779 0.255736 4.382100 -0.034024 -0.254062 0.966589 0.000000 0.000000 0.000000 0.000000 1.000000
0.980119 -0.197641 -0.017448 -0.000000 0.195470 0.946779 0.255736 4.382100 -0.034024 -0.254062 0.966589 0.000000 0.000000 0.000000 0.000000 1.000000
0.980119 -0.197641 -0.017448 0.000000 0.195470 0.946779 0.255736 4.382100 -0.034024 -0.254062 0.966589 0.000000 0.000000 0.000000 0.000000 1.000000
0.980119 -0.197642 -0.017448 0.000000 0.195471 0.946779 0.255736 4.382100 -0.034025 -0.254062 0.966589 0.000000 0.000000 0.000000 0.000000 1.000000
0.980119 -0.197643 -0.017448 0.000000 0.195472 0.946778 0.255736 4.382100 -0.034025 -0.254063 0.966589 -0.000000 0.000000 0.000000 0.000000 1.000000
0.980119 -0.197640 -0.017448 0.000000 0.195470 0.946779 0.255736 4.382100 -0.034024 -0.254062 0.966589 0.000000 0.000000 0.000000 0.000000 1.000000
0.980120 -0.197636 -0.017447 0.000000 0.195466 0.946780 0.255735 4.382100 -0.034024 -0.254061 0.966590 0.000000 0.000000 0.000000 0.000000 1.000000
0.980120 -0.197639 -0.017448 -0.000000 0.195468 0.946780 0.255735 4.382100 -0.034024 -0.254062 0.966589 0.000000 0.000000 0.000000 0.000000 1.000000
0.980117 -0.197653 -0.017450 0.000000 0.195482 0.946776 0.255739 4.382100 -0.034026 -0.254065 0.966588 0.000000 0.000000 0.000000 0.000000 1.000000
0.980116 -0.197656 -0.017451 0.000000 0.195486 0.946775 0.255740 4.382100 -0.034027 -0.254066 0.966588 -0.000000 0.000000 0.000000 0.000000 1.000000
0.980123 -0.197623 -0.017445 0.000000 0.195453 0.946784 0.255731 4.382100 -0.034022 -0.254058 0.966591 0.000000 0.000000 0.000000 0.000000 1.000000
0.980130 -0.197586 -0.017439 -0.000000 0.195416 0.946794 0.255721 4.382100 -0.034016 -0.254048 0.966593 0.000000 0.000000 0.000000 0.000000 1.000000
0.980119 -0.197642 -0.017448 0.000000 0.195471 0.946779 0.255736 4.382100 -0.034024 -0.254062 0.966589 0.000000 0.000000 0.000000 0.000000 1.000000
0.980090 -0.197785 -0.017472 0.000000 0.195615 0.946739 0.255774 4.382100 -0.034046 -0.254099 0.966579 0.000000 0.000000 0.000000 0.000000 1.000000
0.980093 -0.197769 -0.017470 0.000000 0.195599 0.946743 0.255769 4.382100 -0.034044 -0.254095 0.966580 0.000000 0.000000 0.000000 0.000000 1.000000
0.980169 -0.197398 -0.017407 0.000000 0.195228 0.946846 0.255672 4.382100 -0.033987 -0.254000 0.966607 0.000000 0.000000 0.000000 0.000000 1.000000
0.980227 -0.197116 -0.017360 0.000000 0.194945 0.946924 0.255598 4.382100 -0.033944 -0.253928 0.966627 0.000000 0.000000 0.000000 0.000000 1.000000
0.980090 -0.197782 -0.017471 -0.000000 0.195611 0.946740 0.255773 4.382100 -0.034047 -0.254099 0.966579 0.000000 0.000000 0.000000 0.000000 1.000000
0.979833 -0.199034 -0.017684 0.000000 0.196863 0.946392 0.256101 4.382100 -0.034237 -0.254418 0.966488 0.000000 0.000000 0.000000 0.000000 1.000000
0.980070 -0.197882 -0.017490 0.000000 0.195712 0.946712 0.255798 4.382100 -0.034060 -0.254123 0.966572 0.000000 0.000000 0.000000 0.000000 1.000000
0.981642 -0.190045 -0.016194 0.000000 0.187883 0.948853 0.253729 4.382100 -0.032854 -0.252114 0.967140 0.000000 0.000000 0.000000 0.000000 1.000000
0.984686 -0.173846 -0.013042 0.000000 0.171514 0.952638 0.251125 4.382100 -0.031233 -0.249516 0.967867 -0.000000 0.000000 0.000000 0.000000 1.000000
0.987960 -0.154654 -0.004023 0.000000 0.150287 0.953241 0.262193 4.382100 -0.036714 -0.259641 0.965007 0.000000 0.000000 0.000000 0.000000 1.000000
0.990705 -0.135613 0.010665 -0.000000 0.126961 0.949951 0.285438 4.382100 -0.048841 -0.281430 0.958338 0.000000 0.000000 0.000000 0.000000 1.000000
0.992855 -0.116040 0.027820 -0.000000 0.101771 0.945164 0.310333 4.382100 -0.062305 -0.305285 0.950221 0.000000 0.000000 0.000000 0.000000 1.000000
0.994723 -0.092864 0.043609 0.000000 0.073660 0.942334 0.326467 4.382100 -0.071411 -0.321532 0.944202 0.000000 0.000000 0.000000 0.000000 1.000000
0.995306 -0.079473 0.055235 -0.000000 0.057242 0.943578 0.326166 4.382100 -0.078040 -0.321473 0.943698 0.000000 0.000000 0.000000 0.000000 1.000000
0.993022 -0.099669 0.063035 -0.000000 0.075281 0.947186 0.311723 4.382100 -0.090775 -0.304802 0.948080 0.000000 0.000000 0.000000 0.000000 1.000000
0.988463 -0.135891 0.066889 0.000000 0.111231 0.951034 0.288378 4.382100 -0.102802 -0.277611 0.955177 -0.000000 0.000000 0.000000 0.000000 1.000000
0.983785 -0.166155 0.067525 -0.000000 0.143390 0.954805 0.260358 4.382100 -0.107733 -0.246454 0.963148 0.000000 0.000000 0.000000 0.000000 1.000000
0.983509 -0.168615 0.065420 0.000000 0.149421 0.961322 0.231372 4.382100 -0.101903 -0.217782 0.970663 -0.000000 0.000000 0.000000 0.000000 1.000000
0.990738 -0.122349 0.058898 0.000000 0.108182 0.973352 0.202192 4.382100 -0.082067 -0.193948 0.977573 0.000000 0.000000 0.000000 0.000000 1.000000
0.998386 -0.034885 0.044820 -0.000000 0.026732 0.984889 0.171108 4.382100 -0.050112 -0.169634 0.984232 0.000000 0.000000 0.000000 0.000000 1.000000
0.998027 0.057048 0.026220 -0.000000 -0.060247 0.987708 0.144231 4.382100 -0.017669 -0.145526 0.989197 0.000000 0.000000 0.000000 0.000000 1.000000
0.987789 0.155776 0.002775 0.000000 -0.154976 0.980577 0.120216 4.382100 0.016006 -0.119178 0.992744 0.000000 0.000000 0.000000 0.000000 1.000000
0.966029 0.257257 -0.024619 0.000000 -0.253700 0.962175 0.099276 4.382100 0.049227 -0.089658 0.994755 0.000000 0.000000 0.000000 0.000000 1.000000
0.943236 0.328803 -0.046839 -0.000000 -0.324185 0.942140 0.085296 4.382100 0.072174 -0.065270 0.995254 0.000000 0.000000 0.000000 0.000000 1.000000
0.935228 0.349608 -0.055889 0.000000 -0.344608 0.935088 0.082797 4.382100 0.081208 -0.058175 0.994998 0.000000 0.000000 0.000000 0.000000 1.000000
0.937261 0.343754 -0.058097 -0.000000 -0.337611 0.936513 0.094669 4.382100 0.086951 -0.069116 0.993812 0.000000 0.000000 0.000000 0.000000 1.000000
0.944790 0.322705 -0.056863 0.000000 -0.314704 0.941964 0.116901 4.382100 0.091287 -0.092552 0.991514 0.000000 0.000000 0.000000 0.000000 1.000000
0.952357 0.299934 -0.055275 -0.000000 -0.289979 0.946654 0.140568 4.382100 0.094487 -0.117842 0.988527 0.000000 0.000000 0.000000 0.000000 1.000000
0.958329 0.280775 -0.052632 0.000000 -0.269221 0.949310 0.162265 4.382100 0.095524 -0.141334 0.985342 0.000000 0.000000 0.000000 0.000000 1.000000
0.965137 0.257687 -0.045900 0.000000 -0.245104 0.951304 0.186934 4.382100 0.091835 -0.169167 0.981300 0.000000 0.000000 0.000000 0.000000 1.000000
0.974082 0.223551 -0.034483 0.000000 -0.210870 0.952631 0.219154 4.382100 0.081841 -0.206202 0.975081 -0.000000 0.000000 0.000000 0.000000 1.000000
0.982738 0.183721 -0.021759 0.000000 -0.172215 0.951421 0.255227 4.382100 0.067592 -0.247074 0.966636 0.000000 0.000000 0.000000 0.000000 1.000000
0.988381 0.151571 -0.011380 0.000000 -0.142043 0.947707 0.285789 4.382100 0.054103 -0.280852 0.958225 0.000000 0.000000 0.000000 0.000000 1.000000
0.990808 0.135189 -0.004896 0.000000 -0.127303 0.944031 0.304303 4.382100 0.045760 -0.300882 0.952563 0.000000 0.000000 0.000000 0.000000 1.000000
0.991217 0.132224 -0.002500 0.000000 -0.124892 0.942131 0.311113 4.382100 0.043492 -0.308068 0.950370 0.000000 0.000000 0.000000 0.000000 1.000000
0.990776 0.135475 -0.003160 0.000000 -0.127786 0.941800 0.310940 4.382100 0.045101 -0.307668 0.950424 -0.000000 0.000000 0.000000 0.000000 1.000000
0.990248 0.139225 -0.005018 0.000000 -0.130904 0.942182 0.308476 4.382100 0.047676 -0.304810 0.951219 0.000000 0.000000 0.000000 0.000000 1.000000</float_array>
        <technique_common>
          <accessor source="#mixamorig_LeftHandThumb3-Matrix-animation-output-transform-array" count="51" stride="16">
            <param type="float4x4"/>
          </accessor>
        </technique_common>
      </source>
      <source id="mixamorig_LeftHandThumb3-Interpolations">
        <Name_array id="mixamorig_LeftHandThumb3-Interpolations-array" count="51">
 LINEAR LINEAR LINEAR LINEAR LINEAR LINEAR LINEAR LINEAR LINEAR LINEAR LINEAR
LINEAR LINEAR LINEAR LINEAR LINEAR LINEAR LINEAR LINEAR LINEAR LINEAR LINEAR LINEAR
LINEAR LINEAR LINEAR LINEAR LINEAR LINEAR LINEAR LINEAR LINEAR LINEAR LINEAR LINEAR
LINEAR LINEAR LINEAR LINEAR LINEAR LINEAR LINEAR LINEAR LINEAR LINEAR LINEAR LINEAR
LINEAR LINEAR LINEAR LINEAR</Name_array>
        <technique_common>
          <accessor source="#mixamorig_LeftHandThumb3-Interpolations-array" count="51">
            <param type="name"/>
          </accessor>
        </technique_common>
      </source>
      <sampler id="mixamorig_LeftHandThumb3-Matrix-animation-transform">
        <input semantic="INPUT" source="#mixamorig_LeftHandThumb3-Matrix-animation-input"/>
        <input semantic="OUTPUT" source="#mixamorig_LeftHandThumb3-Matrix-animation-output-transform"/>
        <input semantic="INTERPOLATION" source="#mixamorig_LeftHandThumb3-Interpolations"/>
      </sampler>
      <channel source="#mixamorig_LeftHandThumb3-Matrix-animation-transform" target="mixamorig_LeftHandThumb3/matrix"/>
    </animation>
    <animation id="mixamorig_LeftHandIndex1-anim" name="mixamorig_LeftHandIndex1">
      <source id="mixamorig_LeftHandIndex1-Matrix-animation-input">
        <float_array id="mixamorig_LeftHandIndex1-Matrix-animation-input-array" count="51">

0.000000 0.033333 0.066667 0.100000 0.133333 0.166667 0.200000 0.233333 0.266667 0.300000 0.333333 0.366667 0.400000 0.433333 0.466667 0.500000
0.533333 0.566667 0.600000 0.633333 0.666667 0.700000 0.733333 0.766667 0.800000 0.833333 0.866667 0.900000 0.933333 0.966667 1.000000 1.033333
1.066667 1.100000 1.133333 1.166667 1.200000 1.233333 1.266667 1.300000 1.333333 1.366667 1.400000 1.433333 1.466667 1.500000 1.533333 1.566667
1.600000 1.633333 1.666667</float_array>
        <technique_common>
          <accessor source="#mixamorig_LeftHandIndex1-Matrix-animation-input-array" count="51">
            <param name="TIME" type="float"/>
          </accessor>
        </technique_common>
      </source>
      <source id="mixamorig_LeftHandIndex1-Matrix-animation-output-transform">
        <float_array id="mixamorig_LeftHandIndex1-Matrix-animation-output-transform-array" count="816">

0.997245 -0.074007 0.005031 -2.822000 0.073904 0.997097 0.018320 12.266600 -0.006372 -0.017897 0.999820 0.231800 0.000000 0.000000 0.000000 1.000000
0.997245 -0.074007 0.005031 -2.822000 0.073904 0.997097 0.018319 12.266600 -0.006372 -0.017897 0.999820 0.231800 0.000000 0.000000 0.000000 1.000000
0.997245 -0.074007 0.005031 -2.822000 0.073903 0.997097 0.018319 12.266600 -0.006372 -0.017897 0.999820 0.231800 0.000000 0.000000 0.000000 1.000000
0.997245 -0.074007 0.005031 -2.822000 0.073903 0.997097 0.018319 12.266600 -0.006372 -0.017897 0.999820 0.231800 0.000000 0.000000 0.000000 1.000000
0.997245 -0.074007 0.005031 -2.822000 0.073904 0.997097 0.018321 12.266600 -0.006373 -0.017898 0.999820 0.231800 0.000000 0.000000 0.000000 1.000000
0.997245 -0.074007 0.005031 -2.822000 0.073904 0.997097 0.018322 12.266600 -0.006373 -0.017900 0.999819 0.231800 0.000000 0.000000 0.000000 1.000000
0.997245 -0.074007 0.005031 -2.822000 0.073903 0.997097 0.018319 12.266600 -0.006372 -0.017896 0.999820 0.231800 0.000000 0.000000 0.000000 1.000000
0.997245 -0.074006 0.005031 -2.822000 0.073902 0.997097 0.018312 12.266600 -0.006372 -0.017890 0.999820 0.231800 0.000000 0.000000 0.000000 1.000000
0.997245 -0.074007 0.005031 -2.822000 0.073903 0.997097 0.018316 12.266600 -0.006372 -0.017894 0.999820 0.231800 0.000000 0.000000 0.000000 1.000000
0.997245 -0.074010 0.005031 -2.822000 0.073907 0.997097 0.018336 12.266600 -0.006374 -0.017914 0.999819 0.231800 0.000000 0.000000 0.000000 1.000000
0.997245 -0.074010 0.005031 -2.822000 0.073907 0.997096 0.018341 12.266600 -0.006374 -0.017919 0.999819 0.231800 0.000000 0.000000 0.000000 1.000000
0.997245 -0.074002 0.005031 -2.822000 0.073899 0.997098 0.018294 12.266600 -0.006370 -0.017872 0.999820 0.231800 0.000000 0.000000 0.000000 1.000000
0.997246 -0.073993 0.005031 -2.822000 0.073890 0.997100 0.018241 12.266600 -0.006366 -0.017819 0.999821 0.231800 0.000000 0.000000 0.000000 1.000000
0.997245 -0.074009 0.005032 -2.822000 0.073905 0.997097 0.018320 12.266600 -0.006373 -0.017898 0.999820 0.231800 0.000000 0.000000 0.000000 1.000000
0.997242 -0.074044 0.005033 -2.822000 0.073940 0.997091 0.018525 12.266600 -0.006390 -0.018102 0.999816 0.231800 0.000000 0.000000 0.000000 1.000000
0.997243 -0.074035 0.005030 -2.822000 0.073931 0.997092 0.018502 12.266600 -0.006385 -0.018079 0.999816 0.231800 0.000000 0.000000 0.000000 1.000000
0.997250 -0.073940 0.005026 -2.822000 0.073839 0.997108 0.017973 12.266600 -0.006341 -0.017552 0.999826 0.231800 0.000000 0.000000 0.000000 1.000000
0.997255 -0.073879 0.005030 -2.822000 0.073781 0.997120 0.017570 12.266600 -0.006313 -0.017151 0.999833 0.231800 0.000000 0.000000 0.000000 1.000000
0.997241 -0.074061 0.005042 -2.822000 0.073956 0.997089 0.018522 12.266600 -0.006399 -0.018098 0.999816 0.231800 0.000000 0.000000 0.000000 1.000000
0.997218 -0.074363 0.005044 -2.822000 0.074246 0.997033 0.020308 12.266600 -0.006539 -0.019877 0.999781 0.231800 0.000000 0.000000 0.000000 1.000000
0.997244 -0.074026 0.005011 -2.822000 0.073921 0.997090 0.018660 12.266600 -0.006378 -0.018238 0.999813 0.231800 0.000000 0.000000 0.000000 1.000000
0.997388 -0.072060 0.004950 -2.822000 0.072022 0.997375 0.007479 12.266600 -0.005476 -0.007103 0.999960 0.231800 0.000000 0.000000 0.000000 1.000000
0.997654 -0.068292 0.004788 -2.822000 0.068355 0.997555 -0.014564 12.266600 -0.003781 0.014857 0.999882 0.231800 0.000000 0.000000 0.000000 1.000000
0.997897 -0.064702 0.003829 -2.822000 0.064791 0.997387 -0.031942 12.266600 -0.001753 0.032123 0.999482 0.231800 0.000000 0.000000 0.000000 1.000000
0.998072 -0.062026 0.002260 -2.822000 0.062067 0.997239 -0.040769 12.266600 0.000275 0.040831 0.999166 0.231800 0.000000 0.000000 0.000000 1.000000
0.998216 -0.059700 0.000573 -2.822000 0.059661 0.997109 -0.047055 12.266600 0.002237 0.047005 0.998892 0.231800 0.000000 0.000000 0.000000 1.000000
0.998390 -0.056719 -0.000867 -2.822000 0.056568 0.996636 -0.059295 12.266600 0.004227 0.059151 0.998240 0.231800 0.000000 0.000000 0.000000 1.000000
0.998619 -0.052506 -0.001982 -2.822000 0.052167 0.995267 -0.081992 12.266600 0.006277 0.081775 0.996631 0.231800 0.000000 0.000000 0.000000 1.000000
0.998862 -0.047602 -0.003092 -2.822000 0.046977 0.992869 -0.109566 12.266600 0.008286 0.109296 0.993975 0.231800 0.000000 0.000000 0.000000 1.000000
0.999098 -0.042244 -0.004275 -2.822000 0.041233 0.989325 -0.139771 12.266600 0.010134 0.139469 0.990175 0.231800 0.000000 0.000000 0.000000 1.000000
0.999319 -0.036487 -0.005556 -2.822000 0.034998 0.984616 -0.171194 12.266600 0.011717 0.170883 0.985222 0.231800 0.000000 0.000000 0.000000 1.000000
0.999520 -0.030183 -0.006956 -2.822000 0.028148 0.978837 -0.202696 12.266600 0.012927 0.202403 0.979217 0.231800 0.000000 0.000000 0.000000 1.000000
0.999676 -0.023952 -0.008670 -2.822000 0.021378 0.973958 -0.225720 12.266600 0.013850 0.225462 0.974154 0.231800 0.000000 0.000000 0.000000 1.000000
0.999790 -0.017651 -0.010445 -2.822000 0.014573 0.969704 -0.243846 12.266600 0.014433 0.243643 0.969758 0.231800 0.000000 0.000000 0.000000 1.000000
0.999906 -0.007236 -0.011611 -2.822000 0.003362 0.952598 -0.304212 12.266600 0.013262 0.304145 0.952533 0.231800 0.000000 0.000000 0.000000 1.000000
0.999849 0.010507 -0.013807 -2.822000 -0.015462 0.900616 -0.434341 12.266600 0.007872 0.434489 0.900643 0.231800 0.000000 0.000000 0.000000 1.000000
0.999273 0.032408 -0.020093 -2.822000 -0.038048 0.812550 -0.581649 12.266600 -0.002523 0.581990 0.813192 0.231800 0.000000 0.000000 0.000000 1.000000
0.998169 0.052677 -0.029739 -2.822000 -0.058758 0.727410 -0.683683 12.266600 -0.014382 0.684178 0.729173 0.231800 0.000000 0.000000 0.000000 1.000000
0.997092 0.066303 -0.037577 -2.822000 -0.072993 0.689081 -0.720999 12.266600 -0.021911 0.721645 0.691917 0.231800 0.000000 0.000000 0.000000 1.000000
0.996486 0.072152 -0.042535 -2.822000 -0.079993 0.669340 -0.738638 12.266600 -0.024823 0.739445 0.672759 0.231800 0.000000 0.000000 0.000000 1.000000
0.996894 0.066486 -0.042222 -2.822000 -0.075965 0.670134 -0.738343 12.266600 -0.020795 0.739256 0.673103 0.231800 0.000000 0.000000 0.000000 1.000000
0.998042 0.051136 -0.036016 -2.822000 -0.061462 0.695082 -0.716298 12.266600 -0.011595 0.717110 0.696864 0.231800 0.000000 0.000000 0.000000 1.000000
0.999102 0.033150 -0.026399 -2.822000 -0.042278 0.736980 -0.674591 12.266600 -0.002907 0.675101 0.737719 0.231800 0.000000 0.000000 0.000000 1.000000
0.999668 0.019437 -0.016942 -2.822000 -0.025756 0.783707 -0.620596 12.266600 0.001215 0.620826 0.783948 0.231800 0.000000 0.000000 0.000000 1.000000
0.999879 0.012173 -0.009637 -2.822000 -0.015485 0.826797 -0.562287 12.266600 0.001124 0.562368 0.826886 0.231800 0.000000 0.000000 0.000000 1.000000
0.999960 0.008018 -0.004035 -2.822000 -0.008958 0.863010 -0.505108 12.266600 -0.000568 0.505124 0.863047 0.231800 0.000000 0.000000 0.000000 1.000000
0.999998 0.001542 0.001456 -2.822000 -0.000714 0.891205 -0.453601 12.266600 -0.001997 0.453598 0.891204 0.231800 0.000000 0.000000 0.000000 1.000000
0.999929 -0.009321 0.007435 -2.822000 0.011561 0.910452 -0.413454 12.266600 -0.002916 0.413510 0.910495 0.231800 0.000000 0.000000 0.000000 1.000000
0.999702 -0.020900 0.012620 -2.822000 0.024168 0.920469 -0.390068 12.266600 -0.003464 0.390257 0.920700 0.231800 0.000000 0.000000 0.000000 1.000000
0.999498 -0.027764 0.015242 -2.822000 0.031491 0.922583 -0.384511 12.266600 -0.003387 0.384798 0.922995 0.231800 0.000000 0.000000 0.000000 1.000000
0.999529 -0.027046 0.014494 -2.822000 0.030568 0.918856 -0.393408 12.266600 -0.002677 0.393666 0.919250 0.231800 0.000000 0.000000 0.000000 1.000000</float_array>
        <technique_common>
          <accessor source="#mixamorig_LeftHandIndex1-Matrix-animation-output-transform-array" count="51" stride="16">
            <param type="float4x4"/>
          </accessor>
        </technique_common>
      </source>
      <source id="mixamorig_LeftHandIndex1-Interpolations">
        <Name_array id="mixamorig_LeftHandIndex1-Interpolations-array" count="51">
 LINEAR LINEAR LINEAR LINEAR LINEAR LINEAR LINEAR LINEAR LINEAR LINEAR LINEAR
LINEAR LINEAR LINEAR LINEAR LINEAR LINEAR LINEAR LINEAR LINEAR LINEAR LINEAR LINEAR
LINEAR LINEAR LINEAR LINEAR LINEAR LINEAR LINEAR LINEAR LINEAR LINEAR LINEAR LINEAR
LINEAR LINEAR LINEAR LINEAR LINEAR LINEAR LINEAR LINEAR LINEAR LINEAR LINEAR LINEAR
LINEAR LINEAR LINEAR LINEAR</Name_array>
        <technique_common>
          <accessor source="#mixamorig_LeftHandIndex1-Interpolations-array" count="51">
            <param type="name"/>
          </accessor>
        </technique_common>
      </source>
      <sampler id="mixamorig_LeftHandIndex1-Matrix-animation-transform">
        <input semantic="INPUT" source="#mixamorig_LeftHandIndex1-Matrix-animation-input"/>
        <input semantic="OUTPUT" source="#mixamorig_LeftHandIndex1-Matrix-animation-output-transform"/>
        <input semantic="INTERPOLATION" source="#mixamorig_LeftHandIndex1-Interpolations"/>
      </sampler>
      <channel source="#mixamorig_LeftHandIndex1-Matrix-animation-transform" target="mixamorig_LeftHandIndex1/matrix"/>
    </animation>
    <animation id="mixamorig_LeftHandIndex2-anim" name="mixamorig_LeftHandIndex2">
      <source id="mixamorig_LeftHandIndex2-Matrix-animation-input">
        <float_array id="mixamorig_LeftHandIndex2-Matrix-animation-input-array" count="51">

0.000000 0.033333 0.066667 0.100000 0.133333 0.166667 0.200000 0.233333 0.266667 0.300000 0.333333 0.366667 0.400000 0.433333 0.466667 0.500000
0.533333 0.566667 0.600000 0.633333 0.666667 0.700000 0.733333 0.766667 0.800000 0.833333 0.866667 0.900000 0.933333 0.966667 1.000000 1.033333
1.066667 1.100000 1.133333 1.166667 1.200000 1.233333 1.266667 1.300000 1.333333 1.366667 1.400000 1.433333 1.466667 1.500000 1.533333 1.566667
1.600000 1.633333 1.666667</float_array>
        <technique_common>
          <accessor source="#mixamorig_LeftHandIndex2-Matrix-animation-input-array" count="51">
            <param name="TIME" type="float"/>
          </accessor>
        </technique_common>
      </source>
      <source id="mixamorig_LeftHandIndex2-Matrix-animation-output-transform">
        <float_array id="mixamorig_LeftHandIndex2-Matrix-animation-output-transform-array" count="816">

0.999939 0.011032 -0.000596 0.000000 -0.011032 0.994127 -0.107655 3.892000 -0.000595 0.107655 0.994188 -0.000000 0.000000 0.000000 0.000000 1.000000
0.999939 0.011032 -0.000596 0.000000 -0.011032 0.994127 -0.107654 3.892000 -0.000595 0.107654 0.994188 0.000000 0.000000 0.000000 0.000000 1.000000
0.999939 0.011032 -0.000596 0.000000 -0.011032 0.994127 -0.107655 3.892000 -0.000596 0.107655 0.994188 0.000000 0.000000 0.000000 0.000000 1.000000
0.999939 0.011032 -0.000596 0.000000 -0.011032 0.994127 -0.107655 3.892000 -0.000596 0.107655 0.994188 0.000000 0.000000 0.000000 0.000000 1.000000
0.999939 0.011032 -0.000596 0.000000 -0.011032 0.994127 -0.107654 3.892000 -0.000595 0.107654 0.994188 0.000000 0.000000 0.000000 0.000000 1.000000
0.999939 0.011032 -0.000596 -0.000000 -0.011032 0.994127 -0.107654 3.892000 -0.000595 0.107654 0.994188 -0.000000 0.000000 0.000000 0.000000 1.000000
0.999939 0.011032 -0.000596 0.000000 -0.011032 0.994127 -0.107655 3.892000 -0.000596 0.107655 0.994188 0.000000 0.000000 0.000000 0.000000 1.000000
0.999939 0.011032 -0.000596 -0.000000 -0.011033 0.994127 -0.107658 3.892000 -0.000595 0.107658 0.994188 0.000000 0.000000 0.000000 0.000000 1.000000
0.999939 0.011032 -0.000596 0.000000 -0.011032 0.994127 -0.107657 3.892000 -0.000596 0.107657 0.994188 0.000000 0.000000 0.000000 0.000000 1.000000
0.999939 0.011031 -0.000596 0.000000 -0.011031 0.994128 -0.107647 3.892000 -0.000595 0.107647 0.994189 0.000000 0.000000 0.000000 0.000000 1.000000
0.999939 0.011031 -0.000595 0.000000 -0.011031 0.994128 -0.107644 3.892000 -0.000595 0.107644 0.994189 0.000000 0.000000 0.000000 0.000000 1.000000
0.999939 0.011033 -0.000596 0.000000 -0.011034 0.994126 -0.107666 3.892000 -0.000596 0.107666 0.994187 -0.000000 0.000000 0.000000 0.000000 1.000000
0.999939 0.011036 -0.000596 -0.000000 -0.011036 0.994123 -0.107695 3.892000 -0.000596 0.107695 0.994184 0.000000 0.000000 0.000000 0.000000 1.000000
0.999939 0.011032 -0.000596 0.000000 -0.011032 0.994127 -0.107658 3.892000 -0.000596 0.107658 0.994188 0.000000 0.000000 0.000000 0.000000 1.000000
0.999939 0.011022 -0.000594 -0.000000 -0.011022 0.994138 -0.107554 3.892000 -0.000595 0.107554 0.994199 -0.000000 0.000000 0.000000 0.000000 1.000000
0.999939 0.011022 -0.000595 -0.000000 -0.011022 0.994138 -0.107557 3.892000 -0.000594 0.107557 0.994199 0.000000 0.000000 0.000000 0.000000 1.000000
0.999939 0.011049 -0.000597 -0.000000 -0.011049 0.994109 -0.107817 3.892000 -0.000597 0.107817 0.994171 0.000000 0.000000 0.000000 0.000000 1.000000
0.999939 0.011071 -0.000600 0.000000 -0.011071 0.994086 -0.108034 3.892000 -0.000600 0.108034 0.994147 0.000000 0.000000 0.000000 0.000000 1.000000
0.999939 0.011025 -0.000595 0.000000 -0.011025 0.994135 -0.107586 3.892000 -0.000595 0.107586 0.994196 -0.000000 0.000000 0.000000 0.000000 1.000000
0.999940 0.010932 -0.000585 -0.000000 -0.010932 0.994234 -0.106676 3.892000 -0.000585 0.106676 0.994294 -0.000000 0.000000 0.000000 0.000000 1.000000
0.999939 0.011007 -0.000593 0.000000 -0.011007 0.994153 -0.107415 3.892000 -0.000593 0.107415 0.994214 0.000000 0.000000 0.000000 0.000000 1.000000
0.999933 0.011576 -0.000656 -0.000000 -0.011576 0.993531 -0.112968 3.892000 -0.000656 0.112968 0.993598 0.000000 0.000000 0.000000 0.000000 1.000000
0.999917 0.012822 -0.000805 0.000000 -0.012822 0.992059 -0.125121 3.892000 -0.000805 0.125121 0.992141 0.000000 0.000000 0.000000 0.000000 1.000000
0.999892 0.014654 -0.001053 -0.000000 -0.014654 0.989615 -0.142995 3.892000 -0.001053 0.142995 0.989723 0.000000 0.000000 0.000000 0.000000 1.000000
0.999857 0.016842 -0.001394 0.000000 -0.016842 0.986258 -0.164349 3.892000 -0.001393 0.164349 0.986401 0.000000 0.000000 0.000000 0.000000 1.000000
0.999814 0.019225 -0.001820 0.000000 -0.019225 0.982057 -0.187603 3.892000 -0.001819 0.187603 0.982243 0.000000 0.000000 0.000000 0.000000 1.000000
0.999761 0.021758 -0.002337 -0.000000 -0.021758 0.976958 -0.212318 3.892000 -0.002336 0.212318 0.977198 0.000000 0.000000 0.000000 0.000000 1.000000
0.999745 0.022441 -0.002488 0.000000 -0.022441 0.975470 -0.218985 3.892000 -0.002488 0.218985 0.975725 0.000000 0.000000 0.000000 0.000000 1.000000
0.999830 0.018358 -0.001658 0.000000 -0.018358 0.983652 -0.179142 3.892000 -0.001658 0.179142 0.983822 0.000000 0.000000 0.000000 0.000000 1.000000
0.999933 0.011566 -0.000655 0.000000 -0.011566 0.993543 -0.112863 3.892000 -0.000655 0.112863 0.993610 0.000000 0.000000 0.000000 0.000000 1.000000
0.999989 0.004716 -0.000109 -0.000000 -0.004716 0.998930 -0.046017 3.892000 -0.000108 0.046017 0.998941 -0.000000 0.000000 0.000000 0.000000 1.000000
1.000000 0.000524 -0.000001 0.000000 -0.000524 0.999987 -0.005112 3.892000 -0.000001 0.005112 0.999987 0.000000 0.000000 0.000000 0.000000 1.000000
1.000000 0.000745 -0.000003 0.000000 -0.000745 0.999973 -0.007274 3.892000 -0.000003 0.007274 0.999974 0.000000 0.000000 0.000000 0.000000 1.000000
0.999990 0.004487 -0.000098 0.000000 -0.004487 0.999031 -0.043789 3.892000 -0.000099 0.043789 0.999041 0.000000 0.000000 0.000000 0.000000 1.000000
0.999933 0.011597 -0.000659 0.000000 -0.011597 0.993509 -0.113164 3.892000 -0.000658 0.113164 0.993576 0.000000 0.000000 0.000000 0.000000 1.000000
0.999710 0.023929 -0.002834 0.000000 -0.023929 0.972060 -0.233512 3.892000 -0.002833 0.233512 0.972350 0.000000 0.000000 0.000000 0.000000 1.000000
0.999261 0.037750 -0.007210 0.000000 -0.037750 0.928911 -0.368375 3.892000 -0.007209 0.368375 0.929649 -0.000000 0.000000 0.000000 0.000000 1.000000
0.998853 0.046563 -0.011197 -0.000000 -0.046563 0.889593 -0.454375 3.892000 -0.011196 0.454375 0.890740 0.000000 0.000000 0.000000 0.000000 1.000000
0.998772 0.048069 -0.011982 -0.000000 -0.048069 0.881851 -0.469071 3.892000 -0.011981 0.469071 0.883079 0.000000 0.000000 0.000000 0.000000 1.000000
0.998750 0.048472 -0.012198 0.000000 -0.048472 0.879724 -0.473007 3.892000 -0.012197 0.473007 0.880974 0.000000 0.000000 0.000000 0.000000 1.000000
0.998722 0.048981 -0.012473 0.000000 -0.048981 0.877008 -0.477973 3.892000 -0.012473 0.477973 0.878286 0.000000 0.000000 0.000000 0.000000 1.000000
0.998700 0.049376 -0.012690 0.000000 -0.049376 0.874873 -0.481828 3.892000 -0.012689 0.481828 0.876174 -0.000000 0.000000 0.000000 0.000000 1.000000
0.998695 0.049464 -0.012738 0.000000 -0.049465 0.874392 -0.482692 3.892000 -0.012738 0.482692 0.875698 -0.000000 0.000000 0.000000 0.000000 1.000000
0.998695 0.049461 -0.012736 0.000000 -0.049461 0.874415 -0.482651 3.892000 -0.012736 0.482651 0.875720 0.000000 0.000000 0.000000 0.000000 1.000000
0.998682 0.049691 -0.012864 0.000000 -0.049691 0.873156 -0.484901 3.892000 -0.012863 0.484901 0.874474 -0.000000 0.000000 0.000000 0.000000 1.000000
0.998656 0.050144 -0.013116 -0.000000 -0.050144 0.870663 -0.489318 3.892000 -0.013116 0.489318 0.872007 0.000000 0.000000 0.000000 0.000000 1.000000
0.998632 0.050552 -0.013348 0.000000 -0.050552 0.868386 -0.493306 3.892000 -0.013347 0.493306 0.869753 -0.000000 0.000000 0.000000 0.000000 1.000000
0.998617 0.050807 -0.013493 0.000000 -0.050807 0.866953 -0.495794 3.892000 -0.013492 0.495794 0.868335 0.000000 0.000000 0.000000 0.000000 1.000000
0.998603 0.051050 -0.013632 0.000000 -0.051050 0.865582 -0.498158 3.892000 -0.013631 0.498158 0.866979 0.000000 0.000000 0.000000 0.000000 1.000000
0.998582 0.051411 -0.013841 0.000000 -0.051412 0.863520 -0.501687 3.892000 -0.013840 0.501687 0.864938 0.000000 0.000000 0.000000 0.000000 1.000000
0.998555 0.051859 -0.014103 0.000000 -0.051859 0.860942 -0.506052 3.892000 -0.014102 0.506052 0.862388 0.000000 0.000000 0.000000 0.000000 1.000000</float_array>
        <technique_common>
          <accessor source="#mixamorig_LeftHandIndex2-Matrix-animation-output-transform-array" count="51" stride="16">
            <param type="float4x4"/>
          </accessor>
        </technique_common>
      </source>
      <source id="mixamorig_LeftHandIndex2-Interpolations">
        <Name_array id="mixamorig_LeftHandIndex2-Interpolations-array" count="51">
 LINEAR LINEAR LINEAR LINEAR LINEAR LINEAR LINEAR LINEAR LINEAR LINEAR LINEAR
LINEAR LINEAR LINEAR LINEAR LINEAR LINEAR LINEAR LINEAR LINEAR LINEAR LINEAR LINEAR
LINEAR LINEAR LINEAR LINEAR LINEAR LINEAR LINEAR LINEAR LINEAR LINEAR LINEAR LINEAR
LINEAR LINEAR LINEAR LINEAR LINEAR LINEAR LINEAR LINEAR LINEAR LINEAR LINEAR LINEAR
LINEAR LINEAR LINEAR LINEAR</Name_array>
        <technique_common>
          <accessor source="#mixamorig_LeftHandIndex2-Interpolations-array" count="51">
            <param type="name"/>
          </accessor>
        </technique_common>
      </source>
      <sampler id="mixamorig_LeftHandIndex2-Matrix-animation-transform">
        <input semantic="INPUT" source="#mixamorig_LeftHandIndex2-Matrix-animation-input"/>
        <input semantic="OUTPUT" source="#mixamorig_LeftHandIndex2-Matrix-animation-output-transform"/>
        <input semantic="INTERPOLATION" source="#mixamorig_LeftHandIndex2-Interpolations"/>
      </sampler>
      <channel source="#mixamorig_LeftHandIndex2-Matrix-animation-transform" target="mixamorig_LeftHandIndex2/matrix"/>
    </animation>
    <animation id="mixamorig_LeftHandIndex3-anim" name="mixamorig_LeftHandIndex3">
      <source id="mixamorig_LeftHandIndex3-Matrix-animation-input">
        <float_array id="mixamorig_LeftHandIndex3-Matrix-animation-input-array" count="51">

0.000000 0.033333 0.066667 0.100000 0.133333 0.166667 0.200000 0.233333 0.266667 0.300000 0.333333 0.366667 0.400000 0.433333 0.466667 0.500000
0.533333 0.566667 0.600000 0.633333 0.666667 0.700000 0.733333 0.766667 0.800000 0.833333 0.866667 0.900000 0.933333 0.966667 1.000000 1.033333
1.066667 1.100000 1.133333 1.166667 1.200000 1.233333 1.266667 1.300000 1.333333 1.366667 1.400000 1.433333 1.466667 1.500000 1.533333 1.566667
1.600000 1.633333 1.666667</float_array>
        <technique_common>
          <accessor source="#mixamorig_LeftHandIndex3-Matrix-animation-input-array" count="51">
            <param name="TIME" type="float"/>
          </accessor>
        </technique_common>
      </source>
      <source id="mixamorig_LeftHandIndex3-Matrix-animation-output-transform">
        <float_array id="mixamorig_LeftHandIndex3-Matrix-animation-output-transform-array" count="816">

0.999979 0.006497 -0.000206 0.000000 -0.006497 0.997967 -0.063404 3.415200 -0.000206 0.063404 0.997988 -0.000000 0.000000 0.000000 0.000000 1.000000
0.999979 0.006497 -0.000206 -0.000000 -0.006497 0.997967 -0.063404 3.415200 -0.000206 0.063404 0.997988 0.000000 0.000000 0.000000 0.000000 1.000000
0.999979 0.006498 -0.000206 0.000000 -0.006498 0.997967 -0.063404 3.415200 -0.000206 0.063404 0.997988 0.000000 0.000000 0.000000 0.000000 1.000000
0.999979 0.006497 -0.000206 0.000000 -0.006497 0.997967 -0.063405 3.415200 -0.000206 0.063405 0.997988 0.000000 0.000000 0.000000 0.000000 1.000000
0.999979 0.006497 -0.000206 0.000000 -0.006497 0.997967 -0.063404 3.415200 -0.000206 0.063404 0.997988 0.000000 0.000000 0.000000 0.000000 1.000000
0.999979 0.006497 -0.000206 0.000000 -0.006497 0.997967 -0.063403 3.415200 -0.000206 0.063403 0.997988 0.000000 0.000000 0.000000 0.000000 1.000000
0.999979 0.006498 -0.000206 0.000000 -0.006498 0.997967 -0.063405 3.415200 -0.000206 0.063405 0.997988 0.000000 0.000000 0.000000 0.000000 1.000000
0.999979 0.006498 -0.000206 0.000000 -0.006498 0.997966 -0.063409 3.415200 -0.000206 0.063409 0.997988 0.000000 0.000000 0.000000 0.000000 1.000000
0.999979 0.006498 -0.000206 0.000000 -0.006498 0.997967 -0.063406 3.415200 -0.000206 0.063406 0.997988 -0.000000 0.000000 0.000000 0.000000 1.000000
0.999979 0.006497 -0.000206 0.000000 -0.006497 0.997967 -0.063394 3.415200 -0.000206 0.063394 0.997989 0.000000 0.000000 0.000000 0.000000 1.000000
0.999979 0.006496 -0.000206 -0.000000 -0.006496 0.997968 -0.063390 3.415200 -0.000206 0.063390 0.997989 0.000000 0.000000 0.000000 0.000000 1.000000
0.999979 0.006499 -0.000206 0.000000 -0.006499 0.997966 -0.063420 3.415200 -0.000206 0.063420 0.997987 0.000000 0.000000 0.000000 0.000000 1.000000
0.999979 0.006503 -0.000207 0.000000 -0.006503 0.997964 -0.063454 3.415200 -0.000206 0.063454 0.997985 0.000000 0.000000 0.000000 0.000000 1.000000
0.999979 0.006498 -0.000206 0.000000 -0.006498 0.997967 -0.063405 3.415200 -0.000206 0.063405 0.997988 0.000000 0.000000 0.000000 0.000000 1.000000
0.999979 0.006484 -0.000205 0.000000 -0.006484 0.997975 -0.063275 3.415200 -0.000205 0.063275 0.997996 0.000000 0.000000 0.000000 0.000000 1.000000
0.999979 0.006485 -0.000206 -0.000000 -0.006485 0.997974 -0.063285 3.415200 -0.000205 0.063285 0.997995 0.000000 0.000000 0.000000 0.000000 1.000000
0.999979 0.006519 -0.000208 0.000000 -0.006519 0.997953 -0.063617 3.415200 -0.000208 0.063617 0.997974 -0.000000 0.000000 0.000000 0.000000 1.000000
0.999979 0.006546 -0.000209 -0.000000 -0.006546 0.997936 -0.063883 3.415200 -0.000209 0.063883 0.997957 -0.000000 0.000000 0.000000 0.000000 1.000000
0.999979 0.006486 -0.000206 -0.000000 -0.006486 0.997974 -0.063295 3.415200 -0.000205 0.063295 0.997995 0.000000 0.000000 0.000000 0.000000 1.000000
0.999980 0.006369 -0.000198 0.000000 -0.006369 0.998046 -0.062152 3.415200 -0.000198 0.062152 0.998067 0.000000 0.000000 0.000000 0.000000 1.000000
0.999979 0.006471 -0.000205 0.000000 -0.006471 0.997983 -0.063147 3.415200 -0.000204 0.063147 0.998004 0.000000 0.000000 0.000000 0.000000 1.000000
0.999974 0.007196 -0.000253 0.000000 -0.007196 0.997506 -0.070217 3.415200 -0.000253 0.070217 0.997532 -0.000000 0.000000 0.000000 0.000000 1.000000
0.999968 0.008045 -0.000316 0.000000 -0.008045 0.996881 -0.078510 3.415200 -0.000316 0.078510 0.996913 -0.000000 0.000000 0.000000 0.000000 1.000000
0.999994 0.003503 -0.000060 -0.000000 -0.003503 0.999409 -0.034188 3.415200 -0.000060 0.034188 0.999415 0.000000 0.000000 0.000000 0.000000 1.000000
0.999981 -0.006134 -0.000184 -0.000000 0.006134 0.998188 0.059854 3.415200 -0.000184 -0.059854 0.998207 0.000000 0.000000 0.000000 0.000000 1.000000
0.999855 -0.016966 -0.001414 -0.000000 0.016966 0.986054 0.165559 3.415200 -0.001414 -0.165559 0.986199 0.000000 0.000000 0.000000 0.000000 1.000000
0.999683 -0.024980 -0.003091 0.000000 0.024980 0.969514 0.243758 3.415200 -0.003092 -0.243758 0.969831 0.000000 0.000000 0.000000 0.000000 1.000000
0.999646 -0.026385 -0.003455 -0.000000 0.026385 0.965926 0.257471 3.415200 -0.003456 -0.257471 0.966280 0.000000 0.000000 0.000000 0.000000 1.000000
0.999646 -0.026385 -0.003455 0.000000 0.026385 0.965926 0.257471 3.415200 -0.003456 -0.257471 0.966280 0.000000 0.000000 0.000000 0.000000 1.000000
0.999646 -0.026385 -0.003455 0.000000 0.026385 0.965926 0.257471 3.415200 -0.003456 -0.257471 0.966280 0.000000 0.000000 0.000000 0.000000 1.000000
0.999646 -0.026385 -0.003455 0.000000 0.026385 0.965926 0.257471 3.415200 -0.003456 -0.257471 0.966280 0.000000 0.000000 0.000000 0.000000 1.000000
0.999646 -0.026384 -0.003455 0.000000 0.026384 0.965929 0.257461 3.415200 -0.003455 -0.257461 0.966283 -0.000000 0.000000 0.000000 0.000000 1.000000
0.999646 -0.026385 -0.003455 0.000000 0.026385 0.965926 0.257471 3.415200 -0.003456 -0.257471 0.966280 0.000000 0.000000 0.000000 0.000000 1.000000
0.999646 -0.026385 -0.003455 0.000000 0.026385 0.965926 0.257471 3.415200 -0.003456 -0.257471 0.966280 0.000000 0.000000 0.000000 0.000000 1.000000
0.999718 -0.023603 -0.002756 -0.000000 0.023603 0.972828 0.230324 3.415200 -0.002756 -0.230324 0.973110 0.000000 0.000000 0.000000 0.000000 1.000000
1.000000 0.000449 -0.000001 0.000000 -0.000449 0.999990 -0.004382 3.415200 -0.000001 0.004382 0.999990 -0.000000 0.000000 0.000000 0.000000 1.000000
0.999501 0.031208 -0.004869 0.000000 -0.031208 0.951989 -0.304538 3.415200 -0.004869 0.304538 0.952488 -0.000000 0.000000 0.000000 0.000000 1.000000
0.998581 0.051429 -0.013852 0.000000 -0.051430 0.863416 -0.501864 3.415200 -0.013851 0.501864 0.864836 0.000000 0.000000 0.000000 0.000000 1.000000
0.998343 0.055228 -0.016172 0.000000 -0.055228 0.840538 -0.538930 3.415200 -0.016171 0.538930 0.842195 0.000000 0.000000 0.000000 0.000000 1.000000
0.998308 0.055756 -0.016513 0.000000 -0.055757 0.837173 -0.544089 3.415200 -0.016512 0.544089 0.838865 0.000000 0.000000 0.000000 0.000000 1.000000
0.998346 0.055176 -0.016139 0.000000 -0.055177 0.840862 -0.538429 3.415200 -0.016138 0.538429 0.842516 0.000000 0.000000 0.000000 0.000000 1.000000
0.998429 0.053901 -0.015336 0.000000 -0.053901 0.848784 -0.525985 3.415200 -0.015335 0.525985 0.850355 -0.000000 0.000000 0.000000 0.000000 1.000000
0.998503 0.052710 -0.014609 -0.000000 -0.052710 0.855953 -0.514360 3.415200 -0.014608 0.514360 0.857450 -0.000000 0.000000 0.000000 0.000000 1.000000
0.998534 0.052201 -0.014305 0.000000 -0.052201 0.858951 -0.509391 3.415200 -0.014304 0.509391 0.860416 0.000000 0.000000 0.000000 0.000000 1.000000
0.998523 0.052392 -0.014418 -0.000000 -0.052392 0.857832 -0.511252 3.415200 -0.014417 0.511252 0.859310 0.000000 0.000000 0.000000 0.000000 1.000000
0.998492 0.052891 -0.014718 -0.000000 -0.052891 0.854878 -0.516126 3.415200 -0.014717 0.516126 0.856386 0.000000 0.000000 0.000000 0.000000 1.000000
0.998463 0.053348 -0.014995 0.000000 -0.053348 0.852140 -0.520587 3.415200 -0.014995 0.520587 0.853677 -0.000000 0.000000 0.000000 0.000000 1.000000
0.998444 0.053660 -0.015187 0.000000 -0.053660 0.850254 -0.523630 3.415200 -0.015186 0.523630 0.851810 0.000000 0.000000 0.000000 0.000000 1.000000
0.998431 0.053867 -0.015314 -0.000000 -0.053867 0.848996 -0.525647 3.415200 -0.015313 0.525647 0.850565 0.000000 0.000000 0.000000 0.000000 1.000000
0.998422 0.054006 -0.015400 0.000000 -0.054006 0.848143 -0.527007 3.415200 -0.015400 0.527007 0.849722 -0.000000 0.000000 0.000000 0.000000 1.000000
0.998417 0.054079 -0.015446 0.000000 -0.054079 0.847694 -0.527722 3.415200 -0.015446 0.527722 0.849277 0.000000 0.000000 0.000000 0.000000 1.000000</float_array>
        <technique_common>
          <accessor source="#mixamorig_LeftHandIndex3-Matrix-animation-output-transform-array" count="51" stride="16">
            <param type="float4x4"/>
          </accessor>
        </technique_common>
      </source>
      <source id="mixamorig_LeftHandIndex3-Interpolations">
        <Name_array id="mixamorig_LeftHandIndex3-Interpolations-array" count="51">
 LINEAR LINEAR LINEAR LINEAR LINEAR LINEAR LINEAR LINEAR LINEAR LINEAR LINEAR
LINEAR LINEAR LINEAR LINEAR LINEAR LINEAR LINEAR LINEAR LINEAR LINEAR LINEAR LINEAR
LINEAR LINEAR LINEAR LINEAR LINEAR LINEAR LINEAR LINEAR LINEAR LINEAR LINEAR LINEAR
LINEAR LINEAR LINEAR LINEAR LINEAR LINEAR LINEAR LINEAR LINEAR LINEAR LINEAR LINEAR
LINEAR LINEAR LINEAR LINEAR</Name_array>
        <technique_common>
          <accessor source="#mixamorig_LeftHandIndex3-Interpolations-array" count="51">
            <param type="name"/>
          </accessor>
        </technique_common>
      </source>
      <sampler id="mixamorig_LeftHandIndex3-Matrix-animation-transform">
        <input semantic="INPUT" source="#mixamorig_LeftHandIndex3-Matrix-animation-input"/>
        <input semantic="OUTPUT" source="#mixamorig_LeftHandIndex3-Matrix-animation-output-transform"/>
        <input semantic="INTERPOLATION" source="#mixamorig_LeftHandIndex3-Interpolations"/>
      </sampler>
      <channel source="#mixamorig_LeftHandIndex3-Matrix-animation-transform" target="mixamorig_LeftHandIndex3/matrix"/>
    </animation>
    <animation id="mixamorig_LeftHandMiddle1-anim" name="mixamorig_LeftHandMiddle1">
      <source id="mixamorig_LeftHandMiddle1-Matrix-animation-input">
        <float_array id="mixamorig_LeftHandMiddle1-Matrix-animation-input-array" count="51">

0.000000 0.033333 0.066667 0.100000 0.133333 0.166667 0.200000 0.233333 0.266667 0.300000 0.333333 0.366667 0.400000 0.433333 0.466667 0.500000
0.533333 0.566667 0.600000 0.633333 0.666667 0.700000 0.733333 0.766667 0.800000 0.833333 0.866667 0.900000 0.933333 0.966667 1.000000 1.033333
1.066667 1.100000 1.133333 1.166667 1.200000 1.233333 1.266667 1.300000 1.333333 1.366667 1.400000 1.433333 1.466667 1.500000 1.533333 1.566667
1.600000 1.633333 1.666667</float_array>
        <technique_common>
          <accessor source="#mixamorig_LeftHandMiddle1-Matrix-animation-input-array" count="51">
            <param name="TIME" type="float"/>
          </accessor>
        </technique_common>
      </source>
      <source id="mixamorig_LeftHandMiddle1-Matrix-animation-output-transform">
        <float_array id="mixamorig_LeftHandMiddle1-Matrix-animation-output-transform-array" count="816">

0.999691 -0.024830 0.001471 -0.000000 0.024825 0.999686 0.003287 12.775500 -0.001552 -0.003249 0.999994 0.000000 0.000000 0.000000 0.000000 1.000000
0.999691 -0.024830 0.001471 -0.000000 0.024825 0.999686 0.003287 12.775500 -0.001552 -0.003249 0.999994 0.000000 0.000000 0.000000 0.000000 1.000000
0.999691 -0.024829 0.001471 0.000000 0.024824 0.999686 0.003287 12.775500 -0.001552 -0.003249 0.999994 0.000000 0.000000 0.000000 0.000000 1.000000
0.999691 -0.024829 0.001471 0.000000 0.024825 0.999686 0.003287 12.775500 -0.001552 -0.003249 0.999994 -0.000000 0.000000 0.000000 0.000000 1.000000
0.999691 -0.024830 0.001471 0.000000 0.024825 0.999686 0.003288 12.775500 -0.001552 -0.003250 0.999994 0.000000 0.000000 0.000000 0.000000 1.000000
0.999691 -0.024830 0.001471 0.000000 0.024825 0.999686 0.003289 12.775500 -0.001552 -0.003251 0.999994 0.000000 0.000000 0.000000 0.000000 1.000000
0.999691 -0.024829 0.001471 0.000000 0.024824 0.999686 0.003286 12.775500 -0.001552 -0.003249 0.999994 0.000000 0.000000 0.000000 0.000000 1.000000
0.999691 -0.024829 0.001471 0.000000 0.024824 0.999686 0.003282 12.775500 -0.001552 -0.003244 0.999994 0.000000 0.000000 0.000000 0.000000 1.000000
0.999691 -0.024830 0.001471 0.000000 0.024825 0.999686 0.003285 12.775500 -0.001552 -0.003247 0.999994 0.000000 0.000000 0.000000 0.000000 1.000000
0.999691 -0.024831 0.001471 0.000000 0.024826 0.999686 0.003299 12.775500 -0.001553 -0.003261 0.999993 0.000000 0.000000 0.000000 0.000000 1.000000
0.999691 -0.024830 0.001471 0.000000 0.024825 0.999686 0.003302 12.775500 -0.001553 -0.003265 0.999993 0.000000 0.000000 0.000000 0.000000 1.000000
0.999691 -0.024826 0.001470 -0.000000 0.024821 0.999687 0.003268 12.775500 -0.001551 -0.003230 0.999994 0.000000 0.000000 0.000000 0.000000 1.000000
0.999691 -0.024825 0.001469 0.000000 0.024821 0.999687 0.003231 12.775500 -0.001548 -0.003193 0.999994 -0.000000 0.000000 0.000000 0.000000 1.000000
0.999690 -0.024836 0.001471 -0.000000 0.024831 0.999686 0.003289 12.775500 -0.001552 -0.003251 0.999994 0.000000 0.000000 0.000000 0.000000 1.000000
0.999690 -0.024845 0.001477 0.000000 0.024840 0.999686 0.003434 12.775500 -0.001562 -0.003397 0.999993 -0.000000 0.000000 0.000000 0.000000 1.000000
0.999691 -0.024828 0.001476 0.000000 0.024823 0.999686 0.003414 12.775500 -0.001560 -0.003376 0.999993 0.000000 0.000000 0.000000 0.000000 1.000000
0.999692 -0.024789 0.001460 -0.000000 0.024784 0.999688 0.003035 12.775500 -0.001535 -0.002998 0.999994 0.000000 0.000000 0.000000 0.000000 1.000000
0.999691 -0.024797 0.001449 0.000000 0.024793 0.999689 0.002757 12.775500 -0.001517 -0.002720 0.999995 0.000000 0.000000 0.000000 0.000000 1.000000
0.999689 -0.024901 0.001478 -0.000000 0.024896 0.999684 0.003446 12.775500 -0.001563 -0.003408 0.999993 0.000000 0.000000 0.000000 0.000000 1.000000
0.999687 -0.024970 0.001529 -0.000000 0.024962 0.999677 0.004706 12.775500 -0.001646 -0.004666 0.999988 0.000000 0.000000 0.000000 0.000000 1.000000
0.999693 -0.024716 0.001478 -0.000000 0.024711 0.999689 0.003496 12.775500 -0.001564 -0.003458 0.999993 -0.000000 0.000000 0.000000 0.000000 1.000000
0.999711 -0.024033 0.001151 -0.000000 0.024037 0.999701 -0.004456 12.775500 -0.001044 0.004482 0.999989 0.000000 0.000000 0.000000 0.000000 1.000000
0.999729 -0.023270 0.000445 0.000000 0.023274 0.999505 -0.021186 12.775500 0.000048 0.021191 0.999775 0.000000 0.000000 0.000000 0.000000 1.000000
0.999734 -0.023045 -0.000605 0.000000 0.022994 0.998723 -0.044996 12.775500 0.001641 0.044970 0.998987 -0.000000 0.000000 0.000000 0.000000 1.000000
0.999717 -0.023708 -0.001890 0.000000 0.023508 0.997081 -0.072641 12.775500 0.003607 0.072576 0.997356 0.000000 0.000000 0.000000 0.000000 1.000000
0.999680 -0.025087 -0.003347 -0.000000 0.024614 0.994457 -0.102218 12.775500 0.005893 0.102102 0.994756 -0.000000 0.000000 0.000000 0.000000 1.000000
0.999631 -0.026694 -0.004991 0.000000 0.025788 0.990699 -0.133609 12.775500 0.008511 0.133431 0.991022 0.000000 0.000000 0.000000 0.000000 1.000000
0.999552 -0.029314 -0.006107 -0.000000 0.028023 0.987643 -0.154194 12.775500 0.010551 0.153954 0.988022 0.000000 0.000000 0.000000 0.000000 1.000000
0.999394 -0.034370 -0.005531 0.000000 0.033208 0.988907 -0.144777 12.775500 0.010445 0.144506 0.989449 -0.000000 0.000000 0.000000 0.000000 1.000000
0.999184 -0.040177 -0.004023 0.000000 0.039423 0.992243 -0.117893 12.775500 0.008728 0.117638 0.993018 0.000000 0.000000 0.000000 0.000000 1.000000
0.998996 -0.044719 -0.002534 -0.000000 0.044313 0.994994 -0.089573 12.775500 0.006527 0.089371 0.995977 0.000000 0.000000 0.000000 0.000000 1.000000
0.998941 -0.045974 -0.001870 0.000000 0.045698 0.996042 -0.076233 12.775500 0.005367 0.076067 0.997088 0.000000 0.000000 0.000000 0.000000 1.000000
0.999053 -0.043444 -0.002297 -0.000000 0.043095 0.995488 -0.084531 12.775500 0.005959 0.084352 0.996418 0.000000 0.000000 0.000000 0.000000 1.000000
0.999255 -0.038422 -0.003576 0.000000 0.037804 0.993320 -0.109027 12.775500 0.007741 0.108810 0.994032 0.000000 0.000000 0.000000 0.000000 1.000000
0.999545 -0.029361 -0.006972 0.000000 0.027756 0.985148 -0.169451 12.775500 0.011843 0.169180 0.985514 0.000000 0.000000 0.000000 0.000000 1.000000
0.999807 -0.013038 -0.014697 0.000000 0.008276 0.957950 -0.286815 12.775500 0.017819 0.286638 0.957873 0.000000 0.000000 0.000000 0.000000 1.000000
0.999603 0.011502 -0.025740 0.000000 -0.021307 0.906087 -0.422554 12.775500 0.018462 0.422935 0.905972 0.000000 0.000000 0.000000 0.000000 1.000000
0.998513 0.041514 -0.035334 0.000000 -0.053841 0.852628 -0.519736 12.775500 0.008550 0.520866 0.853596 0.000000 0.000000 0.000000 0.000000 1.000000
0.996832 0.069052 -0.039479 0.000000 -0.079327 0.826683 -0.557048 12.775500 -0.005828 0.558415 0.829542 0.000000 0.000000 0.000000 0.000000 1.000000
0.995296 0.087218 -0.042172 0.000000 -0.095460 0.808700 -0.580423 12.775500 -0.016518 0.581719 0.813222 0.000000 0.000000 0.000000 0.000000 1.000000
0.994779 0.092288 -0.043564 0.000000 -0.100108 0.799501 -0.592264 12.775500 -0.019830 0.593533 0.804566 0.000000 0.000000 0.000000 0.000000 1.000000
0.994847 0.091866 -0.042901 0.000000 -0.099514 0.803723 -0.586623 12.775500 -0.019410 0.587869 0.808723 0.000000 0.000000 0.000000 0.000000 1.000000
0.994603 0.095648 -0.040216 -0.000000 -0.101634 0.820060 -0.563180 12.775500 -0.020888 0.564228 0.825355 -0.000000 0.000000 0.000000 0.000000 1.000000
0.993886 0.104238 -0.036400 0.000000 -0.107676 0.842153 -0.528379 12.775500 -0.024423 0.529068 0.848228 0.000000 0.000000 0.000000 0.000000 1.000000
0.993209 0.111739 -0.032421 0.000000 -0.113235 0.864325 -0.490020 12.775500 -0.026732 0.490363 0.871108 0.000000 0.000000 0.000000 0.000000 1.000000
0.993015 0.114432 -0.028759 -0.000000 -0.115012 0.884324 -0.452486 12.775500 -0.026347 0.452633 0.891308 0.000000 0.000000 0.000000 0.000000 1.000000
0.993388 0.111906 -0.025632 0.000000 -0.112326 0.901279 -0.418423 12.775500 -0.023722 0.418536 0.907890 0.000000 0.000000 0.000000 0.000000 1.000000
0.994295 0.104081 -0.023341 0.000000 -0.104874 0.913953 -0.392034 12.775500 -0.019471 0.392245 0.919655 0.000000 0.000000 0.000000 0.000000 1.000000
0.995465 0.092513 -0.022134 0.000000 -0.094007 0.921219 -0.377516 12.775500 -0.014535 0.377885 0.925739 0.000000 0.000000 0.000000 0.000000 1.000000
0.996411 0.081761 -0.021917 0.000000 -0.084006 0.923295 -0.374792 12.775500 -0.010407 0.375288 0.926850 -0.000000 0.000000 0.000000 0.000000 1.000000
0.996791 0.076871 -0.022340 0.000000 -0.079587 0.921626 -0.379830 12.775500 -0.008609 0.380389 0.924787 -0.000000 0.000000 0.000000 0.000000 1.000000</float_array>
        <technique_common>
          <accessor source="#mixamorig_LeftHandMiddle1-Matrix-animation-output-transform-array" count="51" stride="16">
            <param type="float4x4"/>
          </accessor>
        </technique_common>
      </source>
      <source id="mixamorig_LeftHandMiddle1-Interpolations">
        <Name_array id="mixamorig_LeftHandMiddle1-Interpolations-array" count="51">
 LINEAR LINEAR LINEAR LINEAR LINEAR LINEAR LINEAR LINEAR LINEAR LINEAR LINEAR
LINEAR LINEAR LINEAR LINEAR LINEAR LINEAR LINEAR LINEAR LINEAR LINEAR LINEAR LINEAR
LINEAR LINEAR LINEAR LINEAR LINEAR LINEAR LINEAR LINEAR LINEAR LINEAR LINEAR LINEAR
LINEAR LINEAR LINEAR LINEAR LINEAR LINEAR LINEAR LINEAR LINEAR LINEAR LINEAR LINEAR
LINEAR LINEAR LINEAR LINEAR</Name_array>
        <technique_common>
          <accessor source="#mixamorig_LeftHandMiddle1-Interpolations-array" count="51">
            <param type="name"/>
          </accessor>
        </technique_common>
      </source>
      <sampler id="mixamorig_LeftHandMiddle1-Matrix-animation-transform">
        <input semantic="INPUT" source="#mixamorig_LeftHandMiddle1-Matrix-animation-input"/>
        <input semantic="OUTPUT" source="#mixamorig_LeftHandMiddle1-Matrix-animation-output-transform"/>
        <input semantic="INTERPOLATION" source="#mixamorig_LeftHandMiddle1-Interpolations"/>
      </sampler>
      <channel source="#mixamorig_LeftHandMiddle1-Matrix-animation-transform" target="mixamorig_LeftHandMiddle1/matrix"/>
    </animation>
    <animation id="mixamorig_LeftHandMiddle2-anim" name="mixamorig_LeftHandMiddle2">
      <source id="mixamorig_LeftHandMiddle2-Matrix-animation-input">
        <float_array id="mixamorig_LeftHandMiddle2-Matrix-animation-input-array" count="51">

0.000000 0.033333 0.066667 0.100000 0.133333 0.166667 0.200000 0.233333 0.266667 0.300000 0.333333 0.366667 0.400000 0.433333 0.466667 0.500000
0.533333 0.566667 0.600000 0.633333 0.666667 0.700000 0.733333 0.766667 0.800000 0.833333 0.866667 0.900000 0.933333 0.966667 1.000000 1.033333
1.066667 1.100000 1.133333 1.166667 1.200000 1.233333 1.266667 1.300000 1.333333 1.366667 1.400000 1.433333 1.466667 1.500000 1.533333 1.566667
1.600000 1.633333 1.666667</float_array>
        <technique_common>
          <accessor source="#mixamorig_LeftHandMiddle2-Matrix-animation-input-array" count="51">
            <param name="TIME" type="float"/>
          </accessor>
        </technique_common>
      </source>
      <source id="mixamorig_LeftHandMiddle2-Matrix-animation-output-transform">
        <float_array id="mixamorig_LeftHandMiddle2-Matrix-animation-output-transform-array" count="816">

0.999838 0.017923 -0.001580 0.000000 -0.017923 0.984423 -0.174899 3.614000 -0.001580 0.174899 0.984585 0.000000 0.000000 0.000000 0.000000 1.000000
0.999838 0.017923 -0.001580 0.000000 -0.017923 0.984423 -0.174899 3.614000 -0.001580 0.174899 0.984585 0.000000 0.000000 0.000000 0.000000 1.000000
0.999838 0.017923 -0.001580 0.000000 -0.017923 0.984423 -0.174899 3.614000 -0.001580 0.174899 0.984585 0.000000 0.000000 0.000000 0.000000 1.000000
0.999838 0.017923 -0.001580 0.000000 -0.017923 0.984423 -0.174899 3.614000 -0.001580 0.174899 0.984585 0.000000 0.000000 0.000000 0.000000 1.000000
0.999838 0.017923 -0.001580 0.000000 -0.017923 0.984423 -0.174898 3.614000 -0.001580 0.174898 0.984585 0.000000 0.000000 0.000000 0.000000 1.000000
0.999838 0.017923 -0.001580 0.000000 -0.017923 0.984424 -0.174897 3.614000 -0.001579 0.174897 0.984585 -0.000000 0.000000 0.000000 0.000000 1.000000
0.999838 0.017923 -0.001580 0.000000 -0.017923 0.984423 -0.174899 3.614000 -0.001580 0.174899 0.984585 0.000000 0.000000 0.000000 0.000000 1.000000
0.999838 0.017923 -0.001580 0.000000 -0.017923 0.984423 -0.174902 3.614000 -0.001580 0.174902 0.984585 0.000000 0.000000 0.000000 0.000000 1.000000
0.999838 0.017923 -0.001580 0.000000 -0.017923 0.984423 -0.174900 3.614000 -0.001580 0.174900 0.984585 0.000000 0.000000 0.000000 0.000000 1.000000
0.999838 0.017922 -0.001580 -0.000000 -0.017922 0.984425 -0.174891 3.614000 -0.001579 0.174891 0.984587 -0.000000 0.000000 0.000000 0.000000 1.000000
0.999838 0.017922 -0.001580 -0.000000 -0.017922 0.984425 -0.174888 3.614000 -0.001579 0.174888 0.984587 -0.000000 0.000000 0.000000 0.000000 1.000000
0.999838 0.017924 -0.001580 0.000000 -0.017924 0.984421 -0.174910 3.614000 -0.001580 0.174910 0.984583 0.000000 0.000000 0.000000 0.000000 1.000000
0.999838 0.017927 -0.001580 0.000000 -0.017927 0.984416 -0.174937 3.614000 -0.001580 0.174937 0.984578 0.000000 0.000000 0.000000 0.000000 1.000000
0.999838 0.017923 -0.001580 -0.000000 -0.017923 0.984423 -0.174900 3.614000 -0.001580 0.174900 0.984585 -0.000000 0.000000 0.000000 0.000000 1.000000
0.999838 0.017913 -0.001578 0.000000 -0.017913 0.984441 -0.174802 3.614000 -0.001578 0.174802 0.984602 0.000000 0.000000 0.000000 0.000000 1.000000
0.999838 0.017914 -0.001578 -0.000000 -0.017914 0.984440 -0.174807 3.614000 -0.001578 0.174807 0.984601 -0.000000 0.000000 0.000000 0.000000 1.000000
0.999838 0.017939 -0.001583 0.000000 -0.017939 0.984395 -0.175057 3.614000 -0.001582 0.175057 0.984557 0.000000 0.000000 0.000000 0.000000 1.000000
0.999837 0.017960 -0.001587 -0.000000 -0.017960 0.984358 -0.175261 3.614000 -0.001586 0.175261 0.984521 0.000000 0.000000 0.000000 0.000000 1.000000
0.999838 0.017915 -0.001578 0.000000 -0.017915 0.984437 -0.174824 3.614000 -0.001578 0.174824 0.984598 0.000000 0.000000 0.000000 0.000000 1.000000
0.999840 0.017827 -0.001563 0.000000 -0.017827 0.984592 -0.173958 3.614000 -0.001562 0.173958 0.984752 0.000000 0.000000 0.000000 0.000000 1.000000
0.999839 0.017901 -0.001576 -0.000000 -0.017901 0.984461 -0.174688 3.614000 -0.001576 0.174688 0.984623 0.000000 0.000000 0.000000 0.000000 1.000000
0.999828 0.018447 -0.001674 -0.000000 -0.018447 0.983492 -0.180011 3.614000 -0.001674 0.180011 0.983663 -0.000000 0.000000 0.000000 0.000000 1.000000
0.999814 0.019214 -0.001818 0.000000 -0.019214 0.982077 -0.187499 3.614000 -0.001817 0.187499 0.982263 -0.000000 0.000000 0.000000 0.000000 1.000000
0.999855 0.016982 -0.001417 -0.000000 -0.016982 0.986026 -0.165722 3.614000 -0.001417 0.165722 0.986171 0.000000 0.000000 0.000000 0.000000 1.000000
0.999929 0.011937 -0.000698 -0.000000 -0.011937 0.993121 -0.116487 3.614000 -0.000698 0.116487 0.993192 0.000000 0.000000 0.000000 0.000000 1.000000
0.999980 0.006364 -0.000198 -0.000000 -0.006364 0.998050 -0.062100 3.614000 -0.000198 0.062100 0.998070 0.000000 0.000000 0.000000 0.000000 1.000000
0.999996 0.002720 -0.000036 0.000000 -0.002720 0.999644 -0.026542 3.614000 -0.000036 0.026542 0.999648 0.000000 0.000000 0.000000 0.000000 1.000000
0.999996 0.002652 -0.000034 -0.000000 -0.002652 0.999662 -0.025874 3.614000 -0.000034 0.025874 0.999665 -0.000000 0.000000 0.000000 0.000000 1.000000
0.999987 0.005066 -0.000125 -0.000000 -0.005066 0.998765 -0.049434 3.614000 -0.000125 0.049434 0.998777 0.000000 0.000000 0.000000 0.000000 1.000000
0.999964 0.008528 -0.000356 0.000000 -0.008528 0.996495 -0.083222 3.614000 -0.000355 0.083222 0.996531 0.000000 0.000000 0.000000 0.000000 1.000000
0.999932 0.011676 -0.000668 0.000000 -0.011676 0.993419 -0.113940 3.614000 -0.000667 0.113940 0.993487 0.000000 0.000000 0.000000 0.000000 1.000000
0.999913 0.013160 -0.000849 0.000000 -0.013160 0.991632 -0.128423 3.614000 -0.000849 0.128423 0.991719 -0.000000 0.000000 0.000000 0.000000 1.000000
0.999947 0.010273 -0.000516 -0.000000 -0.010273 0.994910 -0.100243 3.614000 -0.000516 0.100243 0.994963 -0.000000 0.000000 0.000000 0.000000 1.000000
0.999992 0.003997 -0.000078 0.000000 -0.003997 0.999231 -0.039004 3.614000 -0.000078 0.039004 0.999239 -0.000000 0.000000 0.000000 0.000000 1.000000
0.999987 0.005166 -0.000130 -0.000000 -0.005166 0.998715 -0.050412 3.614000 -0.000130 0.050412 0.998729 -0.000000 0.000000 0.000000 0.000000 1.000000
0.999805 0.019638 -0.001900 0.000000 -0.019638 0.981269 -0.191638 3.614000 -0.001899 0.191638 0.981464 -0.000000 0.000000 0.000000 0.000000 1.000000
0.999221 0.038730 -0.007604 0.000000 -0.038730 0.925018 -0.377943 3.614000 -0.007604 0.377943 0.925798 0.000000 0.000000 0.000000 0.000000 1.000000
0.998575 0.051518 -0.013903 -0.000000 -0.051518 0.862910 -0.502725 3.614000 -0.013902 0.502725 0.864335 0.000000 0.000000 0.000000 0.000000 1.000000
0.998429 0.053894 -0.015332 0.000000 -0.053895 0.848825 -0.525920 3.614000 -0.015330 0.525920 0.850396 0.000000 0.000000 0.000000 0.000000 1.000000
0.998385 0.054578 -0.015759 -0.000000 -0.054578 0.844612 -0.532590 3.614000 -0.015758 0.532590 0.846227 0.000000 0.000000 0.000000 0.000000 1.000000
0.998341 0.055255 -0.016189 0.000000 -0.055256 0.840363 -0.539200 3.614000 -0.016189 0.539200 0.842022 0.000000 0.000000 0.000000 0.000000 1.000000
0.998298 0.055911 -0.016614 0.000000 -0.055911 0.836180 -0.545597 3.614000 -0.016613 0.545597 0.837883 0.000000 0.000000 0.000000 0.000000 1.000000
0.998267 0.056361 -0.016909 0.000000 -0.056361 0.833266 -0.549991 3.614000 -0.016908 0.549991 0.834999 0.000000 0.000000 0.000000 0.000000 1.000000
0.998260 0.056475 -0.016984 -0.000000 -0.056475 0.832528 -0.551097 3.614000 -0.016983 0.551097 0.834268 0.000000 0.000000 0.000000 0.000000 1.000000
0.998271 0.056304 -0.016872 0.000000 -0.056305 0.833637 -0.549435 3.614000 -0.016871 0.549435 0.835366 0.000000 0.000000 0.000000 0.000000 1.000000
0.998290 0.056019 -0.016684 0.000000 -0.056019 0.835486 -0.546649 3.614000 -0.016683 0.546649 0.837196 0.000000 0.000000 0.000000 0.000000 1.000000
0.998309 0.055742 -0.016503 0.000000 -0.055742 0.837268 -0.543945 3.614000 -0.016502 0.543945 0.838959 -0.000000 0.000000 0.000000 0.000000 1.000000
0.998325 0.055503 -0.016349 0.000000 -0.055503 0.838790 -0.541618 3.614000 -0.016348 0.541618 0.840466 -0.000000 0.000000 0.000000 0.000000 1.000000
0.998337 0.055323 -0.016233 -0.000000 -0.055323 0.839937 -0.539856 3.614000 -0.016232 0.539856 0.841601 -0.000000 0.000000 0.000000 0.000000 1.000000
0.998342 0.055246 -0.016184 0.000000 -0.055246 0.840421 -0.539111 3.614000 -0.016183 0.539111 0.842079 0.000000 0.000000 0.000000 0.000000 1.000000
0.998337 0.055313 -0.016226 -0.000000 -0.055313 0.840000 -0.539760 3.614000 -0.016225 0.539760 0.841662 0.000000 0.000000 0.000000 0.000000 1.000000</float_array>
        <technique_common>
          <accessor source="#mixamorig_LeftHandMiddle2-Matrix-animation-output-transform-array" count="51" stride="16">
            <param type="float4x4"/>
          </accessor>
        </technique_common>
      </source>
      <source id="mixamorig_LeftHandMiddle2-Interpolations">
        <Name_array id="mixamorig_LeftHandMiddle2-Interpolations-array" count="51">
 LINEAR LINEAR LINEAR LINEAR LINEAR LINEAR LINEAR LINEAR LINEAR LINEAR LINEAR
LINEAR LINEAR LINEAR LINEAR LINEAR LINEAR LINEAR LINEAR LINEAR LINEAR LINEAR LINEAR
LINEAR LINEAR LINEAR LINEAR LINEAR LINEAR LINEAR LINEAR LINEAR LINEAR LINEAR LINEAR
LINEAR LINEAR LINEAR LINEAR LINEAR LINEAR LINEAR LINEAR LINEAR LINEAR LINEAR LINEAR
LINEAR LINEAR LINEAR LINEAR</Name_array>
        <technique_common>
          <accessor source="#mixamorig_LeftHandMiddle2-Interpolations-array" count="51">
            <param type="name"/>
          </accessor>
        </technique_common>
      </source>
      <sampler id="mixamorig_LeftHandMiddle2-Matrix-animation-transform">
        <input semantic="INPUT" source="#mixamorig_LeftHandMiddle2-Matrix-animation-input"/>
        <input semantic="OUTPUT" source="#mixamorig_LeftHandMiddle2-Matrix-animation-output-transform"/>
        <input semantic="INTERPOLATION" source="#mixamorig_LeftHandMiddle2-Interpolations"/>
      </sampler>
      <channel source="#mixamorig_LeftHandMiddle2-Matrix-animation-transform" target="mixamorig_LeftHandMiddle2/matrix"/>
    </animation>
    <animation id="mixamorig_LeftHandMiddle3-anim" name="mixamorig_LeftHandMiddle3">
      <source id="mixamorig_LeftHandMiddle3-Matrix-animation-input">
        <float_array id="mixamorig_LeftHandMiddle3-Matrix-animation-input-array" count="51">

0.000000 0.033333 0.066667 0.100000 0.133333 0.166667 0.200000 0.233333 0.266667 0.300000 0.333333 0.366667 0.400000 0.433333 0.466667 0.500000
0.533333 0.566667 0.600000 0.633333 0.666667 0.700000 0.733333 0.766667 0.800000 0.833333 0.866667 0.900000 0.933333 0.966667 1.000000 1.033333
1.066667 1.100000 1.133333 1.166667 1.200000 1.233333 1.266667 1.300000 1.333333 1.366667 1.400000 1.433333 1.466667 1.500000 1.533333 1.566667
1.600000 1.633333 1.666667</float_array>
        <technique_common>
          <accessor source="#mixamorig_LeftHandMiddle3-Matrix-animation-input-array" count="51">
            <param name="TIME" type="float"/>
          </accessor>
        </technique_common>
      </source>
      <source id="mixamorig_LeftHandMiddle3-Matrix-animation-output-transform">
        <float_array id="mixamorig_LeftHandMiddle3-Matrix-animation-output-transform-array" count="816">

0.999930 -0.011780 -0.000679 -0.000000 0.011780 0.993301 0.114953 3.459800 -0.000679 -0.114953 0.993371 0.000000 0.000000 0.000000 0.000000 1.000000
0.999930 -0.011780 -0.000679 0.000000 0.011780 0.993301 0.114953 3.459800 -0.000679 -0.114953 0.993371 -0.000000 0.000000 0.000000 0.000000 1.000000
0.999930 -0.011780 -0.000679 0.000000 0.011780 0.993301 0.114953 3.459800 -0.000679 -0.114953 0.993371 0.000000 0.000000 0.000000 0.000000 1.000000
0.999930 -0.011780 -0.000679 0.000000 0.011780 0.993301 0.114953 3.459800 -0.000679 -0.114953 0.993371 0.000000 0.000000 0.000000 0.000000 1.000000
0.999930 -0.011780 -0.000679 0.000000 0.011780 0.993301 0.114954 3.459800 -0.000679 -0.114954 0.993371 0.000000 0.000000 0.000000 0.000000 1.000000
0.999930 -0.011780 -0.000679 0.000000 0.011780 0.993301 0.114955 3.459800 -0.000679 -0.114955 0.993371 0.000000 0.000000 0.000000 0.000000 1.000000
0.999930 -0.011780 -0.000679 0.000000 0.011780 0.993301 0.114953 3.459800 -0.000679 -0.114953 0.993371 0.000000 0.000000 0.000000 0.000000 1.000000
0.999930 -0.011779 -0.000679 0.000000 0.011779 0.993302 0.114949 3.459800 -0.000679 -0.114949 0.993371 -0.000000 0.000000 0.000000 0.000000 1.000000
0.999930 -0.011780 -0.000679 0.000000 0.011780 0.993301 0.114951 3.459800 -0.000679 -0.114951 0.993371 -0.000000 0.000000 0.000000 0.000000 1.000000
0.999930 -0.011781 -0.000679 -0.000000 0.011781 0.993300 0.114963 3.459800 -0.000680 -0.114963 0.993370 0.000000 0.000000 0.000000 0.000000 1.000000
0.999930 -0.011781 -0.000680 0.000000 0.011781 0.993300 0.114966 3.459800 -0.000679 -0.114966 0.993369 0.000000 0.000000 0.000000 0.000000 1.000000
0.999930 -0.011778 -0.000679 0.000000 0.011778 0.993303 0.114939 3.459800 -0.000679 -0.114939 0.993372 0.000000 0.000000 0.000000 0.000000 1.000000
0.999930 -0.011775 -0.000679 -0.000000 0.011775 0.993307 0.114907 3.459800 -0.000679 -0.114907 0.993376 0.000000 0.000000 0.000000 0.000000 1.000000
0.999930 -0.011780 -0.000679 0.000000 0.011780 0.993301 0.114952 3.459800 -0.000679 -0.114952 0.993371 0.000000 0.000000 0.000000 0.000000 1.000000
0.999930 -0.011793 -0.000681 -0.000000 0.011793 0.993287 0.115073 3.459800 -0.000681 -0.115073 0.993357 0.000000 0.000000 0.000000 0.000000 1.000000
0.999930 -0.011792 -0.000681 0.000000 0.011792 0.993288 0.115065 3.459800 -0.000681 -0.115065 0.993358 -0.000000 0.000000 0.000000 0.000000 1.000000
0.999931 -0.011760 -0.000677 0.000000 0.011760 0.993324 0.114756 3.459800 -0.000677 -0.114756 0.993394 0.000000 0.000000 0.000000 0.000000 1.000000
0.999931 -0.011735 -0.000674 0.000000 0.011735 0.993353 0.114508 3.459800 -0.000674 -0.114508 0.993422 0.000000 0.000000 0.000000 0.000000 1.000000
0.999930 -0.011790 -0.000680 -0.000000 0.011790 0.993289 0.115053 3.459800 -0.000681 -0.115053 0.993359 0.000000 0.000000 0.000000 0.000000 1.000000
0.999929 -0.011899 -0.000693 -0.000000 0.011899 0.993164 0.116117 3.459800 -0.000693 -0.116117 0.993235 0.000000 0.000000 0.000000 0.000000 1.000000
0.999930 -0.011805 -0.000682 -0.000000 0.011805 0.993272 0.115197 3.459800 -0.000682 -0.115197 0.993342 -0.000000 0.000000 0.000000 0.000000 1.000000
0.999938 -0.011131 -0.000606 0.000000 0.011131 0.994021 0.108619 3.459800 -0.000607 -0.108619 0.994083 0.000000 0.000000 0.000000 0.000000 1.000000
0.999949 -0.010079 -0.000497 -0.000000 0.010079 0.995101 0.098351 3.459800 -0.000497 -0.098351 0.995152 0.000000 0.000000 0.000000 0.000000 1.000000
0.999930 -0.011851 -0.000688 -0.000000 0.011851 0.993220 0.115644 3.459800 -0.000688 -0.115644 0.993291 0.000000 0.000000 0.000000 0.000000 1.000000
0.999864 -0.016427 -0.001325 0.000000 0.016427 0.986931 0.160304 3.459800 -0.001325 -0.160304 0.987067 0.000000 0.000000 0.000000 0.000000 1.000000
0.999760 -0.021760 -0.002337 0.000000 0.021760 0.976953 0.212343 3.459800 -0.002337 -0.212343 0.977192 0.000000 0.000000 0.000000 0.000000 1.000000
0.999664 -0.025708 -0.003277 -0.000000 0.025708 0.967680 0.250866 3.459800 -0.003278 -0.250866 0.968016 0.000000 0.000000 0.000000 0.000000 1.000000
0.999646 -0.026385 -0.003455 0.000000 0.026385 0.965926 0.257471 3.459800 -0.003456 -0.257471 0.966280 0.000000 0.000000 0.000000 0.000000 1.000000
0.999646 -0.026385 -0.003455 0.000000 0.026385 0.965926 0.257471 3.459800 -0.003456 -0.257471 0.966280 0.000000 0.000000 0.000000 0.000000 1.000000
0.999646 -0.026385 -0.003455 -0.000000 0.026385 0.965926 0.257471 3.459800 -0.003456 -0.257471 0.966280 0.000000 0.000000 0.000000 0.000000 1.000000
0.999646 -0.026385 -0.003455 0.000000 0.026385 0.965926 0.257470 3.459800 -0.003456 -0.257470 0.966280 0.000000 0.000000 0.000000 0.000000 1.000000
0.999646 -0.026384 -0.003455 0.000000 0.026384 0.965926 0.257468 3.459800 -0.003455 -0.257468 0.966281 0.000000 0.000000 0.000000 0.000000 1.000000
0.999646 -0.026385 -0.003455 0.000000 0.026385 0.965926 0.257471 3.459800 -0.003456 -0.257471 0.966280 -0.000000 0.000000 0.000000 0.000000 1.000000
0.999646 -0.026385 -0.003455 0.000000 0.026385 0.965926 0.257471 3.459800 -0.003456 -0.257471 0.966280 0.000000 0.000000 0.000000 0.000000 1.000000
0.999700 -0.024319 -0.002927 0.000000 0.024319 0.971129 0.237311 3.459800 -0.002928 -0.237311 0.971429 0.000000 0.000000 0.000000 0.000000 1.000000
0.999978 -0.006598 -0.000213 0.000000 0.006598 0.997904 0.064381 3.459800 -0.000212 -0.064381 0.997925 0.000000 0.000000 0.000000 0.000000 1.000000
0.999865 0.016383 -0.001318 0.000000 -0.016383 0.987002 -0.159871 3.459800 -0.001318 0.159871 0.987137 0.000000 0.000000 0.000000 0.000000 1.000000
0.999465 0.032297 -0.005224 0.000000 -0.032297 0.948486 -0.315168 3.459800 -0.005224 0.315168 0.949022 0.000000 0.000000 0.000000 0.000000 1.000000
0.999341 0.035720 -0.006429 -0.000000 -0.035720 0.936605 -0.348563 3.459800 -0.006429 0.348563 0.937263 -0.000000 0.000000 0.000000 0.000000 1.000000
0.999293 0.036960 -0.006900 0.000000 -0.036961 0.931960 -0.360673 3.459800 -0.006900 0.360673 0.932667 0.000000 0.000000 0.000000 0.000000 1.000000
0.999250 0.038024 -0.007319 0.000000 -0.038024 0.927834 -0.371049 3.459800 -0.007318 0.371049 0.928584 0.000000 0.000000 0.000000 0.000000 1.000000
0.999208 0.039026 -0.007726 -0.000000 -0.039026 0.923821 -0.380831 3.459800 -0.007725 0.380831 0.924613 0.000000 0.000000 0.000000 0.000000 1.000000
0.999168 0.039958 -0.008116 0.000000 -0.039959 0.919979 -0.389925 3.459800 -0.008115 0.389925 0.920811 0.000000 0.000000 0.000000 0.000000 1.000000
0.999132 0.040778 -0.008467 -0.000000 -0.040778 0.916511 -0.397926 3.459800 -0.008466 0.397926 0.917379 0.000000 0.000000 0.000000 0.000000 1.000000
0.999100 0.041487 -0.008778 0.000000 -0.041487 0.913444 -0.404845 3.459800 -0.008778 0.404845 0.914343 0.000000 0.000000 0.000000 0.000000 1.000000
0.999072 0.042109 -0.009056 -0.000000 -0.042109 0.910703 -0.410909 3.459800 -0.009055 0.410909 0.911631 0.000000 0.000000 0.000000 0.000000 1.000000
0.999047 0.042644 -0.009299 -0.000000 -0.042644 0.908304 -0.416132 3.459800 -0.009299 0.416132 0.909257 -0.000000 0.000000 0.000000 0.000000 1.000000
0.999027 0.043070 -0.009496 0.000000 -0.043070 0.906366 -0.420293 3.459800 -0.009495 0.420293 0.907339 0.000000 0.000000 0.000000 0.000000 1.000000
0.999013 0.043368 -0.009635 -0.000000 -0.043368 0.904998 -0.423199 3.459800 -0.009634 0.423199 0.905986 0.000000 0.000000 0.000000 0.000000 1.000000
0.999004 0.043543 -0.009717 0.000000 -0.043544 0.904188 -0.424910 3.459800 -0.009716 0.424910 0.905183 0.000000 0.000000 0.000000 0.000000 1.000000
0.999001 0.043619 -0.009752 0.000000 -0.043619 0.903836 -0.425649 3.459800 -0.009752 0.425649 0.904836 -0.000000 0.000000 0.000000 0.000000 1.000000</float_array>
        <technique_common>
          <accessor source="#mixamorig_LeftHandMiddle3-Matrix-animation-output-transform-array" count="51" stride="16">
            <param type="float4x4"/>
          </accessor>
        </technique_common>
      </source>
      <source id="mixamorig_LeftHandMiddle3-Interpolations">
        <Name_array id="mixamorig_LeftHandMiddle3-Interpolations-array" count="51">
 LINEAR LINEAR LINEAR LINEAR LINEAR LINEAR LINEAR LINEAR LINEAR LINEAR LINEAR
LINEAR LINEAR LINEAR LINEAR LINEAR LINEAR LINEAR LINEAR LINEAR LINEAR LINEAR LINEAR
LINEAR LINEAR LINEAR LINEAR LINEAR LINEAR LINEAR LINEAR LINEAR LINEAR LINEAR LINEAR
LINEAR LINEAR LINEAR LINEAR LINEAR LINEAR LINEAR LINEAR LINEAR LINEAR LINEAR LINEAR
LINEAR LINEAR LINEAR LINEAR</Name_array>
        <technique_common>
          <accessor source="#mixamorig_LeftHandMiddle3-Interpolations-array" count="51">
            <param type="name"/>
          </accessor>
        </technique_common>
      </source>
      <sampler id="mixamorig_LeftHandMiddle3-Matrix-animation-transform">
        <input semantic="INPUT" source="#mixamorig_LeftHandMiddle3-Matrix-animation-input"/>
        <input semantic="OUTPUT" source="#mixamorig_LeftHandMiddle3-Matrix-animation-output-transform"/>
        <input semantic="INTERPOLATION" source="#mixamorig_LeftHandMiddle3-Interpolations"/>
      </sampler>
      <channel source="#mixamorig_LeftHandMiddle3-Matrix-animation-transform" target="mixamorig_LeftHandMiddle3/matrix"/>
    </animation>
    <animation id="mixamorig_LeftHandRing1-anim" name="mixamorig_LeftHandRing1">
      <source id="mixamorig_LeftHandRing1-Matrix-animation-input">
        <float_array id="mixamorig_LeftHandRing1-Matrix-animation-input-array" count="51">

0.000000 0.033333 0.066667 0.100000 0.133333 0.166667 0.200000 0.233333 0.266667 0.300000 0.333333 0.366667 0.400000 0.433333 0.466667 0.500000
0.533333 0.566667 0.600000 0.633333 0.666667 0.700000 0.733333 0.766667 0.800000 0.833333 0.866667 0.900000 0.933333 0.966667 1.000000 1.033333
1.066667 1.100000 1.133333 1.166667 1.200000 1.233333 1.266667 1.300000 1.333333 1.366667 1.400000 1.433333 1.466667 1.500000 1.533333 1.566667
1.600000 1.633333 1.666667</float_array>
        <technique_common>
          <accessor source="#mixamorig_LeftHandRing1-Matrix-animation-input-array" count="51">
            <param name="TIME" type="float"/>
          </accessor>
        </technique_common>
      </source>
      <source id="mixamorig_LeftHandRing1-Matrix-animation-output-transform">
        <float_array id="mixamorig_LeftHandRing1-Matrix-animation-output-transform-array" count="816">

0.997877 0.065109 -0.001562 2.216600 -0.065083 0.996030 -0.060731 12.147000 -0.002398 0.060704 0.998153 -0.010000 0.000000 0.000000 0.000000 1.000000
0.997877 0.065108 -0.001562 2.216600 -0.065083 0.996030 -0.060731 12.147000 -0.002398 0.060704 0.998153 -0.010000 0.000000 0.000000 0.000000 1.000000
0.997877 0.065109 -0.001562 2.216600 -0.065083 0.996030 -0.060731 12.147000 -0.002398 0.060704 0.998153 -0.010000 0.000000 0.000000 0.000000 1.000000
0.997877 0.065108 -0.001562 2.216600 -0.065083 0.996030 -0.060732 12.147000 -0.002398 0.060704 0.998153 -0.010000 0.000000 0.000000 0.000000 1.000000
0.997877 0.065108 -0.001562 2.216600 -0.065083 0.996030 -0.060730 12.147000 -0.002398 0.060703 0.998153 -0.010000 0.000000 0.000000 0.000000 1.000000
0.997877 0.065109 -0.001562 2.216600 -0.065083 0.996030 -0.060729 12.147000 -0.002398 0.060702 0.998153 -0.010000 0.000000 0.000000 0.000000 1.000000
0.997877 0.065109 -0.001562 2.216600 -0.065083 0.996030 -0.060732 12.147000 -0.002398 0.060704 0.998153 -0.010000 0.000000 0.000000 0.000000 1.000000
0.997877 0.065109 -0.001562 2.216600 -0.065083 0.996030 -0.060737 12.147000 -0.002398 0.060710 0.998153 -0.010000 0.000000 0.000000 0.000000 1.000000
0.997877 0.065109 -0.001562 2.216600 -0.065083 0.996030 -0.060734 12.147000 -0.002398 0.060707 0.998153 -0.010000 0.000000 0.000000 0.000000 1.000000
0.997877 0.065108 -0.001561 2.216600 -0.065082 0.996031 -0.060717 12.147000 -0.002398 0.060689 0.998154 -0.010000 0.000000 0.000000 0.000000 1.000000
0.997877 0.065108 -0.001561 2.216600 -0.065083 0.996031 -0.060712 12.147000 -0.002398 0.060684 0.998154 -0.010000 0.000000 0.000000 0.000000 1.000000
0.997877 0.065110 -0.001563 2.216600 -0.065084 0.996029 -0.060753 12.147000 -0.002399 0.060726 0.998152 -0.010000 0.000000 0.000000 0.000000 1.000000
0.997877 0.065111 -0.001565 2.216600 -0.065085 0.996026 -0.060800 12.147000 -0.002400 0.060773 0.998149 -0.010000 0.000000 0.000000 0.000000 1.000000
0.997877 0.065106 -0.001562 2.216600 -0.065081 0.996030 -0.060732 12.147000 -0.002398 0.060705 0.998153 -0.010000 0.000000 0.000000 0.000000 1.000000
0.997877 0.065102 -0.001553 2.216600 -0.065076 0.996041 -0.060551 12.147000 -0.002395 0.060524 0.998164 -0.010000 0.000000 0.000000 0.000000 1.000000
0.997877 0.065108 -0.001554 2.216600 -0.065082 0.996040 -0.060568 12.147000 -0.002395 0.060541 0.998163 -0.010000 0.000000 0.000000 0.000000 1.000000
0.997876 0.065125 -0.001577 2.216600 -0.065100 0.996011 -0.061031 12.147000 -0.002404 0.061004 0.998135 -0.010000 0.000000 0.000000 0.000000 1.000000
0.997876 0.065124 -0.001594 2.216600 -0.065099 0.995989 -0.061391 12.147000 -0.002411 0.061364 0.998113 -0.010000 0.000000 0.000000 0.000000 1.000000
0.997879 0.065082 -0.001554 2.216600 -0.065056 0.996042 -0.060565 12.147000 -0.002394 0.060538 0.998163 -0.010000 0.000000 0.000000 0.000000 1.000000
0.997881 0.065047 -0.001479 2.216600 -0.065021 0.996139 -0.058991 12.147000 -0.002363 0.058963 0.998257 -0.010000 0.000000 0.000000 0.000000 1.000000
0.997874 0.065147 -0.001547 2.216600 -0.065121 0.996047 -0.060406 12.147000 -0.002395 0.060379 0.998173 -0.010000 0.000000 0.000000 0.000000 1.000000
0.997853 0.065455 -0.002019 2.216600 -0.065435 0.995384 -0.070203 12.147000 -0.002586 0.070184 0.997531 -0.010000 0.000000 0.000000 0.000000 1.000000
0.997831 0.065763 -0.003018 2.216600 -0.065767 0.993742 -0.090281 12.147000 -0.002938 0.090283 0.995912 -0.010000 0.000000 0.000000 0.000000 1.000000
0.997869 0.065124 -0.004134 2.216600 -0.065178 0.991597 -0.111742 12.147000 -0.003178 0.111774 0.993729 -0.010000 0.000000 0.000000 0.000000 1.000000
0.997983 0.063274 -0.005089 2.216600 -0.063400 0.989562 -0.129414 12.147000 -0.003152 0.129476 0.991578 -0.010000 0.000000 0.000000 0.000000 1.000000
0.998149 0.060534 -0.005867 2.216600 -0.060749 0.987803 -0.143369 12.147000 -0.002884 0.143460 0.989652 -0.010000 0.000000 0.000000 0.000000 1.000000
0.998332 0.057354 -0.006576 2.216600 -0.057678 0.986102 -0.155807 12.147000 -0.002451 0.155927 0.987766 -0.010000 0.000000 0.000000 0.000000 1.000000
0.998521 0.053889 -0.007216 2.216600 -0.054337 0.984488 -0.166825 12.147000 -0.001885 0.166970 0.985960 -0.010000 0.000000 0.000000 0.000000 1.000000
0.998722 0.049957 -0.007607 2.216600 -0.050519 0.983541 -0.173477 12.147000 -0.001185 0.173640 0.984808 -0.010000 0.000000 0.000000 0.000000 1.000000
0.998915 0.045900 -0.007852 2.216600 -0.046565 0.982988 -0.177667 12.147000 -0.000437 0.177840 0.984059 -0.010000 0.000000 0.000000 0.000000 1.000000
0.999074 0.042257 -0.008107 2.216600 -0.043026 0.982355 -0.182008 12.147000 0.000273 0.182188 0.983264 -0.010000 0.000000 0.000000 0.000000 1.000000
0.999177 0.039645 -0.008538 2.216600 -0.040544 0.981106 -0.189177 12.147000 0.000876 0.189367 0.981906 -0.010000 0.000000 0.000000 0.000000 1.000000
0.999264 0.037366 -0.008650 2.216600 -0.038330 0.980819 -0.191117 12.147000 0.001343 0.191308 0.981529 -0.010000 0.000000 0.000000 0.000000 1.000000
0.999341 0.035263 -0.008588 2.216600 -0.036253 0.981084 -0.190160 12.147000 0.001720 0.190346 0.981716 -0.010000 0.000000 0.000000 0.000000 1.000000
0.999190 0.038414 -0.012010 2.216600 -0.040183 0.969101 -0.243368 12.147000 0.002290 0.243653 0.969860 -0.010000 0.000000 0.000000 0.000000 1.000000
0.998457 0.050609 -0.022852 2.216600 -0.055509 0.920653 -0.386416 12.147000 0.001482 0.387088 0.922042 -0.010000 0.000000 0.000000 0.000000 1.000000
0.996958 0.067439 -0.039067 2.216600 -0.077781 0.829233 -0.553465 12.147000 -0.004929 0.554820 0.831956 -0.010000 0.000000 0.000000 0.000000 1.000000
0.995266 0.081762 -0.052550 2.216600 -0.095983 0.741746 -0.663777 12.147000 -0.015293 0.665678 0.746082 -0.010000 0.000000 0.000000 0.000000 1.000000
0.994561 0.087453 -0.056580 2.216600 -0.102183 0.713861 -0.692792 12.147000 -0.020197 0.694805 0.718915 -0.010000 0.000000 0.000000 0.000000 1.000000
0.994715 0.085039 -0.057536 2.216600 -0.100942 0.707462 -0.699506 12.147000 -0.018780 0.701617 0.712307 -0.010000 0.000000 0.000000 0.000000 1.000000
0.995277 0.079024 -0.056380 2.216600 -0.096018 0.715962 -0.691505 12.147000 -0.014280 0.693652 0.720168 -0.010000 0.000000 0.000000 0.000000 1.000000
0.995484 0.078613 -0.053211 2.216600 -0.093991 0.737656 -0.668603 12.147000 -0.013309 0.670585 0.741714 -0.010000 0.000000 0.000000 0.000000 1.000000
0.995003 0.087096 -0.048813 2.216600 -0.098224 0.766257 -0.634982 12.147000 -0.017901 0.636604 0.770983 -0.010000 0.000000 0.000000 0.000000 1.000000
0.994177 0.098345 -0.044052 2.216600 -0.105148 0.795845 -0.596301 12.147000 -0.023585 0.597461 0.801551 -0.010000 0.000000 0.000000 0.000000 1.000000
0.993519 0.106668 -0.039259 2.216600 -0.110459 0.824673 -0.554719 12.147000 -0.026795 0.555461 0.831111 -0.010000 0.000000 0.000000 0.000000 1.000000
0.992995 0.112972 -0.034625 2.216600 -0.114714 0.851487 -0.511675 12.147000 -0.028322 0.512062 0.858481 -0.010000 0.000000 0.000000 0.000000 1.000000
0.992599 0.117441 -0.030905 2.216600 -0.117970 0.872089 -0.474915 12.147000 -0.028823 0.475046 0.879489 -0.010000 0.000000 0.000000 0.000000 1.000000
0.992998 0.114518 -0.029005 2.216600 -0.115122 0.882967 -0.455101 12.147000 -0.026507 0.455253 0.889967 -0.010000 0.000000 0.000000 0.000000 1.000000
0.994393 0.101705 -0.028974 2.216600 -0.103730 0.884723 -0.454429 12.147000 -0.020583 0.454886 0.890312 -0.010000 0.000000 0.000000 0.000000 1.000000
0.995770 0.086861 -0.029961 2.216600 -0.090815 0.880845 -0.464613 12.147000 -0.013966 0.465368 0.885007 -0.010000 0.000000 0.000000 0.000000 1.000000
0.996090 0.082723 -0.031011 2.216600 -0.087500 0.875371 -0.475467 12.147000 -0.012186 0.476321 0.879187 -0.010000 0.000000 0.000000 0.000000 1.000000</float_array>
        <technique_common>
          <accessor source="#mixamorig_LeftHandRing1-Matrix-animation-output-transform-array" count="51" stride="16">
            <param type="float4x4"/>
          </accessor>
        </technique_common>
      </source>
      <source id="mixamorig_LeftHandRing1-Interpolations">
        <Name_array id="mixamorig_LeftHandRing1-Interpolations-array" count="51">
 LINEAR LINEAR LINEAR LINEAR LINEAR LINEAR LINEAR LINEAR LINEAR LINEAR LINEAR
LINEAR LINEAR LINEAR LINEAR LINEAR LINEAR LINEAR LINEAR LINEAR LINEAR LINEAR LINEAR
LINEAR LINEAR LINEAR LINEAR LINEAR LINEAR LINEAR LINEAR LINEAR LINEAR LINEAR LINEAR
LINEAR LINEAR LINEAR LINEAR LINEAR LINEAR LINEAR LINEAR LINEAR LINEAR LINEAR LINEAR
LINEAR LINEAR LINEAR LINEAR</Name_array>
        <technique_common>
          <accessor source="#mixamorig_LeftHandRing1-Interpolations-array" count="51">
            <param type="name"/>
          </accessor>
        </technique_common>
      </source>
      <sampler id="mixamorig_LeftHandRing1-Matrix-animation-transform">
        <input semantic="INPUT" source="#mixamorig_LeftHandRing1-Matrix-animation-input"/>
        <input semantic="OUTPUT" source="#mixamorig_LeftHandRing1-Matrix-animation-output-transform"/>
        <input semantic="INTERPOLATION" source="#mixamorig_LeftHandRing1-Interpolations"/>
      </sampler>
      <channel source="#mixamorig_LeftHandRing1-Matrix-animation-transform" target="mixamorig_LeftHandRing1/matrix"/>
    </animation>
    <animation id="mixamorig_LeftHandRing2-anim" name="mixamorig_LeftHandRing2">
      <source id="mixamorig_LeftHandRing2-Matrix-animation-input">
        <float_array id="mixamorig_LeftHandRing2-Matrix-animation-input-array" count="51">

0.000000 0.033333 0.066667 0.100000 0.133333 0.166667 0.200000 0.233333 0.266667 0.300000 0.333333 0.366667 0.400000 0.433333 0.466667 0.500000
0.533333 0.566667 0.600000 0.633333 0.666667 0.700000 0.733333 0.766667 0.800000 0.833333 0.866667 0.900000 0.933333 0.966667 1.000000 1.033333
1.066667 1.100000 1.133333 1.166667 1.200000 1.233333 1.266667 1.300000 1.333333 1.366667 1.400000 1.433333 1.466667 1.500000 1.533333 1.566667
1.600000 1.633333 1.666667</float_array>
        <technique_common>
          <accessor source="#mixamorig_LeftHandRing2-Matrix-animation-input-array" count="51">
            <param name="TIME" type="float"/>
          </accessor>
        </technique_common>
      </source>
      <source id="mixamorig_LeftHandRing2-Matrix-animation-output-transform">
        <float_array id="mixamorig_LeftHandRing2-Matrix-animation-output-transform-array" count="816">

0.999984 0.005592 -0.000153 -0.000000 -0.005592 0.998494 -0.054573 3.601200 -0.000153 0.054573 0.998510 0.000000 0.000000 0.000000 0.000000 1.000000
0.999984 0.005592 -0.000153 0.000000 -0.005592 0.998494 -0.054573 3.601200 -0.000153 0.054573 0.998510 0.000000 0.000000 0.000000 0.000000 1.000000
0.999984 0.005592 -0.000153 0.000000 -0.005592 0.998494 -0.054573 3.601200 -0.000153 0.054573 0.998510 -0.000000 0.000000 0.000000 0.000000 1.000000
0.999984 0.005592 -0.000153 -0.000000 -0.005592 0.998494 -0.054573 3.601200 -0.000153 0.054573 0.998510 0.000000 0.000000 0.000000 0.000000 1.000000
0.999984 0.005592 -0.000153 -0.000000 -0.005592 0.998494 -0.054572 3.601200 -0.000153 0.054572 0.998510 0.000000 0.000000 0.000000 0.000000 1.000000
0.999984 0.005592 -0.000153 -0.000000 -0.005592 0.998494 -0.054572 3.601200 -0.000153 0.054572 0.998510 0.000000 0.000000 0.000000 0.000000 1.000000
0.999984 0.005592 -0.000153 0.000000 -0.005592 0.998494 -0.054574 3.601200 -0.000153 0.054574 0.998510 0.000000 0.000000 0.000000 0.000000 1.000000
0.999984 0.005593 -0.000153 0.000000 -0.005593 0.998494 -0.054577 3.601200 -0.000153 0.054577 0.998510 0.000000 0.000000 0.000000 0.000000 1.000000
0.999984 0.005593 -0.000153 0.000000 -0.005593 0.998494 -0.054575 3.601200 -0.000153 0.054575 0.998510 0.000000 0.000000 0.000000 0.000000 1.000000
0.999984 0.005591 -0.000153 0.000000 -0.005591 0.998495 -0.054564 3.601200 -0.000153 0.054564 0.998510 0.000000 0.000000 0.000000 0.000000 1.000000
0.999984 0.005591 -0.000153 0.000000 -0.005591 0.998495 -0.054560 3.601200 -0.000153 0.054560 0.998510 0.000000 0.000000 0.000000 0.000000 1.000000
0.999984 0.005594 -0.000153 0.000000 -0.005594 0.998493 -0.054587 3.601200 -0.000153 0.054587 0.998509 0.000000 0.000000 0.000000 0.000000 1.000000
0.999984 0.005597 -0.000153 0.000000 -0.005597 0.998492 -0.054619 3.601200 -0.000153 0.054619 0.998507 0.000000 0.000000 0.000000 0.000000 1.000000
0.999984 0.005593 -0.000153 -0.000000 -0.005593 0.998494 -0.054575 3.601200 -0.000153 0.054575 0.998510 0.000000 0.000000 0.000000 0.000000 1.000000
0.999984 0.005581 -0.000152 -0.000000 -0.005581 0.998501 -0.054456 3.601200 -0.000152 0.054456 0.998516 0.000000 0.000000 0.000000 0.000000 1.000000
0.999984 0.005581 -0.000152 -0.000000 -0.005581 0.998500 -0.054463 3.601200 -0.000152 0.054463 0.998516 0.000000 0.000000 0.000000 0.000000 1.000000
0.999984 0.005612 -0.000154 0.000000 -0.005612 0.998484 -0.054763 3.601200 -0.000154 0.054763 0.998499 -0.000000 0.000000 0.000000 0.000000 1.000000
0.999984 0.005637 -0.000155 0.000000 -0.005637 0.998470 -0.055008 3.601200 -0.000155 0.055008 0.998486 0.000000 0.000000 0.000000 0.000000 1.000000
0.999984 0.005583 -0.000152 0.000000 -0.005583 0.998499 -0.054483 3.601200 -0.000152 0.054483 0.998515 0.000000 0.000000 0.000000 0.000000 1.000000
0.999985 0.005477 -0.000146 0.000000 -0.005477 0.998556 -0.053442 3.601200 -0.000146 0.053442 0.998571 0.000000 0.000000 0.000000 0.000000 1.000000
0.999984 0.005566 -0.000151 0.000000 -0.005566 0.998508 -0.054320 3.601200 -0.000151 0.054320 0.998524 0.000000 0.000000 0.000000 0.000000 1.000000
0.999981 0.006222 -0.000189 0.000000 -0.006222 0.998135 -0.060719 3.601200 -0.000189 0.060719 0.998155 0.000000 0.000000 0.000000 0.000000 1.000000
0.999973 0.007392 -0.000267 0.000000 -0.007392 0.997368 -0.072132 3.601200 -0.000267 0.072132 0.997395 0.000000 0.000000 0.000000 0.000000 1.000000
0.999975 0.007015 -0.000241 -0.000000 -0.007015 0.997630 -0.068452 3.601200 -0.000240 0.068453 0.997654 0.000000 0.000000 0.000000 0.000000 1.000000
0.999988 0.004935 -0.000119 0.000000 -0.004935 0.998828 -0.048156 3.601200 -0.000119 0.048156 0.998840 0.000000 0.000000 0.000000 0.000000 1.000000
0.999997 0.002278 -0.000025 0.000000 -0.002278 0.999750 -0.022235 3.601200 -0.000025 0.022235 0.999753 0.000000 0.000000 0.000000 0.000000 1.000000
1.000000 0.000317 -0.000001 0.000000 -0.000317 0.999995 -0.003089 3.601200 -0.000000 0.003089 0.999995 0.000000 0.000000 0.000000 0.000000 1.000000
1.000000 -0.000000 0.000000 0.000000 0.000000 1.000000 -0.000000 3.601200 -0.000000 0.000000 1.000000 -0.000000 0.000000 0.000000 0.000000 1.000000
1.000000 -0.000000 -0.000000 0.000000 0.000000 1.000000 -0.000001 3.601200 0.000000 0.000001 1.000000 0.000000 0.000000 0.000000 0.000000 1.000000
1.000000 0.000000 -0.000000 -0.000000 -0.000000 1.000000 0.000000 3.601200 0.000000 -0.000000 1.000000 0.000000 0.000000 0.000000 0.000000 1.000000
1.000000 0.000000 -0.000000 0.000000 -0.000000 1.000000 0.000000 3.601200 0.000000 -0.000000 1.000000 -0.000000 0.000000 0.000000 0.000000 1.000000
1.000000 0.000000 0.000000 0.000000 -0.000000 1.000000 -0.000001 3.601200 -0.000000 0.000001 1.000000 -0.000000 0.000000 0.000000 0.000000 1.000000
1.000000 0.000000 0.000000 0.000000 -0.000000 1.000000 -0.000000 3.601200 -0.000000 0.000000 1.000000 0.000000 0.000000 0.000000 0.000000 1.000000
1.000000 0.000000 0.000000 -0.000000 -0.000000 1.000000 0.000000 3.601200 -0.000000 -0.000000 1.000000 0.000000 0.000000 0.000000 0.000000 1.000000
0.999998 0.001762 -0.000015 0.000000 -0.001762 0.999851 -0.017196 3.601200 -0.000015 0.017196 0.999852 0.000000 0.000000 0.000000 0.000000 1.000000
0.999864 0.016460 -0.001331 0.000000 -0.016460 0.986879 -0.160619 3.601200 -0.001331 0.160619 0.987016 0.000000 0.000000 0.000000 0.000000 1.000000
0.999378 0.034734 -0.006068 -0.000000 -0.034734 0.940165 -0.338944 3.601200 -0.006067 0.338944 0.940787 0.000000 0.000000 0.000000 0.000000 1.000000
0.998831 0.046966 -0.011404 -0.000000 -0.046967 0.887549 -0.458313 3.601200 -0.011403 0.458313 0.888718 0.000000 0.000000 0.000000 0.000000 1.000000
0.998701 0.049357 -0.012679 -0.000000 -0.049358 0.874975 -0.481645 3.601200 -0.012679 0.481645 0.876275 -0.000000 0.000000 0.000000 0.000000 1.000000
0.998676 0.049796 -0.012922 0.000000 -0.049796 0.872582 -0.485922 3.601200 -0.012921 0.485922 0.873907 0.000000 0.000000 0.000000 0.000000 1.000000
0.998675 0.049802 -0.012925 0.000000 -0.049802 0.872549 -0.485981 3.601200 -0.012925 0.485981 0.873874 0.000000 0.000000 0.000000 0.000000 1.000000
0.998692 0.049503 -0.012760 0.000000 -0.049503 0.874184 -0.483064 3.601200 -0.012759 0.483064 0.875492 0.000000 0.000000 0.000000 0.000000 1.000000
0.998725 0.048924 -0.012442 -0.000000 -0.048924 0.877313 -0.477418 3.601200 -0.012442 0.477418 0.878588 0.000000 0.000000 0.000000 0.000000 1.000000
0.998777 0.047971 -0.011930 -0.000000 -0.047971 0.882364 -0.468116 3.601200 -0.011929 0.468116 0.883587 0.000000 0.000000 0.000000 0.000000 1.000000
0.998854 0.046544 -0.011187 0.000000 -0.046544 0.889687 -0.454192 3.601200 -0.011187 0.454192 0.890834 -0.000000 0.000000 0.000000 0.000000 1.000000
0.998945 0.044755 -0.010296 0.000000 -0.044756 0.898475 -0.436738 3.601200 -0.010296 0.436738 0.899530 0.000000 0.000000 0.000000 0.000000 1.000000
0.999032 0.042970 -0.009450 -0.000000 -0.042970 0.906824 -0.419314 3.601200 -0.009449 0.419314 0.907792 -0.000000 0.000000 0.000000 0.000000 1.000000
0.999097 0.041566 -0.008813 -0.000000 -0.041566 0.913099 -0.405615 3.601200 -0.008812 0.405615 0.914002 -0.000000 0.000000 0.000000 0.000000 1.000000
0.999138 0.040661 -0.008416 -0.000000 -0.040661 0.917013 -0.396780 3.601200 -0.008416 0.396780 0.917875 0.000000 0.000000 0.000000 0.000000 1.000000
0.999164 0.040065 -0.008161 0.000000 -0.040065 0.919532 -0.390969 3.601200 -0.008160 0.390969 0.920368 0.000000 0.000000 0.000000 0.000000 1.000000
0.999189 0.039474 -0.007911 0.000000 -0.039474 0.921991 -0.385195 3.601200 -0.007911 0.385195 0.922801 -0.000000 0.000000 0.000000 0.000000 1.000000</float_array>
        <technique_common>
          <accessor source="#mixamorig_LeftHandRing2-Matrix-animation-output-transform-array" count="51" stride="16">
            <param type="float4x4"/>
          </accessor>
        </technique_common>
      </source>
      <source id="mixamorig_LeftHandRing2-Interpolations">
        <Name_array id="mixamorig_LeftHandRing2-Interpolations-array" count="51">
 LINEAR LINEAR LINEAR LINEAR LINEAR LINEAR LINEAR LINEAR LINEAR LINEAR LINEAR
LINEAR LINEAR LINEAR LINEAR LINEAR LINEAR LINEAR LINEAR LINEAR LINEAR LINEAR LINEAR
LINEAR LINEAR LINEAR LINEAR LINEAR LINEAR LINEAR LINEAR LINEAR LINEAR LINEAR LINEAR
LINEAR LINEAR LINEAR LINEAR LINEAR LINEAR LINEAR LINEAR LINEAR LINEAR LINEAR LINEAR
LINEAR LINEAR LINEAR LINEAR</Name_array>
        <technique_common>
          <accessor source="#mixamorig_LeftHandRing2-Interpolations-array" count="51">
            <param type="name"/>
          </accessor>
        </technique_common>
      </source>
      <sampler id="mixamorig_LeftHandRing2-Matrix-animation-transform">
        <input semantic="INPUT" source="#mixamorig_LeftHandRing2-Matrix-animation-input"/>
        <input semantic="OUTPUT" source="#mixamorig_LeftHandRing2-Matrix-animation-output-transform"/>
        <input semantic="INTERPOLATION" source="#mixamorig_LeftHandRing2-Interpolations"/>
      </sampler>
      <channel source="#mixamorig_LeftHandRing2-Matrix-animation-transform" target="mixamorig_LeftHandRing2/matrix"/>
    </animation>
    <animation id="mixamorig_LeftHandRing3-anim" name="mixamorig_LeftHandRing3">
      <source id="mixamorig_LeftHandRing3-Matrix-animation-input">
        <float_array id="mixamorig_LeftHandRing3-Matrix-animation-input-array" count="51">

0.000000 0.033333 0.066667 0.100000 0.133333 0.166667 0.200000 0.233333 0.266667 0.300000 0.333333 0.366667 0.400000 0.433333 0.466667 0.500000
0.533333 0.566667 0.600000 0.633333 0.666667 0.700000 0.733333 0.766667 0.800000 0.833333 0.866667 0.900000 0.933333 0.966667 1.000000 1.033333
1.066667 1.100000 1.133333 1.166667 1.200000 1.233333 1.266667 1.300000 1.333333 1.366667 1.400000 1.433333 1.466667 1.500000 1.533333 1.566667
1.600000 1.633333 1.666667</float_array>
        <technique_common>
          <accessor source="#mixamorig_LeftHandRing3-Matrix-animation-input-array" count="51">
            <param name="TIME" type="float"/>
          </accessor>
        </technique_common>
      </source>
      <source id="mixamorig_LeftHandRing3-Matrix-animation-output-transform">
        <float_array id="mixamorig_LeftHandRing3-Matrix-animation-output-transform-array" count="816">

0.999998 -0.001946 -0.000018 -0.000000 0.001946 0.999818 0.018991 3.307300 -0.000019 -0.018991 0.999820 0.000000 0.000000 0.000000 0.000000 1.000000
0.999998 -0.001946 -0.000019 0.000000 0.001946 0.999818 0.018991 3.307300 -0.000018 -0.018991 0.999820 0.000000 0.000000 0.000000 0.000000 1.000000
0.999998 -0.001946 -0.000018 0.000000 0.001946 0.999818 0.018991 3.307300 -0.000018 -0.018991 0.999820 0.000000 0.000000 0.000000 0.000000 1.000000
0.999998 -0.001946 -0.000018 0.000000 0.001946 0.999818 0.018991 3.307300 -0.000018 -0.018991 0.999820 0.000000 0.000000 0.000000 0.000000 1.000000
0.999998 -0.001946 -0.000018 -0.000000 0.001946 0.999818 0.018992 3.307300 -0.000019 -0.018992 0.999820 0.000000 0.000000 0.000000 0.000000 1.000000
0.999998 -0.001946 -0.000019 -0.000000 0.001946 0.999818 0.018993 3.307300 -0.000018 -0.018993 0.999820 0.000000 0.000000 0.000000 0.000000 1.000000
0.999998 -0.001946 -0.000018 0.000000 0.001946 0.999818 0.018991 3.307300 -0.000019 -0.018991 0.999820 0.000000 0.000000 0.000000 0.000000 1.000000
0.999998 -0.001946 -0.000018 0.000000 0.001946 0.999818 0.018986 3.307300 -0.000019 -0.018986 0.999820 0.000000 0.000000 0.000000 0.000000 1.000000
0.999998 -0.001946 -0.000019 -0.000000 0.001946 0.999818 0.018989 3.307300 -0.000018 -0.018989 0.999820 -0.000000 0.000000 0.000000 0.000000 1.000000
0.999998 -0.001947 -0.000019 0.000000 0.001947 0.999817 0.019005 3.307300 -0.000018 -0.019005 0.999819 0.000000 0.000000 0.000000 0.000000 1.000000
0.999998 -0.001948 -0.000019 -0.000000 0.001948 0.999817 0.019010 3.307300 -0.000018 -0.019010 0.999819 0.000000 0.000000 0.000000 0.000000 1.000000
0.999998 -0.001944 -0.000018 -0.000000 0.001944 0.999818 0.018971 3.307300 -0.000018 -0.018971 0.999820 0.000000 0.000000 0.000000 0.000000 1.000000
0.999998 -0.001940 -0.000018 0.000000 0.001940 0.999819 0.018927 3.307300 -0.000018 -0.018927 0.999821 0.000000 0.000000 0.000000 0.000000 1.000000
0.999998 -0.001946 -0.000019 0.000000 0.001946 0.999818 0.018990 3.307300 -0.000018 -0.018990 0.999820 0.000000 0.000000 0.000000 0.000000 1.000000
0.999998 -0.001963 -0.000019 0.000000 0.001963 0.999815 0.019158 3.307300 -0.000019 -0.019158 0.999816 0.000000 0.000000 0.000000 0.000000 1.000000
0.999998 -0.001962 -0.000019 0.000000 0.001962 0.999815 0.019145 3.307300 -0.000019 -0.019145 0.999817 0.000000 0.000000 0.000000 0.000000 1.000000
0.999998 -0.001918 -0.000018 0.000000 0.001918 0.999823 0.018716 3.307300 -0.000018 -0.018716 0.999825 0.000000 0.000000 0.000000 0.000000 1.000000
0.999998 -0.001883 -0.000017 0.000000 0.001883 0.999829 0.018375 3.307300 -0.000017 -0.018375 0.999831 0.000000 0.000000 0.000000 0.000000 1.000000
0.999998 -0.001961 -0.000019 -0.000000 0.001961 0.999815 0.019133 3.307300 -0.000019 -0.019133 0.999817 0.000000 0.000000 0.000000 0.000000 1.000000
0.999998 -0.002112 -0.000022 -0.000000 0.002112 0.999785 0.020606 3.307300 -0.000022 -0.020606 0.999788 0.000000 0.000000 0.000000 0.000000 1.000000
0.999998 -0.001980 -0.000019 0.000000 0.001980 0.999811 0.019320 3.307300 -0.000019 -0.019320 0.999813 -0.000000 0.000000 0.000000 0.000000 1.000000
0.999999 -0.001045 -0.000005 -0.000000 0.001045 0.999947 0.010201 3.307300 -0.000005 -0.010201 0.999948 0.000000 0.000000 0.000000 0.000000 1.000000
1.000000 0.000362 -0.000001 -0.000000 -0.000362 0.999994 -0.003531 3.307300 -0.000001 0.003531 0.999994 0.000000 0.000000 0.000000 0.000000 1.000000
0.999997 -0.002512 -0.000031 -0.000000 0.002512 0.999696 0.024508 3.307300 -0.000031 -0.024508 0.999700 0.000000 0.000000 0.000000 0.000000 1.000000
0.999955 -0.009519 -0.000443 0.000000 0.009519 0.995631 0.092886 3.307300 -0.000443 -0.092886 0.995677 0.000000 0.000000 0.000000 0.000000 1.000000
0.999847 -0.017450 -0.001497 0.000000 0.017450 0.985241 0.170282 3.307300 -0.001497 -0.170282 0.985394 -0.000000 0.000000 0.000000 0.000000 1.000000
0.999733 -0.022958 -0.002605 0.000000 0.022958 0.974312 0.224029 3.307300 -0.002605 -0.224029 0.974579 0.000000 0.000000 0.000000 0.000000 1.000000
0.999705 -0.024102 -0.002875 -0.000000 0.024102 0.971650 0.235191 3.307300 -0.002875 -0.235191 0.971945 -0.000000 0.000000 0.000000 0.000000 1.000000
0.999742 -0.022553 -0.002513 0.000000 0.022553 0.975222 0.220078 3.307300 -0.002513 -0.220078 0.975479 0.000000 0.000000 0.000000 0.000000 1.000000
0.999802 -0.019812 -0.001934 0.000000 0.019812 0.980933 0.193334 3.307300 -0.001934 -0.193334 0.981131 0.000000 0.000000 0.000000 0.000000 1.000000
0.999850 -0.017242 -0.001461 -0.000000 0.017242 0.985594 0.168248 3.307300 -0.001461 -0.168248 0.985744 0.000000 0.000000 0.000000 0.000000 1.000000
0.999868 -0.016218 -0.001292 0.000000 0.016218 0.987264 0.158264 3.307300 -0.001292 -0.158264 0.987396 0.000000 0.000000 0.000000 0.000000 1.000000
0.999794 -0.020174 -0.002006 -0.000000 0.020174 0.980223 0.196867 3.307300 -0.002006 -0.196867 0.980428 0.000000 0.000000 0.000000 0.000000 1.000000
0.999646 -0.026385 -0.003455 0.000000 0.026385 0.965926 0.257471 3.307300 -0.003456 -0.257471 0.966280 0.000000 0.000000 0.000000 0.000000 1.000000
0.999717 -0.023624 -0.002760 0.000000 0.023623 0.972780 0.230524 3.307300 -0.002761 -0.230524 0.973063 0.000000 0.000000 0.000000 0.000000 1.000000
0.999999 0.001378 -0.000009 -0.000000 -0.001378 0.999909 -0.013451 3.307300 -0.000009 0.013451 0.999910 -0.000000 0.000000 0.000000 0.000000 1.000000
0.999388 0.034473 -0.005974 -0.000000 -0.034473 0.941090 -0.336395 3.307300 -0.005974 0.336395 0.941702 0.000000 0.000000 0.000000 0.000000 1.000000
0.998279 0.056193 -0.016799 0.000000 -0.056194 0.834357 -0.548352 3.307300 -0.016798 0.548352 0.836079 0.000000 0.000000 0.000000 0.000000 1.000000
0.997962 0.060636 -0.019891 0.000000 -0.060636 0.803867 -0.591710 3.307300 -0.019890 0.591710 0.805906 0.000000 0.000000 0.000000 0.000000 1.000000
0.997827 0.062380 -0.021203 0.000000 -0.062380 0.790927 -0.608722 3.307300 -0.021202 0.608722 0.793100 0.000000 0.000000 0.000000 0.000000 1.000000
0.997692 0.064052 -0.022518 -0.000000 -0.064053 0.777958 -0.625043 3.307300 -0.022517 0.625043 0.780265 0.000000 0.000000 0.000000 0.000000 1.000000
0.997555 0.065682 -0.023856 0.000000 -0.065683 0.764768 -0.640949 3.307300 -0.023855 0.640949 0.767212 -0.000000 0.000000 0.000000 0.000000 1.000000
0.997433 0.067081 -0.025049 0.000000 -0.067081 0.752999 -0.654593 3.307300 -0.025049 0.654593 0.755566 0.000000 0.000000 0.000000 0.000000 1.000000
0.997339 0.068119 -0.025965 0.000000 -0.068120 0.743971 -0.664730 3.307300 -0.025964 0.664730 0.746632 0.000000 0.000000 0.000000 0.000000 1.000000
0.997268 0.068890 -0.026660 -0.000000 -0.068890 0.737114 -0.672248 3.307300 -0.026659 0.672248 0.739846 0.000000 0.000000 0.000000 0.000000 1.000000
0.997205 0.069560 -0.027277 0.000000 -0.069561 0.731030 -0.678790 3.307300 -0.027276 0.678790 0.733825 0.000000 0.000000 0.000000 0.000000 1.000000
0.997145 0.070183 -0.027860 -0.000000 -0.070183 0.725279 -0.684868 3.307300 -0.027859 0.684868 0.728134 0.000000 0.000000 0.000000 0.000000 1.000000
0.997095 0.070700 -0.028352 0.000000 -0.070700 0.720434 -0.689910 3.307300 -0.028351 0.689910 0.723340 0.000000 0.000000 0.000000 0.000000 1.000000
0.997058 0.071068 -0.028706 0.000000 -0.071068 0.716941 -0.693502 3.307300 -0.028705 0.693502 0.719882 0.000000 0.000000 0.000000 0.000000 1.000000
0.997034 0.071315 -0.028946 0.000000 -0.071315 0.714576 -0.695913 3.307300 -0.028945 0.695913 0.717543 -0.000000 0.000000 0.000000 0.000000 1.000000
0.997016 0.071492 -0.029119 0.000000 -0.071492 0.712872 -0.697641 3.307300 -0.029118 0.697641 0.715856 0.000000 0.000000 0.000000 0.000000 1.000000</float_array>
        <technique_common>
          <accessor source="#mixamorig_LeftHandRing3-Matrix-animation-output-transform-array" count="51" stride="16">
            <param type="float4x4"/>
          </accessor>
        </technique_common>
      </source>
      <source id="mixamorig_LeftHandRing3-Interpolations">
        <Name_array id="mixamorig_LeftHandRing3-Interpolations-array" count="51">
 LINEAR LINEAR LINEAR LINEAR LINEAR LINEAR LINEAR LINEAR LINEAR LINEAR LINEAR
LINEAR LINEAR LINEAR LINEAR LINEAR LINEAR LINEAR LINEAR LINEAR LINEAR LINEAR LINEAR
LINEAR LINEAR LINEAR LINEAR LINEAR LINEAR LINEAR LINEAR LINEAR LINEAR LINEAR LINEAR
LINEAR LINEAR LINEAR LINEAR LINEAR LINEAR LINEAR LINEAR LINEAR LINEAR LINEAR LINEAR
LINEAR LINEAR LINEAR LINEAR</Name_array>
        <technique_common>
          <accessor source="#mixamorig_LeftHandRing3-Interpolations-array" count="51">
            <param type="name"/>
          </accessor>
        </technique_common>
      </source>
      <sampler id="mixamorig_LeftHandRing3-Matrix-animation-transform">
        <input semantic="INPUT" source="#mixamorig_LeftHandRing3-Matrix-animation-input"/>
        <input semantic="OUTPUT" source="#mixamorig_LeftHandRing3-Matrix-animation-output-transform"/>
        <input semantic="INTERPOLATION" source="#mixamorig_LeftHandRing3-Interpolations"/>
      </sampler>
      <channel source="#mixamorig_LeftHandRing3-Matrix-animation-transform" target="mixamorig_LeftHandRing3/matrix"/>
    </animation>
    <animation id="mixamorig_LeftHandPinky1-anim" name="mixamorig_LeftHandPinky1">
      <source id="mixamorig_LeftHandPinky1-Matrix-animation-input">
        <float_array id="mixamorig_LeftHandPinky1-Matrix-animation-input-array" count="51">

0.000000 0.033333 0.066667 0.100000 0.133333 0.166667 0.200000 0.233333 0.266667 0.300000 0.333333 0.366667 0.400000 0.433333 0.466667 0.500000
0.533333 0.566667 0.600000 0.633333 0.666667 0.700000 0.733333 0.766667 0.800000 0.833333 0.866667 0.900000 0.933333 0.966667 1.000000 1.033333
1.066667 1.100000 1.133333 1.166667 1.200000 1.233333 1.266667 1.300000 1.333333 1.366667 1.400000 1.433333 1.466667 1.500000 1.533333 1.566667
1.600000 1.633333 1.666667</float_array>
        <technique_common>
          <accessor source="#mixamorig_LeftHandPinky1-Matrix-animation-input-array" count="51">
            <param name="TIME" type="float"/>
          </accessor>
        </technique_common>
      </source>
      <source id="mixamorig_LeftHandPinky1-Matrix-animation-output-transform">
        <float_array id="mixamorig_LeftHandPinky1-Matrix-animation-output-transform-array" count="816">

0.970363 0.241650 -0.000924 4.725800 -0.241272 0.968617 -0.059737 10.908200 -0.013541 0.058190 0.998214 0.226100 0.000000 0.000000 0.000000 1.000000
0.970363 0.241650 -0.000924 4.725800 -0.241272 0.968617 -0.059737 10.908200 -0.013541 0.058190 0.998214 0.226100 0.000000 0.000000 0.000000 1.000000
0.970363 0.241650 -0.000924 4.725800 -0.241272 0.968617 -0.059737 10.908200 -0.013541 0.058190 0.998214 0.226100 0.000000 0.000000 0.000000 1.000000
0.970363 0.241650 -0.000924 4.725800 -0.241272 0.968617 -0.059737 10.908200 -0.013541 0.058190 0.998214 0.226100 0.000000 0.000000 0.000000 1.000000
0.970363 0.241650 -0.000924 4.725800 -0.241272 0.968617 -0.059737 10.908200 -0.013541 0.058189 0.998214 0.226100 0.000000 0.000000 0.000000 1.000000
0.970363 0.241650 -0.000924 4.725800 -0.241272 0.968617 -0.059736 10.908200 -0.013541 0.058189 0.998214 0.226100 0.000000 0.000000 0.000000 1.000000
0.970363 0.241649 -0.000924 4.725800 -0.241271 0.968617 -0.059738 10.908200 -0.013541 0.058190 0.998214 0.226100 0.000000 0.000000 0.000000 1.000000
0.970364 0.241648 -0.000924 4.725800 -0.241270 0.968618 -0.059740 10.908200 -0.013541 0.058192 0.998214 0.226100 0.000000 0.000000 0.000000 1.000000
0.970363 0.241649 -0.000924 4.725800 -0.241271 0.968617 -0.059738 10.908200 -0.013541 0.058191 0.998214 0.226100 0.000000 0.000000 0.000000 1.000000
0.970362 0.241653 -0.000923 4.725800 -0.241275 0.968617 -0.059731 10.908200 -0.013540 0.058184 0.998214 0.226100 0.000000 0.000000 0.000000 1.000000
0.970362 0.241654 -0.000923 4.725800 -0.241276 0.968617 -0.059730 10.908200 -0.013540 0.058183 0.998214 0.226100 0.000000 0.000000 0.000000 1.000000
0.970365 0.241644 -0.000924 4.725800 -0.241266 0.968618 -0.059747 10.908200 -0.013542 0.058199 0.998213 0.226100 0.000000 0.000000 0.000000 1.000000
0.970367 0.241633 -0.000926 4.725800 -0.241255 0.968620 -0.059764 10.908200 -0.013544 0.058216 0.998212 0.226100 0.000000 0.000000 0.000000 1.000000
0.970363 0.241651 -0.000924 4.725800 -0.241273 0.968617 -0.059734 10.908200 -0.013540 0.058187 0.998214 0.226100 0.000000 0.000000 0.000000 1.000000
0.970352 0.241694 -0.000918 4.725800 -0.241317 0.968611 -0.059666 10.908200 -0.013532 0.058118 0.998218 0.226100 0.000000 0.000000 0.000000 1.000000
0.970354 0.241687 -0.000919 4.725800 -0.241309 0.968611 -0.059682 10.908200 -0.013534 0.058134 0.998217 0.226100 0.000000 0.000000 0.000000 1.000000
0.970382 0.241573 -0.000933 4.725800 -0.241194 0.968629 -0.059865 10.908200 -0.013558 0.058317 0.998206 0.226100 0.000000 0.000000 0.000000 1.000000
0.970403 0.241491 -0.000943 4.725800 -0.241112 0.968642 -0.059984 10.908200 -0.013572 0.058436 0.998199 0.226100 0.000000 0.000000 0.000000 1.000000
0.970351 0.241700 -0.000918 4.725800 -0.241323 0.968611 -0.059637 10.908200 -0.013525 0.058090 0.998220 0.226100 0.000000 0.000000 0.000000 1.000000
0.970257 0.242076 -0.000871 4.725800 -0.241703 0.968552 -0.059053 10.908200 -0.013452 0.057507 0.998254 0.226100 0.000000 0.000000 0.000000 1.000000
0.970349 0.241705 -0.000916 4.725800 -0.241327 0.968606 -0.059694 10.908200 -0.013541 0.058145 0.998216 0.226100 0.000000 0.000000 0.000000 1.000000
0.970940 0.239321 -0.001213 4.725800 -0.238914 0.968963 -0.063485 10.908200 -0.014018 0.061930 0.997982 0.226100 0.000000 0.000000 0.000000 1.000000
0.972154 0.234335 -0.001838 4.725800 -0.233868 0.969660 -0.071174 10.908200 -0.014897 0.069622 0.997462 0.226100 0.000000 0.000000 0.000000 1.000000
0.973829 0.227266 -0.002729 4.725800 -0.226723 0.970522 -0.081755 10.908200 -0.015932 0.080235 0.996649 0.226100 0.000000 0.000000 0.000000 1.000000
0.975700 0.219080 -0.003769 4.725800 -0.218463 0.971339 -0.093667 10.908200 -0.016859 0.092214 0.995596 0.226100 0.000000 0.000000 0.000000 1.000000
0.977620 0.210322 -0.004889 4.725800 -0.209643 0.971997 -0.106165 10.908200 -0.017577 0.104814 0.994336 0.226100 0.000000 0.000000 0.000000 1.000000
0.979578 0.200971 -0.006089 4.725800 -0.200249 0.972438 -0.119435 10.908200 -0.018082 0.118215 0.992823 0.226100 0.000000 0.000000 0.000000 1.000000
0.981587 0.190873 -0.007384 4.725800 -0.190131 0.972597 -0.133809 10.908200 -0.018359 0.132749 0.990980 0.226100 0.000000 0.000000 0.000000 1.000000
0.983616 0.180063 -0.008768 4.725800 -0.179340 0.972393 -0.149295 10.908200 -0.018356 0.148421 0.988754 0.226100 0.000000 0.000000 0.000000 1.000000
0.985608 0.168737 -0.010226 4.725800 -0.168082 0.971740 -0.165738 10.908200 -0.018029 0.165071 0.986117 0.226100 0.000000 0.000000 0.000000 1.000000
0.987524 0.157030 -0.011750 4.725800 -0.156510 0.970546 -0.183154 10.908200 -0.017356 0.182708 0.983014 0.226100 0.000000 0.000000 0.000000 1.000000
0.989360 0.144873 -0.013337 4.725800 -0.144569 0.968717 -0.201711 10.908200 -0.016303 0.201493 0.979354 0.226100 0.000000 0.000000 0.000000 1.000000
0.991118 0.132144 -0.014964 4.725800 -0.132164 0.966202 -0.221329 10.908200 -0.014790 0.221341 0.975084 0.226100 0.000000 0.000000 0.000000 1.000000
0.992744 0.119095 -0.016605 4.725800 -0.119566 0.962997 -0.241537 10.908200 -0.012776 0.241770 0.970249 0.226100 0.000000 0.000000 0.000000 1.000000
0.994156 0.106390 -0.018281 4.725800 -0.107451 0.959025 -0.262154 10.908200 -0.010359 0.262586 0.964853 0.226100 0.000000 0.000000 0.000000 1.000000
0.995356 0.094153 -0.020060 4.725800 -0.095965 0.953972 -0.284129 10.908200 -0.007615 0.284734 0.958576 0.226100 0.000000 0.000000 0.000000 1.000000
0.996471 0.081018 -0.021932 4.725800 -0.083828 0.947465 -0.308679 10.908200 -0.004229 0.309428 0.950913 0.226100 0.000000 0.000000 0.000000 1.000000
0.997568 0.065555 -0.023676 4.725800 -0.069698 0.939837 -0.334438 10.908200 0.000328 0.335275 0.942120 0.226100 0.000000 0.000000 0.000000 1.000000
0.998437 0.050003 -0.024985 4.725800 -0.055626 0.932828 -0.356003 10.908200 0.005506 0.356836 0.934151 0.226100 0.000000 0.000000 0.000000 1.000000
0.998803 0.041540 -0.025829 4.725800 -0.048127 0.928934 -0.367103 10.908200 0.008744 0.367907 0.929822 0.226100 0.000000 0.000000 0.000000 1.000000
0.998537 0.047104 -0.026546 4.725800 -0.053555 0.929187 -0.365710 10.908200 0.007440 0.366597 0.930350 0.226100 0.000000 0.000000 0.000000 1.000000
0.997425 0.066279 -0.027404 4.725800 -0.071693 0.932085 -0.355075 10.908200 0.002009 0.356126 0.934436 0.226100 0.000000 0.000000 0.000000 1.000000
0.995424 0.091285 -0.028257 4.725800 -0.095449 0.935677 -0.339702 10.908200 -0.004570 0.340844 0.940109 0.226100 0.000000 0.000000 0.000000 1.000000
0.992982 0.114700 -0.028818 4.725800 -0.117855 0.939461 -0.321750 10.908200 -0.009832 0.322888 0.946386 0.226100 0.000000 0.000000 0.000000 1.000000
0.990442 0.134833 -0.029066 4.725800 -0.137285 0.943328 -0.302135 10.908200 -0.013319 0.303237 0.952822 0.226100 0.000000 0.000000 0.000000 1.000000
0.987925 0.152163 -0.029168 4.725800 -0.154161 0.946657 -0.282975 10.908200 -0.015446 0.284054 0.958684 0.226100 0.000000 0.000000 0.000000 1.000000
0.986074 0.163744 -0.029095 4.725800 -0.165535 0.949483 -0.266608 10.908200 -0.016030 0.267711 0.963366 0.226100 0.000000 0.000000 0.000000 1.000000
0.985842 0.165215 -0.028637 4.725800 -0.167039 0.952749 -0.253708 10.908200 -0.014632 0.254900 0.966857 0.226100 0.000000 0.000000 0.000000 1.000000
0.987136 0.157446 -0.027821 4.725800 -0.159445 0.956503 -0.244293 10.908200 -0.011852 0.245587 0.969302 0.226100 0.000000 0.000000 0.000000 1.000000
0.988731 0.147246 -0.027022 4.725800 -0.149421 0.959524 -0.238721 10.908200 -0.009223 0.240068 0.970712 0.226100 0.000000 0.000000 0.000000 1.000000
0.989511 0.141975 -0.026661 4.725800 -0.144233 0.960746 -0.236989 10.908200 -0.008032 0.238349 0.971146 0.226100 0.000000 0.000000 0.000000 1.000000</float_array>
        <technique_common>
          <accessor source="#mixamorig_LeftHandPinky1-Matrix-animation-output-transform-array" count="51" stride="16">
            <param type="float4x4"/>
          </accessor>
        </technique_common>
      </source>
      <source id="mixamorig_LeftHandPinky1-Interpolations">
        <Name_array id="mixamorig_LeftHandPinky1-Interpolations-array" count="51">
 LINEAR LINEAR LINEAR LINEAR LINEAR LINEAR LINEAR LINEAR LINEAR LINEAR LINEAR
LINEAR LINEAR LINEAR LINEAR LINEAR LINEAR LINEAR LINEAR LINEAR LINEAR LINEAR LINEAR
LINEAR LINEAR LINEAR LINEAR LINEAR LINEAR LINEAR LINEAR LINEAR LINEAR LINEAR LINEAR
LINEAR LINEAR LINEAR LINEAR LINEAR LINEAR LINEAR LINEAR LINEAR LINEAR LINEAR LINEAR
LINEAR LINEAR LINEAR LINEAR</Name_array>
        <technique_common>
          <accessor source="#mixamorig_LeftHandPinky1-Interpolations-array" count="51">
            <param type="name"/>
          </accessor>
        </technique_common>
      </source>
      <sampler id="mixamorig_LeftHandPinky1-Matrix-animation-transform">
        <input semantic="INPUT" source="#mixamorig_LeftHandPinky1-Matrix-animation-input"/>
        <input semantic="OUTPUT" source="#mixamorig_LeftHandPinky1-Matrix-animation-output-transform"/>
        <input semantic="INTERPOLATION" source="#mixamorig_LeftHandPinky1-Interpolations"/>
      </sampler>
      <channel source="#mixamorig_LeftHandPinky1-Matrix-animation-transform" target="mixamorig_LeftHandPinky1/matrix"/>
    </animation>
    <animation id="mixamorig_LeftHandPinky2-anim" name="mixamorig_LeftHandPinky2">
      <source id="mixamorig_LeftHandPinky2-Matrix-animation-input">
        <float_array id="mixamorig_LeftHandPinky2-Matrix-animation-input-array" count="51">

0.000000 0.033333 0.066667 0.100000 0.133333 0.166667 0.200000 0.233333 0.266667 0.300000 0.333333 0.366667 0.400000 0.433333 0.466667 0.500000
0.533333 0.566667 0.600000 0.633333 0.666667 0.700000 0.733333 0.766667 0.800000 0.833333 0.866667 0.900000 0.933333 0.966667 1.000000 1.033333
1.066667 1.100000 1.133333 1.166667 1.200000 1.233333 1.266667 1.300000 1.333333 1.366667 1.400000 1.433333 1.466667 1.500000 1.533333 1.566667
1.600000 1.633333 1.666667</float_array>
        <technique_common>
          <accessor source="#mixamorig_LeftHandPinky2-Matrix-animation-input-array" count="51">
            <param name="TIME" type="float"/>
          </accessor>
        </technique_common>
      </source>
      <source id="mixamorig_LeftHandPinky2-Matrix-animation-output-transform">
        <float_array id="mixamorig_LeftHandPinky2-Matrix-animation-output-transform-array" count="816">

0.999986 0.005222 -0.000133 0.000000 -0.005222 0.998687 -0.050960 4.136700 -0.000133 0.050960 0.998701 0.000000 0.000000 0.000000 0.000000 1.000000
0.999986 0.005222 -0.000133 0.000000 -0.005222 0.998687 -0.050960 4.136700 -0.000133 0.050960 0.998701 0.000000 0.000000 0.000000 0.000000 1.000000
0.999986 0.005222 -0.000133 0.000000 -0.005222 0.998687 -0.050960 4.136700 -0.000133 0.050960 0.998701 0.000000 0.000000 0.000000 0.000000 1.000000
0.999986 0.005222 -0.000133 0.000000 -0.005222 0.998687 -0.050960 4.136700 -0.000133 0.050960 0.998701 0.000000 0.000000 0.000000 0.000000 1.000000
0.999986 0.005222 -0.000133 -0.000000 -0.005222 0.998687 -0.050959 4.136700 -0.000133 0.050959 0.998701 0.000000 0.000000 0.000000 0.000000 1.000000
0.999986 0.005222 -0.000133 0.000000 -0.005222 0.998687 -0.050959 4.136700 -0.000133 0.050959 0.998701 -0.000000 0.000000 0.000000 0.000000 1.000000
0.999986 0.005222 -0.000133 0.000000 -0.005222 0.998687 -0.050961 4.136700 -0.000133 0.050961 0.998701 0.000000 0.000000 0.000000 0.000000 1.000000
0.999986 0.005223 -0.000133 0.000000 -0.005223 0.998687 -0.050964 4.136700 -0.000133 0.050964 0.998700 0.000000 0.000000 0.000000 0.000000 1.000000
0.999986 0.005223 -0.000133 0.000000 -0.005223 0.998687 -0.050961 4.136700 -0.000133 0.050961 0.998701 0.000000 0.000000 0.000000 0.000000 1.000000
0.999986 0.005221 -0.000133 -0.000000 -0.005221 0.998687 -0.050951 4.136700 -0.000133 0.050951 0.998701 0.000000 0.000000 0.000000 0.000000 1.000000
0.999986 0.005221 -0.000133 0.000000 -0.005221 0.998688 -0.050950 4.136700 -0.000133 0.050950 0.998701 0.000000 0.000000 0.000000 0.000000 1.000000
0.999986 0.005224 -0.000133 0.000000 -0.005224 0.998686 -0.050974 4.136700 -0.000133 0.050974 0.998700 0.000000 0.000000 0.000000 0.000000 1.000000
0.999986 0.005226 -0.000133 0.000000 -0.005226 0.998685 -0.051000 4.136700 -0.000133 0.051000 0.998699 0.000000 0.000000 0.000000 0.000000 1.000000
0.999986 0.005222 -0.000133 0.000000 -0.005222 0.998687 -0.050956 4.136700 -0.000133 0.050956 0.998701 0.000000 0.000000 0.000000 0.000000 1.000000
0.999986 0.005211 -0.000133 0.000000 -0.005211 0.998693 -0.050853 4.136700 -0.000133 0.050853 0.998706 0.000000 0.000000 0.000000 0.000000 1.000000
0.999986 0.005214 -0.000133 0.000000 -0.005214 0.998691 -0.050875 4.136700 -0.000133 0.050875 0.998705 0.000000 0.000000 0.000000 0.000000 1.000000
0.999986 0.005242 -0.000134 0.000000 -0.005242 0.998677 -0.051149 4.136700 -0.000134 0.051149 0.998691 0.000000 0.000000 0.000000 0.000000 1.000000
0.999986 0.005261 -0.000135 -0.000000 -0.005261 0.998668 -0.051334 4.136700 -0.000135 0.051334 0.998682 0.000000 0.000000 0.000000 0.000000 1.000000
0.999986 0.005208 -0.000132 0.000000 -0.005208 0.998694 -0.050820 4.136700 -0.000132 0.050820 0.998708 0.000000 0.000000 0.000000 0.000000 1.000000
0.999987 0.005117 -0.000128 0.000000 -0.005117 0.998739 -0.049935 4.136700 -0.000128 0.049935 0.998752 0.000000 0.000000 0.000000 0.000000 1.000000
0.999986 0.005213 -0.000133 0.000000 -0.005213 0.998692 -0.050868 4.136700 -0.000133 0.050868 0.998705 0.000000 0.000000 0.000000 0.000000 1.000000
0.999983 0.005796 -0.000164 0.000000 -0.005796 0.998382 -0.056564 4.136700 -0.000164 0.056564 0.998399 0.000000 0.000000 0.000000 0.000000 1.000000
0.999976 0.006912 -0.000233 0.000000 -0.006912 0.997699 -0.067443 4.136700 -0.000233 0.067443 0.997723 0.000000 0.000000 0.000000 0.000000 1.000000
0.999970 0.007765 -0.000295 -0.000000 -0.007765 0.997095 -0.075773 4.136700 -0.000295 0.075773 0.997125 0.000000 0.000000 0.000000 0.000000 1.000000
0.999967 0.008107 -0.000321 0.000000 -0.008107 0.996833 -0.079111 4.136700 -0.000321 0.079111 0.996866 -0.000000 0.000000 0.000000 0.000000 1.000000
0.999966 0.008187 -0.000328 -0.000000 -0.008187 0.996770 -0.079888 4.136700 -0.000327 0.079888 0.996804 -0.000000 0.000000 0.000000 0.000000 1.000000
0.999965 0.008393 -0.000344 -0.000000 -0.008393 0.996605 -0.081904 4.136700 -0.000344 0.081904 0.996640 0.000000 0.000000 0.000000 0.000000 1.000000
0.999962 0.008700 -0.000370 0.000000 -0.008700 0.996352 -0.084891 4.136700 -0.000370 0.084891 0.996390 -0.000000 0.000000 0.000000 0.000000 1.000000
0.999963 0.008648 -0.000366 0.000000 -0.008648 0.996396 -0.084385 4.136700 -0.000366 0.084385 0.996433 -0.000000 0.000000 0.000000 0.000000 1.000000
0.999962 0.008678 -0.000368 0.000000 -0.008678 0.996370 -0.084687 4.136700 -0.000368 0.084687 0.996407 0.000000 0.000000 0.000000 0.000000 1.000000
0.999956 0.009361 -0.000429 0.000000 -0.009361 0.995775 -0.091345 4.136700 -0.000428 0.091345 0.995819 0.000000 0.000000 0.000000 0.000000 1.000000
0.999936 0.011298 -0.000625 0.000000 -0.011298 0.993840 -0.110250 4.136700 -0.000625 0.110250 0.993904 0.000000 0.000000 0.000000 0.000000 1.000000
0.999882 0.015293 -0.001148 -0.000000 -0.015293 0.988684 -0.149229 4.136700 -0.001147 0.149229 0.988802 0.000000 0.000000 0.000000 0.000000 1.000000
0.999772 0.021246 -0.002227 -0.000000 -0.021246 0.978042 -0.207323 4.136700 -0.002227 0.207323 0.978270 0.000000 0.000000 0.000000 0.000000 1.000000
0.999619 0.027334 -0.003713 0.000000 -0.027334 0.963384 -0.266730 4.136700 -0.003713 0.266730 0.963764 0.000000 0.000000 0.000000 0.000000 1.000000
0.999416 0.033691 -0.005699 0.000000 -0.033692 0.943809 -0.328771 4.136700 -0.005698 0.328771 0.944393 0.000000 0.000000 0.000000 0.000000 1.000000
0.999151 0.040346 -0.008280 -0.000000 -0.040346 0.918351 -0.393706 4.136700 -0.008280 0.393706 0.919199 0.000000 0.000000 0.000000 0.000000 1.000000
0.998883 0.045982 -0.010903 -0.000000 -0.045982 0.892494 -0.448708 4.136700 -0.010902 0.448708 0.893612 0.000000 0.000000 0.000000 0.000000 1.000000
0.998698 0.049398 -0.012702 0.000000 -0.049398 0.874755 -0.482042 4.136700 -0.012701 0.482042 0.876056 0.000000 0.000000 0.000000 0.000000 1.000000
0.998605 0.051011 -0.013610 0.000000 -0.051011 0.865802 -0.497780 4.136700 -0.013609 0.497780 0.867197 -0.000000 0.000000 0.000000 0.000000 1.000000
0.998625 0.050679 -0.013420 -0.000000 -0.050679 0.867675 -0.494543 4.136700 -0.013419 0.494543 0.869050 -0.000000 0.000000 0.000000 0.000000 1.000000
0.998709 0.049211 -0.012599 0.000000 -0.049211 0.875770 -0.480215 4.136700 -0.012598 0.480215 0.877061 0.000000 0.000000 0.000000 0.000000 1.000000
0.998784 0.047849 -0.011865 0.000000 -0.047849 0.883002 -0.466923 4.136700 -0.011865 0.466923 0.884218 0.000000 0.000000 0.000000 0.000000 1.000000
0.998823 0.047126 -0.011487 0.000000 -0.047126 0.886737 -0.459866 4.136700 -0.011486 0.459866 0.887914 0.000000 0.000000 0.000000 0.000000 1.000000
0.998841 0.046783 -0.011310 0.000000 -0.046783 0.888480 -0.456524 4.136700 -0.011309 0.456524 0.889639 -0.000000 0.000000 0.000000 0.000000 1.000000
0.998853 0.046556 -0.011193 0.000000 -0.046556 0.889626 -0.454310 4.136700 -0.011193 0.454310 0.890774 0.000000 0.000000 0.000000 0.000000 1.000000
0.998857 0.046485 -0.011157 0.000000 -0.046485 0.889986 -0.453613 4.136700 -0.011157 0.453613 0.891129 0.000000 0.000000 0.000000 0.000000 1.000000
0.998852 0.046576 -0.011204 0.000000 -0.046576 0.889527 -0.454503 4.136700 -0.011203 0.454503 0.890675 -0.000000 0.000000 0.000000 0.000000 1.000000
0.998849 0.046628 -0.011230 0.000000 -0.046628 0.889265 -0.455010 4.136700 -0.011229 0.455010 0.890416 -0.000000 0.000000 0.000000 0.000000 1.000000
0.998859 0.046440 -0.011134 -0.000000 -0.046440 0.890209 -0.453178 4.136700 -0.011134 0.453178 0.891350 -0.000000 0.000000 0.000000 0.000000 1.000000
0.998884 0.045953 -0.010888 0.000000 -0.045953 0.892639 -0.448423 4.136700 -0.010888 0.448423 0.893755 -0.000000 0.000000 0.000000 0.000000 1.000000</float_array>
        <technique_common>
          <accessor source="#mixamorig_LeftHandPinky2-Matrix-animation-output-transform-array" count="51" stride="16">
            <param type="float4x4"/>
          </accessor>
        </technique_common>
      </source>
      <source id="mixamorig_LeftHandPinky2-Interpolations">
        <Name_array id="mixamorig_LeftHandPinky2-Interpolations-array" count="51">
 LINEAR LINEAR LINEAR LINEAR LINEAR LINEAR LINEAR LINEAR LINEAR LINEAR LINEAR
LINEAR LINEAR LINEAR LINEAR LINEAR LINEAR LINEAR LINEAR LINEAR LINEAR LINEAR LINEAR
LINEAR LINEAR LINEAR LINEAR LINEAR LINEAR LINEAR LINEAR LINEAR LINEAR LINEAR LINEAR
LINEAR LINEAR LINEAR LINEAR LINEAR LINEAR LINEAR LINEAR LINEAR LINEAR LINEAR LINEAR
LINEAR LINEAR LINEAR LINEAR</Name_array>
        <technique_common>
          <accessor source="#mixamorig_LeftHandPinky2-Interpolations-array" count="51">
            <param type="name"/>
          </accessor>
        </technique_common>
      </source>
      <sampler id="mixamorig_LeftHandPinky2-Matrix-animation-transform">
        <input semantic="INPUT" source="#mixamorig_LeftHandPinky2-Matrix-animation-input"/>
        <input semantic="OUTPUT" source="#mixamorig_LeftHandPinky2-Matrix-animation-output-transform"/>
        <input semantic="INTERPOLATION" source="#mixamorig_LeftHandPinky2-Interpolations"/>
      </sampler>
      <channel source="#mixamorig_LeftHandPinky2-Matrix-animation-transform" target="mixamorig_LeftHandPinky2/matrix"/>
    </animation>
    <animation id="mixamorig_LeftHandPinky3-anim" name="mixamorig_LeftHandPinky3">
      <source id="mixamorig_LeftHandPinky3-Matrix-animation-input">
        <float_array id="mixamorig_LeftHandPinky3-Matrix-animation-input-array" count="51">

0.000000 0.033333 0.066667 0.100000 0.133333 0.166667 0.200000 0.233333 0.266667 0.300000 0.333333 0.366667 0.400000 0.433333 0.466667 0.500000
0.533333 0.566667 0.600000 0.633333 0.666667 0.700000 0.733333 0.766667 0.800000 0.833333 0.866667 0.900000 0.933333 0.966667 1.000000 1.033333
1.066667 1.100000 1.133333 1.166667 1.200000 1.233333 1.266667 1.300000 1.333333 1.366667 1.400000 1.433333 1.466667 1.500000 1.533333 1.566667
1.600000 1.633333 1.666667</float_array>
        <technique_common>
          <accessor source="#mixamorig_LeftHandPinky3-Matrix-animation-input-array" count="51">
            <param name="TIME" type="float"/>
          </accessor>
        </technique_common>
      </source>
      <source id="mixamorig_LeftHandPinky3-Matrix-animation-output-transform">
        <float_array id="mixamorig_LeftHandPinky3-Matrix-animation-output-transform-array" count="816">

0.999986 0.005222 -0.000133 0.000000 -0.005222 0.998687 -0.050961 2.594800 -0.000133 0.050961 0.998701 0.000000 0.000000 0.000000 0.000000 1.000000
0.999986 0.005222 -0.000133 0.000000 -0.005222 0.998687 -0.050961 2.594800 -0.000133 0.050961 0.998701 0.000000 0.000000 0.000000 0.000000 1.000000
0.999986 0.005222 -0.000133 0.000000 -0.005222 0.998687 -0.050961 2.594800 -0.000133 0.050961 0.998701 0.000000 0.000000 0.000000 0.000000 1.000000
0.999986 0.005222 -0.000133 -0.000000 -0.005222 0.998687 -0.050961 2.594800 -0.000133 0.050961 0.998701 0.000000 0.000000 0.000000 0.000000 1.000000
0.999986 0.005222 -0.000133 0.000000 -0.005222 0.998687 -0.050960 2.594800 -0.000133 0.050960 0.998701 0.000000 0.000000 0.000000 0.000000 1.000000
0.999986 0.005222 -0.000133 -0.000000 -0.005222 0.998687 -0.050959 2.594800 -0.000133 0.050959 0.998701 0.000000 0.000000 0.000000 0.000000 1.000000
0.999986 0.005222 -0.000133 0.000000 -0.005222 0.998687 -0.050962 2.594800 -0.000133 0.050962 0.998701 0.000000 0.000000 0.000000 0.000000 1.000000
0.999986 0.005223 -0.000133 0.000000 -0.005223 0.998687 -0.050966 2.594800 -0.000133 0.050966 0.998700 0.000000 0.000000 0.000000 0.000000 1.000000
0.999986 0.005223 -0.000133 0.000000 -0.005223 0.998687 -0.050963 2.594800 -0.000133 0.050963 0.998701 0.000000 0.000000 0.000000 0.000000 1.000000
0.999986 0.005221 -0.000133 0.000000 -0.005221 0.998688 -0.050947 2.594800 -0.000133 0.050947 0.998701 0.000000 0.000000 0.000000 0.000000 1.000000
0.999986 0.005221 -0.000133 -0.000000 -0.005221 0.998688 -0.050943 2.594800 -0.000133 0.050943 0.998702 0.000000 0.000000 0.000000 0.000000 1.000000
0.999986 0.005224 -0.000133 -0.000000 -0.005225 0.998686 -0.050981 2.594800 -0.000133 0.050981 0.998700 0.000000 0.000000 0.000000 0.000000 1.000000
0.999986 0.005229 -0.000133 0.000000 -0.005229 0.998684 -0.051024 2.594800 -0.000134 0.051024 0.998697 0.000000 0.000000 0.000000 0.000000 1.000000
0.999986 0.005222 -0.000133 0.000000 -0.005222 0.998687 -0.050961 2.594800 -0.000133 0.050961 0.998701 -0.000000 0.000000 0.000000 0.000000 1.000000
0.999986 0.005205 -0.000132 -0.000000 -0.005205 0.998696 -0.050795 2.594800 -0.000132 0.050795 0.998709 0.000000 0.000000 0.000000 0.000000 1.000000
0.999986 0.005207 -0.000132 0.000000 -0.005207 0.998695 -0.050812 2.594800 -0.000132 0.050812 0.998708 0.000000 0.000000 0.000000 0.000000 1.000000
0.999986 0.005251 -0.000135 -0.000000 -0.005251 0.998673 -0.051236 2.594800 -0.000135 0.051236 0.998687 -0.000000 0.000000 0.000000 0.000000 1.000000
0.999986 0.005284 -0.000136 0.000000 -0.005284 0.998656 -0.051566 2.594800 -0.000136 0.051566 0.998670 0.000000 0.000000 0.000000 0.000000 1.000000
0.999986 0.005207 -0.000132 0.000000 -0.005207 0.998695 -0.050808 2.594800 -0.000132 0.050808 0.998708 0.000000 0.000000 0.000000 0.000000 1.000000
0.999987 0.005059 -0.000125 0.000000 -0.005059 0.998768 -0.049364 2.594800 -0.000125 0.049364 0.998781 -0.000000 0.000000 0.000000 0.000000 1.000000
0.999987 0.005192 -0.000132 0.000000 -0.005192 0.998702 -0.050664 2.594800 -0.000131 0.050664 0.998716 0.000000 0.000000 0.000000 0.000000 1.000000
0.999981 0.006113 -0.000182 0.000000 -0.006113 0.998200 -0.059658 2.594800 -0.000183 0.059658 0.998219 -0.000000 0.000000 0.000000 0.000000 1.000000
0.999972 0.007522 -0.000276 -0.000000 -0.007522 0.997274 -0.073397 2.594800 -0.000276 0.073397 0.997303 0.000000 0.000000 0.000000 0.000000 1.000000
0.999988 0.004938 -0.000119 0.000000 -0.004938 0.998826 -0.048188 2.594800 -0.000119 0.048188 0.998838 0.000000 0.000000 0.000000 0.000000 1.000000
0.999998 -0.001732 -0.000015 0.000000 0.001732 0.999856 0.016905 2.594800 -0.000015 -0.016905 0.999857 0.000000 0.000000 0.000000 0.000000 1.000000
0.999952 -0.009756 -0.000465 0.000000 0.009756 0.995410 0.095206 2.594800 -0.000466 -0.095206 0.995458 0.000000 0.000000 0.000000 0.000000 1.000000
0.999868 -0.016186 -0.001286 0.000000 0.016186 0.987314 0.157955 2.594800 -0.001287 -0.157955 0.987446 0.000000 0.000000 0.000000 0.000000 1.000000
0.999788 -0.020476 -0.002066 0.000000 0.020476 0.979621 0.199807 2.594800 -0.002067 -0.199807 0.979833 -0.000000 0.000000 0.000000 0.000000 1.000000
0.999679 -0.025146 -0.003134 0.000000 0.025146 0.969099 0.245387 2.594800 -0.003134 -0.245387 0.969420 0.000000 0.000000 0.000000 0.000000 1.000000
0.999646 -0.026385 -0.003455 0.000000 0.026385 0.965926 0.257471 2.594800 -0.003456 -0.257471 0.966280 0.000000 0.000000 0.000000 0.000000 1.000000
0.999646 -0.026385 -0.003455 -0.000000 0.026385 0.965926 0.257471 2.594800 -0.003456 -0.257471 0.966280 0.000000 0.000000 0.000000 0.000000 1.000000
0.999646 -0.026384 -0.003455 0.000000 0.026384 0.965929 0.257461 2.594800 -0.003455 -0.257461 0.966283 0.000000 0.000000 0.000000 0.000000 1.000000
0.999828 -0.018464 -0.001677 0.000000 0.018464 0.983461 0.180178 2.594800 -0.001678 -0.180178 0.983633 0.000000 0.000000 0.000000 0.000000 1.000000
0.999999 -0.001046 -0.000005 0.000000 0.001046 0.999947 0.010203 2.594800 -0.000005 -0.010203 0.999948 0.000000 0.000000 0.000000 0.000000 1.000000
0.999855 0.016977 -0.001417 0.000000 -0.016977 0.986035 -0.165670 2.594800 -0.001416 0.165670 0.986180 0.000000 0.000000 0.000000 0.000000 1.000000
0.999355 0.035355 -0.006295 0.000000 -0.035355 0.937933 -0.345009 2.594800 -0.006294 0.345009 0.938578 0.000000 0.000000 0.000000 0.000000 1.000000
0.998516 0.052496 -0.014480 0.000000 -0.052497 0.857214 -0.512277 2.594800 -0.014480 0.512277 0.858698 0.000000 0.000000 0.000000 0.000000 1.000000
0.997762 0.063200 -0.021841 -0.000000 -0.063200 0.784637 -0.616726 2.594800 -0.021840 0.616726 0.786875 0.000000 0.000000 0.000000 0.000000 1.000000
0.997484 0.066503 -0.024551 0.000000 -0.066503 0.757914 -0.648956 2.594800 -0.024550 0.648956 0.760429 0.000000 0.000000 0.000000 0.000000 1.000000
0.997322 0.068303 -0.026129 0.000000 -0.068304 0.742349 -0.666523 2.594800 -0.026129 0.666523 0.745026 0.000000 0.000000 0.000000 0.000000 1.000000
0.997196 0.069657 -0.027367 -0.000000 -0.069657 0.730147 -0.679731 2.594800 -0.027366 0.679731 0.732951 0.000000 0.000000 0.000000 0.000000 1.000000
0.997085 0.070796 -0.028445 0.000000 -0.070797 0.719519 -0.690855 2.594800 -0.028444 0.690855 0.722434 -0.000000 0.000000 0.000000 0.000000 1.000000
0.996974 0.071905 -0.029525 -0.000000 -0.071905 0.708862 -0.701672 2.594800 -0.029524 0.701672 0.711888 0.000000 0.000000 0.000000 0.000000 1.000000
0.996863 0.072987 -0.030613 0.000000 -0.072987 0.698142 -0.712229 2.594800 -0.030611 0.712229 0.701279 0.000000 0.000000 0.000000 0.000000 1.000000
0.996763 0.073930 -0.031588 0.000000 -0.073931 0.688524 -0.721436 2.594800 -0.031587 0.721436 0.691761 -0.000000 0.000000 0.000000 0.000000 1.000000
0.996681 0.074688 -0.032390 0.000000 -0.074688 0.680610 -0.728829 2.594800 -0.032389 0.728829 0.683930 0.000000 0.000000 0.000000 0.000000 1.000000
0.996608 0.075345 -0.033102 0.000000 -0.075346 0.673595 -0.735250 2.594800 -0.033100 0.735250 0.676988 0.000000 0.000000 0.000000 0.000000 1.000000
0.996534 0.075997 -0.033819 0.000000 -0.075997 0.666524 -0.741600 2.594800 -0.033818 0.741600 0.669989 0.000000 0.000000 0.000000 0.000000 1.000000
0.996465 0.076602 -0.034499 -0.000000 -0.076603 0.659820 -0.747509 2.594800 -0.034497 0.747509 0.663356 -0.000000 0.000000 0.000000 0.000000 1.000000
0.996413 0.077048 -0.035007 0.000000 -0.077048 0.654808 -0.751858 2.594800 -0.035006 0.751858 0.658395 0.000000 0.000000 0.000000 0.000000 1.000000
0.996388 0.077259 -0.035250 0.000000 -0.077259 0.652411 -0.753917 2.594800 -0.035249 0.753917 0.656024 0.000000 0.000000 0.000000 0.000000 1.000000</float_array>
        <technique_common>
          <accessor source="#mixamorig_LeftHandPinky3-Matrix-animation-output-transform-array" count="51" stride="16">
            <param type="float4x4"/>
          </accessor>
        </technique_common>
      </source>
      <source id="mixamorig_LeftHandPinky3-Interpolations">
        <Name_array id="mixamorig_LeftHandPinky3-Interpolations-array" count="51">
 LINEAR LINEAR LINEAR LINEAR LINEAR LINEAR LINEAR LINEAR LINEAR LINEAR LINEAR
LINEAR LINEAR LINEAR LINEAR LINEAR LINEAR LINEAR LINEAR LINEAR LINEAR LINEAR LINEAR
LINEAR LINEAR LINEAR LINEAR LINEAR LINEAR LINEAR LINEAR LINEAR LINEAR LINEAR LINEAR
LINEAR LINEAR LINEAR LINEAR LINEAR LINEAR LINEAR LINEAR LINEAR LINEAR LINEAR LINEAR
LINEAR LINEAR LINEAR LINEAR</Name_array>
        <technique_common>
          <accessor source="#mixamorig_LeftHandPinky3-Interpolations-array" count="51">
            <param type="name"/>
          </accessor>
        </technique_common>
      </source>
      <sampler id="mixamorig_LeftHandPinky3-Matrix-animation-transform">
        <input semantic="INPUT" source="#mixamorig_LeftHandPinky3-Matrix-animation-input"/>
        <input semantic="OUTPUT" source="#mixamorig_LeftHandPinky3-Matrix-animation-output-transform"/>
        <input semantic="INTERPOLATION" source="#mixamorig_LeftHandPinky3-Interpolations"/>
      </sampler>
      <channel source="#mixamorig_LeftHandPinky3-Matrix-animation-transform" target="mixamorig_LeftHandPinky3/matrix"/>
    </animation>
    <animation id="mixamorig_RightShoulder-anim" name="mixamorig_RightShoulder">
      <source id="mixamorig_RightShoulder-Matrix-animation-input">
        <float_array id="mixamorig_RightShoulder-Matrix-animation-input-array" count="51">

0.000000 0.033333 0.066667 0.100000 0.133333 0.166667 0.200000 0.233333 0.266667 0.300000 0.333333 0.366667 0.400000 0.433333 0.466667 0.500000
0.533333 0.566667 0.600000 0.633333 0.666667 0.700000 0.733333 0.766667 0.800000 0.833333 0.866667 0.900000 0.933333 0.966667 1.000000 1.033333
1.066667 1.100000 1.133333 1.166667 1.200000 1.233333 1.266667 1.300000 1.333333 1.366667 1.400000 1.433333 1.466667 1.500000 1.533333 1.566667
1.600000 1.633333 1.666667</float_array>
        <technique_common>
          <accessor source="#mixamorig_RightShoulder-Matrix-animation-input-array" count="51">
            <param name="TIME" type="float"/>
          </accessor>
        </technique_common>
      </source>
      <source id="mixamorig_RightShoulder-Matrix-animation-output-transform">
        <float_array id="mixamorig_RightShoulder-Matrix-animation-output-transform-array" count="816">

0.179070 -0.983680 0.017511 -6.105700 -0.011040 -0.019806 -0.999743 9.106400 0.983774 0.178831 -0.014407 0.757100 0.000000 0.000000 0.000000 1.000000
0.193150 -0.980582 0.033944 -6.105700 -0.010630 -0.036685 -0.999270 9.106400 0.981112 0.192648 -0.017509 0.757100 0.000000 0.000000 0.000000 1.000000
0.210906 -0.975305 0.065571 -6.105700 -0.005950 -0.068360 -0.997643 9.106400 0.977488 0.210019 -0.020220 0.757100 0.000000 0.000000 0.000000 1.000000
0.230356 -0.967525 0.104075 -6.105700 0.000908 -0.106738 -0.994287 9.106400 0.973106 0.229135 -0.023709 0.757100 0.000000 0.000000 0.000000 1.000000
0.247820 -0.959246 0.135768 -6.105700 0.005899 -0.138643 -0.990325 9.106400 0.968788 0.246223 -0.028700 0.757100 0.000000 0.000000 0.000000 1.000000
0.260756 -0.953842 0.148969 -6.105700 0.005509 -0.152835 -0.988236 9.106400 0.965389 0.258509 -0.034598 0.757100 0.000000 0.000000 0.000000 1.000000
0.270126 -0.952588 0.140028 -6.105700 -0.000198 -0.145489 -0.989360 9.106400 0.962825 0.267224 -0.039489 0.757100 0.000000 0.000000 0.000000 1.000000
0.278562 -0.953913 0.111598 -6.105700 -0.008670 -0.118690 -0.992893 9.106400 0.960379 0.275614 -0.041333 0.757100 0.000000 0.000000 0.000000 1.000000
0.286800 -0.955303 0.071701 -6.105700 -0.017533 -0.080067 -0.996635 9.106400 0.957830 0.284578 -0.039713 0.757100 0.000000 0.000000 0.000000 1.000000
0.293027 -0.955532 0.033069 -6.105700 -0.025185 -0.042289 -0.998788 9.106400 0.955772 0.291839 -0.036457 0.757100 0.000000 0.000000 0.000000 1.000000
0.295879 -0.955215 0.004411 -6.105700 -0.031108 -0.014251 -0.999414 9.106400 0.954719 0.295568 -0.033932 0.757100 0.000000 0.000000 0.000000 1.000000
0.297111 -0.954637 -0.019817 -6.105700 -0.036976 0.009235 -0.999273 9.106400 0.954127 0.297628 -0.032555 0.757100 0.000000 0.000000 0.000000 1.000000
0.300920 -0.952526 -0.046283 -6.105700 -0.043904 0.034644 -0.998435 9.106400 0.952638 0.302481 -0.031395 0.757100 0.000000 0.000000 0.000000 1.000000
0.310523 -0.947787 -0.072627 -6.105700 -0.050790 0.059751 -0.996920 9.106400 0.949208 0.313256 -0.029584 0.757100 0.000000 0.000000 0.000000 1.000000
0.325744 -0.941299 -0.088582 -6.105700 -0.054631 0.074796 -0.995701 9.106400 0.943878 0.329183 -0.027060 0.757100 0.000000 0.000000 0.000000 1.000000
0.343716 -0.935276 -0.084373 -6.105700 -0.051955 0.070770 -0.996139 9.106400 0.937635 0.346772 -0.024268 0.757100 0.000000 0.000000 0.000000 1.000000
0.361455 -0.930411 -0.060714 -6.105700 -0.041754 0.048899 -0.997931 9.106400 0.931454 0.363242 -0.021174 0.757100 0.000000 0.000000 0.000000 1.000000
0.377759 -0.925351 -0.031975 -6.105700 -0.027566 0.023279 -0.999349 9.106400 0.925493 0.378395 -0.016715 0.757100 0.000000 0.000000 0.000000 1.000000
0.393366 -0.919290 -0.012962 -6.105700 -0.014243 0.008003 -0.999867 9.106400 0.919271 0.393499 -0.009945 0.757100 0.000000 0.000000 0.000000 1.000000
0.409454 -0.912318 -0.004793 -6.105700 -0.003120 0.003853 -0.999988 9.106400 0.912326 0.409464 -0.001268 0.757100 0.000000 0.000000 0.000000 1.000000
0.426188 -0.904634 -0.000812 -6.105700 0.007295 0.004334 -0.999964 9.106400 0.904605 0.426167 0.008446 0.757100 0.000000 0.000000 0.000000 1.000000
0.443034 -0.896502 0.002483 -6.105700 0.017996 0.006124 -0.999819 9.106400 0.896324 0.442998 0.018847 0.757100 0.000000 0.000000 0.000000 1.000000
0.459616 -0.888093 0.006600 -6.105700 0.029243 0.007706 -0.999543 9.106400 0.887636 0.459599 0.029512 0.757100 0.000000 0.000000 0.000000 1.000000
0.475334 -0.879428 0.025759 -6.105700 0.045094 -0.004887 -0.998971 9.106400 0.878649 0.476007 0.037334 0.757100 0.000000 0.000000 0.000000 1.000000
0.490363 -0.870627 0.039407 -6.105700 0.059870 -0.011458 -0.998140 9.106400 0.869460 0.491810 0.046506 0.757100 0.000000 0.000000 0.000000 1.000000
0.506203 -0.862164 0.020782 -6.105700 0.065050 0.014142 -0.997782 9.106400 0.859957 0.506432 0.063242 0.757100 0.000000 0.000000 0.000000 1.000000
0.522621 -0.852479 -0.012133 -6.105700 0.065162 0.054129 -0.996406 9.106400 0.850071 0.519952 0.083838 0.757100 0.000000 0.000000 0.000000 1.000000
0.538141 -0.842081 -0.036103 -6.105700 0.067417 0.085701 -0.994037 9.106400 0.840154 0.532498 0.102890 0.757100 0.000000 0.000000 0.000000 1.000000
0.551007 -0.833657 -0.037500 -6.105700 0.077011 0.095543 -0.992442 9.106400 0.830939 0.543955 0.116846 0.757100 0.000000 0.000000 0.000000 1.000000
0.561036 -0.827444 -0.023988 -6.105700 0.091947 0.091090 -0.991589 9.106400 0.822669 0.554111 0.127185 0.757100 0.000000 0.000000 0.000000 1.000000
0.569111 -0.822210 -0.009162 -6.105700 0.107611 0.085523 -0.990508 9.106400 0.815189 0.562723 0.137151 0.757100 0.000000 0.000000 0.000000 1.000000
0.576106 -0.817374 -0.001165 -6.105700 0.121006 0.086697 -0.988859 9.106400 0.808369 0.569546 0.148853 0.757100 0.000000 0.000000 0.000000 1.000000
0.581652 -0.813432 0.003140 -6.105700 0.133190 0.091430 -0.986864 9.106400 0.802460 0.574429 0.161521 0.757100 0.000000 0.000000 0.000000 1.000000
0.584163 -0.811549 0.011918 -6.105700 0.147330 0.091588 -0.984838 9.106400 0.798153 0.577061 0.173068 0.757100 0.000000 0.000000 0.000000 1.000000
0.579459 -0.813690 0.046217 -6.105700 0.171343 0.066187 -0.982986 9.106400 0.796787 0.577518 0.177772 0.757100 0.000000 0.000000 0.000000 1.000000
0.570878 -0.816845 0.082843 -6.105700 0.196397 0.037889 -0.979792 9.106400 0.797199 0.575612 0.182056 0.757100 0.000000 0.000000 0.000000 1.000000
0.559892 -0.820237 0.117185 -6.105700 0.220443 0.011130 -0.975336 9.106400 0.798702 0.571916 0.187046 0.757100 0.000000 0.000000 0.000000 1.000000
0.547624 -0.824699 0.141348 -6.105700 0.240878 -0.006393 -0.970534 9.106400 0.801302 0.565536 0.195151 0.757100 0.000000 0.000000 0.000000 1.000000
0.530717 -0.832825 0.157298 -6.105700 0.259237 -0.017189 -0.965661 9.106400 0.806930 0.553270 0.206777 0.757100 0.000000 0.000000 0.000000 1.000000
0.504608 -0.846828 0.168087 -6.105700 0.277502 -0.025270 -0.960393 9.106400 0.817535 0.531266 0.222245 0.757100 0.000000 0.000000 0.000000 1.000000
0.468919 -0.865902 0.174152 -6.105700 0.295968 -0.031727 -0.954671 9.106400 0.832176 0.499207 0.241402 0.757100 0.000000 0.000000 0.000000 1.000000
0.429930 -0.885854 0.174423 -6.105700 0.313171 -0.034877 -0.949056 9.106400 0.846808 0.462652 0.262429 0.757100 0.000000 0.000000 0.000000 1.000000
0.397790 -0.902390 0.165695 -6.105700 0.326930 -0.029328 -0.944593 9.106400 0.857251 0.429921 0.283352 0.757100 0.000000 0.000000 0.000000 1.000000
0.377789 -0.913921 0.148404 -6.105700 0.337069 -0.013529 -0.941383 9.106400 0.862357 0.405667 0.302943 0.757100 0.000000 0.000000 0.000000 1.000000
0.364006 -0.922102 0.131251 -6.105700 0.345812 0.002955 -0.938299 9.106400 0.864820 0.386934 0.319950 0.757100 0.000000 0.000000 0.000000 1.000000
0.343334 -0.930780 0.125578 -6.105700 0.355784 0.005149 -0.934554 9.106400 0.869218 0.365543 0.332925 0.757100 0.000000 0.000000 0.000000 1.000000
0.309714 -0.942059 0.128853 -6.105700 0.365546 -0.007131 -0.930766 9.106400 0.877755 0.335373 0.342157 0.757100 0.000000 0.000000 0.000000 1.000000
0.270141 -0.954355 0.127398 -6.105700 0.371179 -0.018863 -0.928370 9.106400 0.888397 0.298078 0.349141 0.757100 0.000000 0.000000 0.000000 1.000000
0.234961 -0.964880 0.117473 -6.105700 0.372527 -0.022237 -0.927755 9.106400 0.897784 0.261748 0.354219 0.757100 0.000000 0.000000 0.000000 1.000000
0.209562 -0.972097 0.105407 -6.105700 0.371868 -0.020465 -0.928060 9.106400 0.904322 0.233683 0.357203 0.757100 0.000000 0.000000 0.000000 1.000000
0.194133 -0.976113 0.097548 -6.105700 0.370661 -0.019079 -0.928572 9.106400 0.908253 0.216424 0.358103 0.757100 0.000000 0.000000 0.000000 1.000000</float_array>
        <technique_common>
          <accessor source="#mixamorig_RightShoulder-Matrix-animation-output-transform-array" count="51" stride="16">
            <param type="float4x4"/>
          </accessor>
        </technique_common>
      </source>
      <source id="mixamorig_RightShoulder-Interpolations">
        <Name_array id="mixamorig_RightShoulder-Interpolations-array" count="51">
 LINEAR LINEAR LINEAR LINEAR LINEAR LINEAR LINEAR LINEAR LINEAR LINEAR LINEAR
LINEAR LINEAR LINEAR LINEAR LINEAR LINEAR LINEAR LINEAR LINEAR LINEAR LINEAR LINEAR
LINEAR LINEAR LINEAR LINEAR LINEAR LINEAR LINEAR LINEAR LINEAR LINEAR LINEAR LINEAR
LINEAR LINEAR LINEAR LINEAR LINEAR LINEAR LINEAR LINEAR LINEAR LINEAR LINEAR LINEAR
LINEAR LINEAR LINEAR LINEAR</Name_array>
        <technique_common>
          <accessor source="#mixamorig_RightShoulder-Interpolations-array" count="51">
            <param type="name"/>
          </accessor>
        </technique_common>
      </source>
      <sampler id="mixamorig_RightShoulder-Matrix-animation-transform">
        <input semantic="INPUT" source="#mixamorig_RightShoulder-Matrix-animation-input"/>
        <input semantic="OUTPUT" source="#mixamorig_RightShoulder-Matrix-animation-output-transform"/>
        <input semantic="INTERPOLATION" source="#mixamorig_RightShoulder-Interpolations"/>
      </sampler>
      <channel source="#mixamorig_RightShoulder-Matrix-animation-transform" target="mixamorig_RightShoulder/matrix"/>
    </animation>
    <animation id="mixamorig_RightArm-anim" name="mixamorig_RightArm">
      <source id="mixamorig_RightArm-Matrix-animation-input">
        <float_array id="mixamorig_RightArm-Matrix-animation-input-array" count="51">

0.000000 0.033333 0.066667 0.100000 0.133333 0.166667 0.200000 0.233333 0.266667 0.300000 0.333333 0.366667 0.400000 0.433333 0.466667 0.500000
0.533333 0.566667 0.600000 0.633333 0.666667 0.700000 0.733333 0.766667 0.800000 0.833333 0.866667 0.900000 0.933333 0.966667 1.000000 1.033333
1.066667 1.100000 1.133333 1.166667 1.200000 1.233333 1.266667 1.300000 1.333333 1.366667 1.400000 1.433333 1.466667 1.500000 1.533333 1.566667
1.600000 1.633333 1.666667</float_array>
        <technique_common>
          <accessor source="#mixamorig_RightArm-Matrix-animation-input-array" count="51">
            <param name="TIME" type="float"/>
          </accessor>
        </technique_common>
      </source>
      <source id="mixamorig_RightArm-Matrix-animation-output-transform">
        <float_array id="mixamorig_RightArm-Matrix-animation-output-transform-array" count="816">

0.496047 -0.383969 0.778784 0.000000 0.707064 0.699216 -0.105626 12.922300 -0.503982 0.603046 0.618335 0.000000 0.000000 0.000000 0.000000 1.000000
0.532896 -0.351643 0.769655 -0.000000 0.652720 0.749654 -0.109427 12.922300 -0.538496 0.560683 0.629013 -0.000000 0.000000 0.000000 0.000000 1.000000
0.560869 -0.288181 0.776130 -0.000000 0.571819 0.812776 -0.111436 12.922300 -0.598706 0.506307 0.620649 0.000000 0.000000 0.000000 0.000000 1.000000
0.573723 -0.202965 0.793503 -0.000000 0.471551 0.873990 -0.117391 12.922300 -0.669688 0.441527 0.597137 -0.000000 0.000000 0.000000 0.000000 1.000000
0.575388 -0.119555 0.809095 -0.000000 0.364055 0.923290 -0.122470 12.922300 -0.732388 0.365023 0.574775 0.000000 0.000000 0.000000 0.000000 1.000000
0.579859 -0.062280 0.812333 0.000000 0.260115 0.959043 -0.112147 12.922300 -0.772078 0.276330 0.572309 0.000000 0.000000 0.000000 0.000000 1.000000
0.596855 -0.036824 0.801504 0.000000 0.169556 0.982175 -0.081139 12.922300 -0.784229 0.184328 0.592460 0.000000 0.000000 0.000000 0.000000 1.000000
0.622269 -0.032688 0.782120 -0.000000 0.106827 0.993327 -0.043478 12.922300 -0.775480 0.110607 0.621609 0.000000 0.000000 0.000000 0.000000 1.000000
0.644779 -0.038309 0.763409 0.000000 0.081120 0.996532 -0.018507 12.922300 -0.760053 0.073861 0.645650 -0.000000 0.000000 0.000000 0.000000 1.000000
0.658004 -0.046650 0.751568 0.000000 0.082789 0.996510 -0.010630 12.922300 -0.748450 0.069216 0.659570 0.000000 0.000000 0.000000 0.000000 1.000000
0.663182 -0.050897 0.746726 0.000000 0.088991 0.995970 -0.011149 12.922300 -0.743149 0.073845 0.665038 0.000000 0.000000 0.000000 0.000000 1.000000
0.665199 -0.042160 0.745475 0.000000 0.084406 0.996251 -0.018974 12.922300 -0.741880 0.075544 0.666263 0.000000 0.000000 0.000000 0.000000 1.000000
0.667605 -0.014374 0.744377 -0.000000 0.063108 0.997308 -0.037341 12.922300 -0.741836 0.071905 0.666715 -0.000000 0.000000 0.000000 0.000000 1.000000
0.672560 0.031451 0.739374 0.000000 0.024490 0.997603 -0.064712 12.922300 -0.739637 0.061630 0.670178 0.000000 0.000000 0.000000 0.000000 1.000000
0.682339 0.088796 0.725623 0.000000 -0.031220 0.995230 -0.092430 12.922300 -0.730369 0.040415 0.681856 0.000000 0.000000 0.000000 0.000000 1.000000
0.698655 0.148837 0.699806 0.000000 -0.100487 0.988840 -0.109988 12.922300 -0.708367 0.006522 0.705814 0.000000 0.000000 0.000000 0.000000 1.000000
0.722150 0.202706 0.661370 -0.000000 -0.169706 0.978798 -0.114694 12.922300 -0.670597 -0.029412 0.741239 0.000000 0.000000 0.000000 0.000000 1.000000
0.751051 0.243936 0.613528 -0.000000 -0.219071 0.968673 -0.116964 12.922300 -0.622840 -0.046560 0.780962 -0.000000 0.000000 0.000000 0.000000 1.000000
0.778774 0.276759 0.562952 -0.000000 -0.246658 0.960228 -0.130847 12.922300 -0.576776 -0.036956 0.816066 -0.000000 0.000000 0.000000 0.000000 1.000000
0.795082 0.317328 0.516863 0.000000 -0.276268 0.948148 -0.157137 12.922300 -0.539926 -0.017856 0.841523 0.000000 0.000000 0.000000 0.000000 1.000000
0.793413 0.375356 0.479170 0.000000 -0.326127 0.926840 -0.186034 12.922300 -0.513943 -0.008669 0.857780 0.000000 0.000000 0.000000 0.000000 1.000000
0.777329 0.440839 0.448799 0.000000 -0.386828 0.897540 -0.211626 12.922300 -0.496108 -0.009105 0.868213 0.000000 0.000000 0.000000 0.000000 1.000000
0.759124 0.493839 0.424092 0.000000 -0.437822 0.869470 -0.228766 12.922300 -0.481709 -0.012015 0.876249 0.000000 0.000000 0.000000 0.000000 1.000000
0.756480 0.509143 0.410502 0.000000 -0.462592 0.860238 -0.214475 12.922300 -0.462327 -0.027649 0.886278 0.000000 0.000000 0.000000 0.000000 1.000000
0.742164 0.527678 0.413218 0.000000 -0.498815 0.846670 -0.185293 12.922300 -0.447634 -0.068601 0.891581 0.000000 0.000000 0.000000 0.000000 1.000000
0.706426 0.552114 0.442868 0.000000 -0.540827 0.824700 -0.165455 12.922300 -0.456584 -0.122633 0.881188 0.000000 0.000000 0.000000 0.000000 1.000000
0.682751 0.544784 0.486890 -0.000000 -0.547516 0.822728 -0.152790 12.922300 -0.483816 -0.162263 0.859996 -0.000000 0.000000 0.000000 0.000000 1.000000
0.691140 0.504081 0.517907 0.000000 -0.509655 0.848028 -0.145262 12.922300 -0.512423 -0.163557 0.843014 -0.000000 0.000000 0.000000 0.000000 1.000000
0.724483 0.445310 0.526140 0.000000 -0.443213 0.885542 -0.139203 12.922300 -0.527908 -0.132341 0.838927 -0.000000 0.000000 0.000000 0.000000 1.000000
0.759343 0.380423 0.527898 0.000000 -0.368899 0.919998 -0.132351 12.922300 -0.536014 -0.094241 0.838932 0.000000 0.000000 0.000000 0.000000 1.000000
0.777588 0.321677 0.540260 -0.000000 -0.306494 0.944147 -0.121024 12.922300 -0.549016 -0.071480 0.832750 -0.000000 0.000000 0.000000 0.000000 1.000000
0.775861 0.283350 0.563695 0.000000 -0.269172 0.956739 -0.110436 12.922300 -0.570601 -0.066048 0.818567 -0.000000 0.000000 0.000000 0.000000 1.000000
0.758867 0.288564 0.583824 0.000000 -0.273939 0.954747 -0.115826 12.922300 -0.590828 -0.072035 0.803575 0.000000 0.000000 0.000000 0.000000 1.000000
0.730775 0.356569 0.582088 -0.000000 -0.332862 0.930615 -0.152179 12.922300 -0.595962 -0.082547 0.798759 0.000000 0.000000 0.000000 0.000000 1.000000
0.704268 0.465168 0.536307 0.000000 -0.424394 0.881447 -0.207220 12.922300 -0.569119 -0.081667 0.818190 -0.000000 0.000000 0.000000 0.000000 1.000000
0.671929 0.575036 0.466739 0.000000 -0.512999 0.815908 -0.266695 12.922300 -0.534175 -0.060237 0.843225 0.000000 0.000000 0.000000 0.000000 1.000000
0.665195 0.639217 0.385898 -0.000000 -0.555935 0.769013 -0.315525 12.922300 -0.498449 -0.004649 0.866906 0.000000 0.000000 0.000000 0.000000 1.000000
0.699169 0.644994 0.308455 -0.000000 -0.540929 0.759330 -0.361681 12.922300 -0.467501 0.086024 0.879797 0.000000 0.000000 0.000000 0.000000 1.000000
0.759490 0.603571 0.242644 0.000000 -0.479504 0.771490 -0.418186 12.922300 -0.439603 0.201260 0.875354 0.000000 0.000000 0.000000 0.000000 1.000000
0.826309 0.530697 0.188611 0.000000 -0.388364 0.779414 -0.491616 12.922300 -0.407905 0.332978 0.850141 -0.000000 0.000000 0.000000 0.000000 1.000000
0.883316 0.446134 0.143932 -0.000000 -0.292539 0.764519 -0.574396 12.922300 -0.366297 0.465268 0.805824 0.000000 0.000000 0.000000 0.000000 1.000000
0.925073 0.364314 0.107310 0.000000 -0.211112 0.728141 -0.652106 12.922300 -0.315708 0.580591 0.750495 -0.000000 0.000000 0.000000 0.000000 1.000000
0.952562 0.293674 0.079877 0.000000 -0.149157 0.679254 -0.718586 12.922300 -0.265287 0.672584 0.690835 -0.000000 0.000000 0.000000 0.000000 1.000000
0.968422 0.241795 0.060776 0.000000 -0.106917 0.622991 -0.774888 12.922300 -0.225227 0.743921 0.629170 0.000000 0.000000 0.000000 0.000000 1.000000
0.976369 0.211826 0.042818 -0.000000 -0.086974 0.566525 -0.819442 12.922300 -0.197837 0.796353 0.571561 0.000000 0.000000 0.000000 0.000000 1.000000
0.981072 0.192933 0.016576 -0.000000 -0.088660 0.523636 -0.847316 12.922300 -0.172155 0.829809 0.530830 0.000000 0.000000 0.000000 0.000000 1.000000
0.986875 0.160732 -0.015605 -0.000000 -0.095209 0.501062 -0.860158 12.922300 -0.130436 0.850354 0.509788 -0.000000 0.000000 0.000000 0.000000 1.000000
0.992134 0.120303 -0.034606 0.000000 -0.089942 0.492790 -0.865488 12.922300 -0.087067 0.861792 0.499734 0.000000 0.000000 0.000000 0.000000 1.000000
0.997159 0.070495 -0.026550 0.000000 -0.057757 0.489237 -0.870236 12.922300 -0.048358 0.869297 0.491919 -0.000000 0.000000 0.000000 0.000000 1.000000
0.999765 0.020295 0.007673 0.000000 -0.003116 0.484275 -0.874910 12.922300 -0.021472 0.874680 0.484224 0.000000 0.000000 0.000000 0.000000 1.000000
0.998166 -0.020269 0.057044 0.000000 0.059806 0.476194 -0.877304 12.922300 -0.009381 0.879107 0.476532 0.000000 0.000000 0.000000 0.000000 1.000000</float_array>
        <technique_common>
          <accessor source="#mixamorig_RightArm-Matrix-animation-output-transform-array" count="51" stride="16">
            <param type="float4x4"/>
          </accessor>
        </technique_common>
      </source>
      <source id="mixamorig_RightArm-Interpolations">
        <Name_array id="mixamorig_RightArm-Interpolations-array" count="51">
 LINEAR LINEAR LINEAR LINEAR LINEAR LINEAR LINEAR LINEAR LINEAR LINEAR LINEAR
LINEAR LINEAR LINEAR LINEAR LINEAR LINEAR LINEAR LINEAR LINEAR LINEAR LINEAR LINEAR
LINEAR LINEAR LINEAR LINEAR LINEAR LINEAR LINEAR LINEAR LINEAR LINEAR LINEAR LINEAR
LINEAR LINEAR LINEAR LINEAR LINEAR LINEAR LINEAR LINEAR LINEAR LINEAR LINEAR LINEAR
LINEAR LINEAR LINEAR LINEAR</Name_array>
        <technique_common>
          <accessor source="#mixamorig_RightArm-Interpolations-array" count="51">
            <param type="name"/>
          </accessor>
        </technique_common>
      </source>
      <sampler id="mixamorig_RightArm-Matrix-animation-transform">
        <input semantic="INPUT" source="#mixamorig_RightArm-Matrix-animation-input"/>
        <input semantic="OUTPUT" source="#mixamorig_RightArm-Matrix-animation-output-transform"/>
        <input semantic="INTERPOLATION" source="#mixamorig_RightArm-Interpolations"/>
      </sampler>
      <channel source="#mixamorig_RightArm-Matrix-animation-transform" target="mixamorig_RightArm/matrix"/>
    </animation>
    <animation id="mixamorig_RightForeArm-anim" name="mixamorig_RightForeArm">
      <source id="mixamorig_RightForeArm-Matrix-animation-input">
        <float_array id="mixamorig_RightForeArm-Matrix-animation-input-array" count="51">

0.000000 0.033333 0.066667 0.100000 0.133333 0.166667 0.200000 0.233333 0.266667 0.300000 0.333333 0.366667 0.400000 0.433333 0.466667 0.500000
0.533333 0.566667 0.600000 0.633333 0.666667 0.700000 0.733333 0.766667 0.800000 0.833333 0.866667 0.900000 0.933333 0.966667 1.000000 1.033333
1.066667 1.100000 1.133333 1.166667 1.200000 1.233333 1.266667 1.300000 1.333333 1.366667 1.400000 1.433333 1.466667 1.500000 1.533333 1.566667
1.600000 1.633333 1.666667</float_array>
        <technique_common>
          <accessor source="#mixamorig_RightForeArm-Matrix-animation-input-array" count="51">
            <param name="TIME" type="float"/>
          </accessor>
        </technique_common>
      </source>
      <source id="mixamorig_RightForeArm-Matrix-animation-output-transform">
        <float_array id="mixamorig_RightForeArm-Matrix-animation-output-transform-array" count="816">

-0.719073 0.694934 0.000000 -0.000000 -0.694934 -0.719073 0.000000 27.404699 0.000000 -0.000000 1.000000 0.000000 0.000000 0.000000 0.000000 1.000000
-0.689168 0.724601 0.000000 -0.000000 -0.724601 -0.689168 0.000000 27.404699 0.000000 -0.000000 1.000000 0.000000 0.000000 0.000000 0.000000 1.000000
-0.647322 0.762217 0.000000 -0.000000 -0.762217 -0.647322 -0.000000 27.404699 0.000000 -0.000000 1.000000 -0.000000 0.000000 0.000000 0.000000 1.000000
-0.593265 0.805007 0.000000 0.000000 -0.805007 -0.593265 0.000000 27.404699 0.000000 -0.000000 1.000000 -0.000000 0.000000 0.000000 0.000000 1.000000
-0.531718 0.846921 0.000000 0.000000 -0.846921 -0.531718 -0.000000 27.404699 -0.000000 -0.000000 1.000000 -0.000000 0.000000 0.000000 0.000000 1.000000
-0.469866 0.882738 0.000000 -0.000000 -0.882738 -0.469866 -0.000000 27.404699 0.000000 -0.000000 1.000000 -0.000000 0.000000 0.000000 0.000000 1.000000
-0.411891 0.911233 0.000000 -0.000000 -0.911233 -0.411891 0.000000 27.404699 0.000000 0.000000 1.000000 0.000000 0.000000 0.000000 0.000000 1.000000
-0.360142 0.932897 0.000000 -0.000000 -0.932897 -0.360142 0.000000 27.404699 0.000000 -0.000000 1.000000 0.000000 0.000000 0.000000 0.000000 1.000000
-0.316855 0.948474 -0.000000 0.000000 -0.948474 -0.316855 -0.000000 27.404699 -0.000000 0.000000 1.000000 0.000000 0.000000 0.000000 0.000000 1.000000
-0.279142 0.960250 0.000000 0.000000 -0.960250 -0.279142 -0.000000 27.404699 -0.000000 -0.000000 1.000000 0.000000 0.000000 0.000000 0.000000 1.000000
-0.241709 0.970349 0.000000 0.000000 -0.970349 -0.241709 -0.000000 27.404699 -0.000000 -0.000000 1.000000 0.000000 0.000000 0.000000 0.000000 1.000000
-0.199094 0.979980 0.000000 0.000000 -0.979980 -0.199094 -0.000000 27.404699 -0.000000 -0.000000 1.000000 0.000000 0.000000 0.000000 0.000000 1.000000
-0.147865 0.989008 0.000000 -0.000000 -0.989008 -0.147865 -0.000000 27.404699 -0.000000 -0.000000 1.000000 0.000000 0.000000 0.000000 0.000000 1.000000
-0.085970 0.996298 0.000000 0.000000 -0.996298 -0.085970 -0.000000 27.404699 -0.000000 -0.000000 1.000000 0.000000 0.000000 0.000000 0.000000 1.000000
-0.011830 0.999930 -0.000000 0.000000 -0.999930 -0.011830 0.000000 27.404699 0.000000 0.000000 1.000000 0.000000 0.000000 0.000000 0.000000 1.000000
0.072263 0.997386 0.000000 0.000000 -0.997386 0.072263 0.000000 27.404699 0.000000 -0.000000 1.000000 -0.000000 0.000000 0.000000 0.000000 1.000000
0.161666 0.986846 0.000000 0.000000 -0.986846 0.161666 -0.000000 27.404699 -0.000000 -0.000000 1.000000 0.000000 0.000000 0.000000 0.000000 1.000000
0.250877 0.968019 -0.000000 -0.000000 -0.968019 0.250877 0.000000 27.404699 0.000000 0.000000 1.000000 0.000000 0.000000 0.000000 0.000000 1.000000
0.340895 0.940101 -0.000000 0.000000 -0.940101 0.340895 0.000000 27.404699 0.000000 0.000000 1.000000 -0.000000 0.000000 0.000000 0.000000 1.000000
0.437349 0.899292 0.000000 -0.000000 -0.899292 0.437349 0.000000 27.404699 -0.000000 -0.000000 1.000000 0.000000 0.000000 0.000000 0.000000 1.000000
0.534332 0.845275 0.000000 -0.000000 -0.845275 0.534332 0.000001 27.404699 0.000000 -0.000000 1.000000 0.000000 0.000000 0.000000 0.000000 1.000000
0.616350 0.787473 -0.000000 0.000000 -0.787473 0.616350 -0.000000 27.404699 -0.000000 0.000000 1.000000 -0.000000 0.000000 0.000000 0.000000 1.000000
0.666302 0.745682 0.000000 0.000000 -0.745682 0.666302 0.000000 27.404699 0.000000 -0.000000 1.000000 0.000000 0.000000 0.000000 0.000000 1.000000
0.641536 0.767093 -0.000000 0.000000 -0.767093 0.641536 -0.000000 27.404699 0.000000 0.000000 1.000000 -0.000000 0.000000 0.000000 0.000000 1.000000
0.615683 0.787994 0.000000 0.000000 -0.787994 0.615683 0.000000 27.404699 0.000000 -0.000000 1.000000 0.000000 0.000000 0.000000 0.000000 1.000000
0.607007 0.794696 0.000000 0.000000 -0.794696 0.607007 0.000000 27.404699 -0.000000 -0.000000 1.000000 -0.000000 0.000000 0.000000 0.000000 1.000000
0.566123 0.824321 -0.000000 0.000000 -0.824321 0.566123 0.000000 27.404699 0.000000 0.000000 1.000000 0.000000 0.000000 0.000000 0.000000 1.000000
0.490001 0.871722 -0.000000 0.000000 -0.871722 0.490001 0.000000 27.404699 0.000000 0.000000 1.000000 -0.000000 0.000000 0.000000 0.000000 1.000000
0.391315 0.920257 -0.000000 0.000000 -0.920257 0.391315 0.000000 27.404699 0.000000 0.000000 1.000000 0.000000 0.000000 0.000000 0.000000 1.000000
0.278282 0.960500 -0.000000 0.000000 -0.960500 0.278282 0.000000 27.404699 0.000000 0.000000 1.000000 0.000000 0.000000 0.000000 0.000000 1.000000
0.167564 0.985861 -0.000000 0.000000 -0.985861 0.167564 0.000000 27.404699 0.000000 0.000000 1.000000 0.000000 0.000000 0.000000 0.000000 1.000000
0.081923 0.996639 0.000000 0.000000 -0.996639 0.081923 0.000000 27.404699 0.000000 -0.000000 1.000000 0.000000 0.000000 0.000000 0.000000 1.000000
0.046409 0.998923 0.000000 0.000000 -0.998923 0.046409 0.000000 27.404699 0.000000 -0.000000 1.000000 0.000000 0.000000 0.000000 0.000000 1.000000
0.075588 0.997139 0.000000 0.000000 -0.997139 0.075588 -0.000000 27.404699 -0.000000 -0.000000 1.000000 0.000000 0.000000 0.000000 0.000000 1.000000
0.158456 0.987366 -0.000000 -0.000000 -0.987366 0.158456 -0.000000 27.404699 -0.000000 0.000000 1.000000 0.000000 0.000000 0.000000 0.000000 1.000000
0.263552 0.964645 0.000000 0.000000 -0.964645 0.263552 0.000000 27.404699 0.000000 -0.000000 1.000000 0.000000 0.000000 0.000000 0.000000 1.000000
0.333462 0.942764 0.000000 0.000000 -0.942764 0.333462 -0.000000 27.404699 -0.000000 0.000000 1.000000 0.000000 0.000000 0.000000 0.000000 1.000000
0.352846 0.935681 0.000000 0.000000 -0.935681 0.352846 0.000000 27.404699 0.000000 -0.000000 1.000000 0.000000 0.000000 0.000000 0.000000 1.000000
0.343459 0.939168 -0.000000 -0.000000 -0.939168 0.343459 0.000000 27.404699 0.000000 0.000000 1.000000 -0.000000 0.000000 0.000000 0.000000 1.000000
0.328863 0.944377 0.000000 0.000000 -0.944377 0.328863 0.000000 27.404699 0.000000 -0.000000 1.000000 0.000000 0.000000 0.000000 0.000000 1.000000
0.331454 0.943472 -0.000000 0.000000 -0.943472 0.331454 0.000000 27.404699 0.000000 0.000000 1.000000 0.000000 0.000000 0.000000 0.000000 1.000000
0.360056 0.932931 0.000000 0.000000 -0.932931 0.360056 -0.000000 27.404699 -0.000000 -0.000000 1.000000 -0.000000 0.000000 0.000000 0.000000 1.000000
0.411375 0.911466 0.000000 0.000000 -0.911466 0.411375 -0.000000 27.404699 -0.000000 -0.000000 1.000000 -0.000000 0.000000 0.000000 0.000000 1.000000
0.477107 0.878845 -0.000000 0.000000 -0.878845 0.477107 -0.000000 27.404699 -0.000000 0.000000 1.000000 -0.000000 0.000000 0.000000 0.000000 1.000000
0.543749 0.839248 -0.000000 0.000000 -0.839248 0.543749 0.000000 27.404699 0.000000 -0.000000 1.000000 0.000000 0.000000 0.000000 0.000000 1.000000
0.593042 0.805171 0.000000 0.000000 -0.805171 0.593042 -0.000000 27.404699 -0.000000 -0.000000 1.000000 0.000000 0.000000 0.000000 0.000000 1.000000
0.629320 0.777147 0.000000 0.000000 -0.777147 0.629320 -0.000000 27.404699 -0.000000 -0.000000 1.000000 0.000000 0.000000 0.000000 0.000000 1.000000
0.643955 0.765064 0.000000 -0.000000 -0.765064 0.643955 0.000000 27.404699 0.000000 -0.000000 1.000000 0.000000 0.000000 0.000000 0.000000 1.000000
0.639060 0.769157 0.000000 0.000000 -0.769157 0.639060 0.000000 27.404699 0.000000 -0.000000 1.000000 0.000000 0.000000 0.000000 0.000000 1.000000
0.621384 0.783506 -0.000000 0.000000 -0.783506 0.621384 0.000000 27.404699 0.000000 0.000000 1.000000 0.000000 0.000000 0.000000 0.000000 1.000000
0.598147 0.801387 0.000000 -0.000000 -0.801387 0.598147 -0.000000 27.404699 -0.000000 0.000000 1.000000 0.000000 0.000000 0.000000 0.000000 1.000000</float_array>
        <technique_common>
          <accessor source="#mixamorig_RightForeArm-Matrix-animation-output-transform-array" count="51" stride="16">
            <param type="float4x4"/>
          </accessor>
        </technique_common>
      </source>
      <source id="mixamorig_RightForeArm-Interpolations">
        <Name_array id="mixamorig_RightForeArm-Interpolations-array" count="51">
 LINEAR LINEAR LINEAR LINEAR LINEAR LINEAR LINEAR LINEAR LINEAR LINEAR LINEAR
LINEAR LINEAR LINEAR LINEAR LINEAR LINEAR LINEAR LINEAR LINEAR LINEAR LINEAR LINEAR
LINEAR LINEAR LINEAR LINEAR LINEAR LINEAR LINEAR LINEAR LINEAR LINEAR LINEAR LINEAR
LINEAR LINEAR LINEAR LINEAR LINEAR LINEAR LINEAR LINEAR LINEAR LINEAR LINEAR LINEAR
LINEAR LINEAR LINEAR LINEAR</Name_array>
        <technique_common>
          <accessor source="#mixamorig_RightForeArm-Interpolations-array" count="51">
            <param type="name"/>
          </accessor>
        </technique_common>
      </source>
      <sampler id="mixamorig_RightForeArm-Matrix-animation-transform">
        <input semantic="INPUT" source="#mixamorig_RightForeArm-Matrix-animation-input"/>
        <input semantic="OUTPUT" source="#mixamorig_RightForeArm-Matrix-animation-output-transform"/>
        <input semantic="INTERPOLATION" source="#mixamorig_RightForeArm-Interpolations"/>
      </sampler>
      <channel source="#mixamorig_RightForeArm-Matrix-animation-transform" target="mixamorig_RightForeArm/matrix"/>
    </animation>
    <animation id="mixamorig_RightHand-anim" name="mixamorig_RightHand">
      <source id="mixamorig_RightHand-Matrix-animation-input">
        <float_array id="mixamorig_RightHand-Matrix-animation-input-array" count="51">

0.000000 0.033333 0.066667 0.100000 0.133333 0.166667 0.200000 0.233333 0.266667 0.300000 0.333333 0.366667 0.400000 0.433333 0.466667 0.500000
0.533333 0.566667 0.600000 0.633333 0.666667 0.700000 0.733333 0.766667 0.800000 0.833333 0.866667 0.900000 0.933333 0.966667 1.000000 1.033333
1.066667 1.100000 1.133333 1.166667 1.200000 1.233333 1.266667 1.300000 1.333333 1.366667 1.400000 1.433333 1.466667 1.500000 1.533333 1.566667
1.600000 1.633333 1.666667</float_array>
        <technique_common>
          <accessor source="#mixamorig_RightHand-Matrix-animation-input-array" count="51">
            <param name="TIME" type="float"/>
          </accessor>
        </technique_common>
      </source>
      <source id="mixamorig_RightHand-Matrix-animation-output-transform">
        <float_array id="mixamorig_RightHand-Matrix-animation-output-transform-array" count="816">

0.642295 -0.134904 -0.754492 -0.000000 0.489600 0.829590 0.268462 27.614500 0.589703 -0.541832 0.598890 -0.000000 0.000000 0.000000 0.000000 1.000000
0.635941 -0.140684 -0.758807 -0.000000 0.490192 0.833059 0.256369 27.614500 0.596064 -0.534996 0.598738 -0.000000 0.000000 0.000000 0.000000 1.000000
0.626059 -0.143961 -0.766372 0.000000 0.467223 0.856109 0.220863 27.614500 0.624302 -0.496340 0.603236 -0.000000 0.000000 0.000000 0.000000 1.000000
0.614792 -0.139307 -0.776289 -0.000000 0.419522 0.891241 0.172310 27.614500 0.667856 -0.431605 0.606371 -0.000000 0.000000 0.000000 0.000000 1.000000
0.608289 -0.129650 -0.783055 0.000000 0.364195 0.922173 0.130228 27.614500 0.705228 -0.364401 0.608165 0.000000 0.000000 0.000000 0.000000 1.000000
0.616235 -0.122196 -0.778025 -0.000000 0.327543 0.938165 0.112082 27.614500 0.716220 -0.323906 0.618154 0.000000 0.000000 0.000000 0.000000 1.000000
0.641772 -0.118492 -0.757686 0.000000 0.316811 0.940709 0.121230 27.614500 0.698398 -0.317845 0.641260 0.000000 0.000000 0.000000 0.000000 1.000000
0.676890 -0.112648 -0.727414 0.000000 0.316063 0.936963 0.149011 27.614500 0.664774 -0.330772 0.669825 -0.000000 0.000000 0.000000 0.000000 1.000000
0.707672 -0.096839 -0.699873 0.000000 0.308235 0.933644 0.182484 27.614500 0.635760 -0.344864 0.690563 -0.000000 0.000000 0.000000 0.000000 1.000000
0.712076 -0.067376 -0.698862 0.000000 0.292915 0.933130 0.208492 27.614500 0.638082 -0.353169 0.684195 0.000000 0.000000 0.000000 0.000000 1.000000
0.697645 -0.026479 -0.715954 -0.000000 0.274708 0.932824 0.233183 27.614500 0.661685 -0.359358 0.658054 -0.000000 0.000000 0.000000 0.000000 1.000000
0.677468 0.023622 -0.735173 -0.000000 0.255469 0.929708 0.265289 27.614500 0.689763 -0.367538 0.623813 -0.000000 0.000000 0.000000 0.000000 1.000000
0.665533 0.083686 -0.741662 0.000000 0.230367 0.922146 0.310771 27.614500 0.709927 -0.377683 0.594440 0.000000 0.000000 0.000000 0.000000 1.000000
0.661876 0.155690 -0.733267 0.000000 0.197495 0.907416 0.370933 27.614500 0.723129 -0.390328 0.569849 0.000000 0.000000 0.000000 0.000000 1.000000
0.654931 0.239032 -0.716888 -0.000000 0.165861 0.880055 0.444963 27.614500 0.737262 -0.410324 0.536730 -0.000000 0.000000 0.000000 0.000000 1.000000
0.650588 0.328871 -0.684529 0.000000 0.140946 0.833422 0.534361 27.614500 0.746237 -0.444130 0.495861 0.000000 0.000000 0.000000 0.000000 1.000000
0.654017 0.417920 -0.630559 -0.000000 0.125110 0.762309 0.635006 27.614500 0.746062 -0.494194 0.446277 0.000000 0.000000 0.000000 0.000000 1.000000
0.667594 0.498611 -0.552906 -0.000000 0.117666 0.662636 0.739640 27.614500 0.735168 -0.558838 0.383703 0.000000 0.000000 0.000000 0.000000 1.000000
0.692079 0.562702 -0.452098 0.000000 0.114967 0.532404 0.838647 27.614500 0.712607 -0.632387 0.303773 0.000000 0.000000 0.000000 0.000000 1.000000
0.726979 0.599036 -0.335644 0.000000 0.111563 0.379271 0.918535 27.614500 0.677536 -0.705202 0.208892 0.000000 0.000000 0.000000 0.000000 1.000000
0.768059 0.599926 -0.223996 -0.000000 0.105551 0.226405 0.968297 27.614500 0.631621 -0.767352 0.110570 -0.000000 0.000000 0.000000 0.000000 1.000000
0.808992 0.571412 -0.137911 0.000000 0.100013 0.097392 0.990208 27.614500 0.579248 -0.814864 0.021640 -0.000000 0.000000 0.000000 0.000000 1.000000
0.848479 0.519557 -0.100720 0.000000 0.110748 0.011792 0.993779 27.614500 0.517512 -0.854354 -0.047535 0.000000 0.000000 0.000000 0.000000 1.000000
0.869690 0.472613 -0.142398 0.000000 0.149464 0.022797 0.988504 27.614500 0.470426 -0.880975 -0.050812 0.000000 0.000000 0.000000 0.000000 1.000000
0.886880 0.431597 -0.164826 0.000000 0.163194 0.041106 0.985737 27.614500 0.432216 -0.901130 -0.033978 0.000000 0.000000 0.000000 0.000000 1.000000
0.879793 0.396717 -0.261877 -0.000000 0.256359 0.067949 0.964190 27.614500 0.400305 -0.915423 -0.041921 0.000000 0.000000 0.000000 0.000000 1.000000
0.851823 0.369840 -0.370966 0.000000 0.346819 0.132544 0.928519 27.614500 0.392573 -0.919592 -0.015363 0.000000 0.000000 0.000000 0.000000 1.000000
0.799851 0.347995 -0.489018 -0.000000 0.427362 0.241872 0.871126 27.614500 0.421427 -0.905758 0.044741 0.000000 0.000000 0.000000 0.000000 1.000000
0.718573 0.313088 -0.620990 0.000000 0.501311 0.385697 0.774548 27.614500 0.482016 -0.867879 0.120197 0.000000 0.000000 0.000000 0.000000 1.000000
0.614980 0.241028 -0.750803 0.000000 0.553144 0.546723 0.628591 27.614500 0.561989 -0.801872 0.202900 -0.000000 0.000000 0.000000 0.000000 1.000000
0.497423 0.123253 -0.858708 0.000000 0.572753 0.696787 0.431790 27.614500 0.651556 -0.706609 0.276004 0.000000 0.000000 0.000000 0.000000 1.000000
0.401566 -0.024716 -0.915496 -0.000000 0.544454 0.810251 0.216941 27.614500 0.736420 -0.585562 0.338826 0.000000 0.000000 0.000000 0.000000 1.000000
0.402835 -0.173154 -0.898744 0.000000 0.485816 0.872651 0.049625 27.614500 0.775698 -0.456615 0.435656 0.000000 0.000000 0.000000 0.000000 1.000000
0.532614 -0.294952 -0.793300 -0.000000 0.458032 0.888641 -0.022882 27.614500 0.711708 -0.351170 0.608401 0.000000 0.000000 0.000000 0.000000 1.000000
0.622150 -0.314506 -0.716949 -0.000000 0.409671 0.911162 -0.044200 27.614500 0.667158 -0.266214 0.695723 0.000000 0.000000 0.000000 0.000000 1.000000
0.736359 -0.286022 -0.613162 0.000000 0.348581 0.937096 -0.018509 27.614500 0.579885 -0.200107 0.789741 0.000000 0.000000 0.000000 0.000000 1.000000
0.838739 -0.217774 -0.499091 0.000000 0.280685 0.958305 0.053551 27.614500 0.466619 -0.185003 0.864893 0.000000 0.000000 0.000000 0.000000 1.000000
0.914522 -0.141283 -0.379062 -0.000000 0.212908 0.964853 0.154042 27.614500 0.343976 -0.221581 0.912460 0.000000 0.000000 0.000000 0.000000 1.000000
0.964232 -0.074781 -0.254292 0.000000 0.141888 0.955968 0.256891 27.614500 0.223884 -0.283783 0.932386 0.000000 0.000000 0.000000 0.000000 1.000000
0.990694 -0.016495 -0.135102 0.000000 0.063425 0.934213 0.351032 27.614500 0.120424 -0.356334 0.926566 0.000000 0.000000 0.000000 0.000000 1.000000
0.999049 0.036011 -0.024594 0.000000 -0.022047 0.903681 0.427639 27.614500 0.037625 -0.426690 0.903615 0.000000 0.000000 0.000000 0.000000 1.000000
0.993887 0.080412 0.075648 0.000000 -0.107047 0.869544 0.482114 27.614500 -0.027012 -0.487265 0.872836 0.000000 0.000000 0.000000 0.000000 1.000000
0.980150 0.116075 0.160725 -0.000000 -0.183616 0.837233 0.515099 27.614500 -0.074774 -0.534386 0.841927 0.000000 0.000000 0.000000 0.000000 1.000000
0.963235 0.147560 0.224511 0.000000 -0.247636 0.811722 0.528945 27.614500 -0.104189 -0.565095 0.818421 0.000000 0.000000 0.000000 0.000000 1.000000
0.948189 0.177737 0.263339 0.000000 -0.295528 0.797683 0.525704 27.614500 -0.116624 -0.576291 0.808880 0.000000 0.000000 0.000000 0.000000 1.000000
0.939069 0.203551 0.276979 0.000000 -0.322557 0.800288 0.505466 27.614500 -0.118774 -0.564009 0.817182 0.000000 0.000000 0.000000 0.000000 1.000000
0.932403 0.248208 0.262712 0.000000 -0.346652 0.819836 0.455743 27.614500 -0.102261 -0.516006 0.850459 -0.000000 0.000000 0.000000 0.000000 1.000000
0.934152 0.272127 0.230884 -0.000000 -0.347260 0.842295 0.412251 27.614500 -0.082288 -0.465281 0.881330 0.000000 0.000000 0.000000 0.000000 1.000000
0.937927 0.283443 0.199884 -0.000000 -0.340241 0.863765 0.371681 27.614500 -0.067302 -0.416618 0.906587 0.000000 0.000000 0.000000 0.000000 1.000000
0.941534 0.291004 0.169799 0.000000 -0.333068 0.879907 0.338864 27.614500 -0.050797 -0.375606 0.925386 0.000000 0.000000 0.000000 0.000000 1.000000
0.945777 0.298774 0.127435 -0.000000 -0.324192 0.892583 0.313360 27.614500 -0.020123 -0.337682 0.941045 0.000000 0.000000 0.000000 0.000000 1.000000</float_array>
        <technique_common>
          <accessor source="#mixamorig_RightHand-Matrix-animation-output-transform-array" count="51" stride="16">
            <param type="float4x4"/>
          </accessor>
        </technique_common>
      </source>
      <source id="mixamorig_RightHand-Interpolations">
        <Name_array id="mixamorig_RightHand-Interpolations-array" count="51">
 LINEAR LINEAR LINEAR LINEAR LINEAR LINEAR LINEAR LINEAR LINEAR LINEAR LINEAR
LINEAR LINEAR LINEAR LINEAR LINEAR LINEAR LINEAR LINEAR LINEAR LINEAR LINEAR LINEAR
LINEAR LINEAR LINEAR LINEAR LINEAR LINEAR LINEAR LINEAR LINEAR LINEAR LINEAR LINEAR
LINEAR LINEAR LINEAR LINEAR LINEAR LINEAR LINEAR LINEAR LINEAR LINEAR LINEAR LINEAR
LINEAR LINEAR LINEAR LINEAR</Name_array>
        <technique_common>
          <accessor source="#mixamorig_RightHand-Interpolations-array" count="51">
            <param type="name"/>
          </accessor>
        </technique_common>
      </source>
      <sampler id="mixamorig_RightHand-Matrix-animation-transform">
        <input semantic="INPUT" source="#mixamorig_RightHand-Matrix-animation-input"/>
        <input semantic="OUTPUT" source="#mixamorig_RightHand-Matrix-animation-output-transform"/>
        <input semantic="INTERPOLATION" source="#mixamorig_RightHand-Interpolations"/>
      </sampler>
      <channel source="#mixamorig_RightHand-Matrix-animation-transform" target="mixamorig_RightHand/matrix"/>
    </animation>
    <animation id="mixamorig_RightHandThumb1-anim" name="mixamorig_RightHandThumb1">
      <source id="mixamorig_RightHandThumb1-Matrix-animation-input">
        <float_array id="mixamorig_RightHandThumb1-Matrix-animation-input-array" count="51">

0.000000 0.033333 0.066667 0.100000 0.133333 0.166667 0.200000 0.233333 0.266667 0.300000 0.333333 0.366667 0.400000 0.433333 0.466667 0.500000
0.533333 0.566667 0.600000 0.633333 0.666667 0.700000 0.733333 0.766667 0.800000 0.833333 0.866667 0.900000 0.933333 0.966667 1.000000 1.033333
1.066667 1.100000 1.133333 1.166667 1.200000 1.233333 1.266667 1.300000 1.333333 1.366667 1.400000 1.433333 1.466667 1.500000 1.533333 1.566667
1.600000 1.633333 1.666667</float_array>
        <technique_common>
          <accessor source="#mixamorig_RightHandThumb1-Matrix-animation-input-array" count="51">
            <param name="TIME" type="float"/>
          </accessor>
        </technique_common>
      </source>
      <source id="mixamorig_RightHandThumb1-Matrix-animation-output-transform">
        <float_array id="mixamorig_RightHandThumb1-Matrix-animation-output-transform-array" count="816">

0.871835 0.487388 -0.048543 3.003000 -0.467533 0.798562 -0.379093 3.788800 -0.146001 0.353202 0.924084 2.167100 0.000000 0.000000 0.000000 1.000000
0.871835 0.487388 -0.048543 3.003000 -0.467533 0.798562 -0.379093 3.788800 -0.146001 0.353202 0.924084 2.167100 0.000000 0.000000 0.000000 1.000000
0.871835 0.487388 -0.048543 3.003000 -0.467533 0.798562 -0.379093 3.788800 -0.146001 0.353202 0.924084 2.167100 0.000000 0.000000 0.000000 1.000000
0.871835 0.487388 -0.048543 3.003000 -0.467533 0.798562 -0.379093 3.788800 -0.146001 0.353202 0.924084 2.167100 0.000000 0.000000 0.000000 1.000000
0.871835 0.487388 -0.048543 3.003000 -0.467533 0.798562 -0.379093 3.788800 -0.146001 0.353202 0.924084 2.167100 0.000000 0.000000 0.000000 1.000000
0.871835 0.487388 -0.048543 3.003000 -0.467533 0.798562 -0.379093 3.788800 -0.146001 0.353202 0.924085 2.167100 0.000000 0.000000 0.000000 1.000000
0.871836 0.487387 -0.048543 3.003000 -0.467533 0.798563 -0.379092 3.788800 -0.146000 0.353202 0.924085 2.167100 0.000000 0.000000 0.000000 1.000000
0.871835 0.487388 -0.048543 3.003000 -0.467533 0.798562 -0.379093 3.788800 -0.146001 0.353202 0.924084 2.167100 0.000000 0.000000 0.000000 1.000000
0.871185 0.488722 -0.046764 3.003000 -0.468597 0.799315 -0.376182 3.788800 -0.146470 0.349637 0.925365 2.167100 0.000000 0.000000 0.000000 1.000000
0.866477 0.498066 -0.033867 3.003000 -0.476248 0.804366 -0.355222 3.788800 -0.149683 0.323921 0.934168 2.167100 0.000000 0.000000 0.000000 1.000000
0.859143 0.511551 -0.013770 3.003000 -0.487983 0.810865 -0.323065 3.788800 -0.154098 0.284278 0.946277 2.167100 0.000000 0.000000 0.000000 1.000000
0.852095 0.523357 0.005536 3.003000 -0.499059 0.815631 -0.292721 3.788800 -0.157713 0.246664 0.956182 2.167100 0.000000 0.000000 0.000000 1.000000
0.848512 0.528954 0.015342 3.003000 -0.504619 0.817524 -0.277515 3.788800 -0.159335 0.227733 0.960599 2.167100 0.000000 0.000000 0.000000 1.000000
0.848306 0.529268 0.015894 3.003000 -0.504934 0.817612 -0.276680 3.788800 -0.159433 0.226684 0.960831 2.167100 0.000000 0.000000 0.000000 1.000000
0.848312 0.529258 0.015893 3.003000 -0.504928 0.817623 -0.276659 3.788800 -0.159419 0.226668 0.960837 2.167100 0.000000 0.000000 0.000000 1.000000
0.848329 0.529231 0.015891 3.003000 -0.504912 0.817653 -0.276600 3.788800 -0.159379 0.226624 0.960854 2.167100 0.000000 0.000000 0.000000 1.000000
0.848329 0.529231 0.015891 3.003000 -0.504912 0.817653 -0.276600 3.788800 -0.159379 0.226624 0.960854 2.167100 0.000000 0.000000 0.000000 1.000000
0.848287 0.529299 0.015896 3.003000 -0.504952 0.817578 -0.276747 3.788800 -0.159479 0.226734 0.960811 2.167100 0.000000 0.000000 0.000000 1.000000
0.848250 0.529358 0.015901 3.003000 -0.504987 0.817514 -0.276875 3.788800 -0.159565 0.226829 0.960774 2.167100 0.000000 0.000000 0.000000 1.000000
0.848322 0.529242 0.015892 3.003000 -0.504919 0.817641 -0.276624 3.788800 -0.159395 0.226642 0.960847 2.167100 0.000000 0.000000 0.000000 1.000000
0.848473 0.529001 0.015873 3.003000 -0.504777 0.817905 -0.276101 3.788800 -0.159040 0.226252 0.960998 2.167100 0.000000 0.000000 0.000000 1.000000
0.848358 0.529185 0.015887 3.003000 -0.504885 0.817703 -0.276502 3.788800 -0.159312 0.226551 0.960882 2.167100 0.000000 0.000000 0.000000 1.000000
0.847450 0.530635 0.015994 3.003000 -0.505732 0.816108 -0.279647 3.788800 -0.161443 0.228899 0.959970 2.167100 0.000000 0.000000 0.000000 1.000000
0.845729 0.533391 0.015400 3.003000 -0.507134 0.812405 -0.287774 3.788800 -0.166007 0.235569 0.957575 2.167100 0.000000 0.000000 0.000000 1.000000
0.845512 0.533896 0.008014 3.003000 -0.505628 0.805390 -0.309333 3.788800 -0.171606 0.257492 0.950920 2.167100 0.000000 0.000000 0.000000 1.000000
0.846758 0.531953 -0.005127 3.003000 -0.501577 0.795121 -0.340887 3.788800 -0.177259 0.291220 0.940090 2.167100 0.000000 0.000000 0.000000 1.000000
0.847810 0.529966 -0.018805 3.003000 -0.497682 0.782918 -0.373299 3.788800 -0.183113 0.325846 0.927520 2.167100 0.000000 0.000000 0.000000 1.000000
0.848171 0.528786 -0.031494 3.003000 -0.494730 0.769489 -0.403892 3.788800 -0.189339 0.358150 0.914264 2.167100 0.000000 0.000000 0.000000 1.000000
0.848576 0.527139 -0.045190 3.003000 -0.491649 0.754118 -0.435417 3.788800 -0.195447 0.391702 0.899094 2.167100 0.000000 0.000000 0.000000 1.000000
0.847176 0.528497 -0.054620 3.003000 -0.491100 0.739678 -0.460105 3.788800 -0.202763 0.416613 0.886183 2.167100 0.000000 0.000000 0.000000 1.000000
0.843310 0.534330 -0.057619 3.003000 -0.493905 0.728282 -0.475040 3.788800 -0.211865 0.429064 0.878076 2.167100 0.000000 0.000000 0.000000 1.000000
0.839225 0.540465 -0.059988 3.003000 -0.496884 0.717346 -0.488386 3.788800 -0.220924 0.439673 0.870563 2.167100 0.000000 0.000000 0.000000 1.000000
0.835292 0.546239 -0.062531 3.003000 -0.499579 0.706569 -0.501180 3.788800 -0.229581 0.449871 0.863081 2.167100 0.000000 0.000000 0.000000 1.000000
0.831555 0.551604 -0.065190 3.003000 -0.501984 0.696090 -0.513294 3.788800 -0.237756 0.459557 0.855733 2.167100 0.000000 0.000000 0.000000 1.000000
0.828130 0.556415 -0.067842 3.003000 -0.504055 0.686265 -0.524375 3.788800 -0.245212 0.468447 0.848781 2.167100 0.000000 0.000000 0.000000 1.000000
0.825228 0.560412 -0.070263 3.003000 -0.505703 0.677742 -0.533788 3.788800 -0.251521 0.476029 0.842694 2.167100 0.000000 0.000000 0.000000 1.000000
0.823020 0.563401 -0.072232 3.003000 -0.506878 0.671087 -0.541033 3.788800 -0.256345 0.481894 0.837894 2.167100 0.000000 0.000000 0.000000 1.000000
0.821458 0.565486 -0.073711 3.003000 -0.507651 0.666236 -0.546279 3.788800 -0.259804 0.486165 0.834354 2.167100 0.000000 0.000000 0.000000 1.000000
0.820279 0.567040 -0.074888 3.003000 -0.508194 0.662470 -0.550338 3.788800 -0.262453 0.489488 0.831577 2.167100 0.000000 0.000000 0.000000 1.000000
0.819214 0.568432 -0.075984 3.003000 -0.508665 0.659019 -0.554035 3.788800 -0.264856 0.492524 0.829018 2.167100 0.000000 0.000000 0.000000 1.000000
0.818160 0.569799 -0.077090 3.003000 -0.509121 0.655583 -0.557680 3.788800 -0.267226 0.495520 0.826469 2.167100 0.000000 0.000000 0.000000 1.000000
0.817155 0.571093 -0.078167 3.003000 -0.509546 0.652283 -0.561151 3.788800 -0.269482 0.498377 0.824014 2.167100 0.000000 0.000000 0.000000 1.000000
0.816254 0.572245 -0.079156 3.003000 -0.509914 0.649290 -0.564278 3.788800 -0.271510 0.500957 0.821781 2.167100 0.000000 0.000000 0.000000 1.000000
0.815464 0.573247 -0.080042 3.003000 -0.510225 0.646638 -0.567035 3.788800 -0.273293 0.503236 0.819795 2.167100 0.000000 0.000000 0.000000 1.000000
0.814769 0.574123 -0.080835 3.003000 -0.510492 0.644287 -0.569467 3.788800 -0.274863 0.505250 0.818030 2.167100 0.000000 0.000000 0.000000 1.000000
0.814162 0.574884 -0.081538 3.003000 -0.510720 0.642221 -0.571591 3.788800 -0.276234 0.507011 0.816477 2.167100 0.000000 0.000000 0.000000 1.000000
0.813651 0.575522 -0.082136 3.003000 -0.510908 0.640473 -0.573382 3.788800 -0.277388 0.508498 0.815160 2.167100 0.000000 0.000000 0.000000 1.000000
0.813250 0.576021 -0.082613 3.003000 -0.511054 0.639090 -0.574794 3.788800 -0.278296 0.509671 0.814117 2.167100 0.000000 0.000000 0.000000 1.000000
0.812967 0.576371 -0.082950 3.003000 -0.511155 0.638114 -0.575788 3.788800 -0.278936 0.510497 0.813380 2.167100 0.000000 0.000000 0.000000 1.000000
0.812798 0.576580 -0.083153 3.003000 -0.511214 0.637529 -0.576383 3.788800 -0.279318 0.510992 0.812938 2.167100 0.000000 0.000000 0.000000 1.000000
0.812726 0.576669 -0.083241 3.003000 -0.511240 0.637277 -0.576638 3.788800 -0.279482 0.511205 0.812748 2.167100 0.000000 0.000000 0.000000 1.000000</float_array>
        <technique_common>
          <accessor source="#mixamorig_RightHandThumb1-Matrix-animation-output-transform-array" count="51" stride="16">
            <param type="float4x4"/>
          </accessor>
        </technique_common>
      </source>
      <source id="mixamorig_RightHandThumb1-Interpolations">
        <Name_array id="mixamorig_RightHandThumb1-Interpolations-array" count="51">
 LINEAR LINEAR LINEAR LINEAR LINEAR LINEAR LINEAR LINEAR LINEAR LINEAR LINEAR
LINEAR LINEAR LINEAR LINEAR LINEAR LINEAR LINEAR LINEAR LINEAR LINEAR LINEAR LINEAR
LINEAR LINEAR LINEAR LINEAR LINEAR LINEAR LINEAR LINEAR LINEAR LINEAR LINEAR LINEAR
LINEAR LINEAR LINEAR LINEAR LINEAR LINEAR LINEAR LINEAR LINEAR LINEAR LINEAR LINEAR
LINEAR LINEAR LINEAR LINEAR</Name_array>
        <technique_common>
          <accessor source="#mixamorig_RightHandThumb1-Interpolations-array" count="51">
            <param type="name"/>
          </accessor>
        </technique_common>
      </source>
      <sampler id="mixamorig_RightHandThumb1-Matrix-animation-transform">
        <input semantic="INPUT" source="#mixamorig_RightHandThumb1-Matrix-animation-input"/>
        <input semantic="OUTPUT" source="#mixamorig_RightHandThumb1-Matrix-animation-output-transform"/>
        <input semantic="INTERPOLATION" source="#mixamorig_RightHandThumb1-Interpolations"/>
      </sampler>
      <channel source="#mixamorig_RightHandThumb1-Matrix-animation-transform" target="mixamorig_RightHandThumb1/matrix"/>
    </animation>
    <animation id="mixamorig_RightHandThumb2-anim" name="mixamorig_RightHandThumb2">
      <source id="mixamorig_RightHandThumb2-Matrix-animation-input">
        <float_array id="mixamorig_RightHandThumb2-Matrix-animation-input-array" count="51">

0.000000 0.033333 0.066667 0.100000 0.133333 0.166667 0.200000 0.233333 0.266667 0.300000 0.333333 0.366667 0.400000 0.433333 0.466667 0.500000
0.533333 0.566667 0.600000 0.633333 0.666667 0.700000 0.733333 0.766667 0.800000 0.833333 0.866667 0.900000 0.933333 0.966667 1.000000 1.033333
1.066667 1.100000 1.133333 1.166667 1.200000 1.233333 1.266667 1.300000 1.333333 1.366667 1.400000 1.433333 1.466667 1.500000 1.533333 1.566667
1.600000 1.633333 1.666667</float_array>
        <technique_common>
          <accessor source="#mixamorig_RightHandThumb2-Matrix-animation-input-array" count="51">
            <param name="TIME" type="float"/>
          </accessor>
        </technique_common>
      </source>
      <source id="mixamorig_RightHandThumb2-Matrix-animation-output-transform">
        <float_array id="mixamorig_RightHandThumb2-Matrix-animation-output-transform-array" count="816">

0.954386 -0.294247 -0.050657 0.000000 0.297583 0.951248 0.081068 4.745000 0.024334 -0.092445 0.995420 -0.000000 0.000000 0.000000 0.000000 1.000000
0.954386 -0.294247 -0.050657 0.000000 0.297583 0.951248 0.081068 4.745000 0.024334 -0.092445 0.995420 0.000000 0.000000 0.000000 0.000000 1.000000
0.954386 -0.294247 -0.050657 0.000000 0.297583 0.951248 0.081068 4.745000 0.024334 -0.092445 0.995420 -0.000000 0.000000 0.000000 0.000000 1.000000
0.954386 -0.294247 -0.050657 0.000000 0.297583 0.951248 0.081068 4.745000 0.024334 -0.092445 0.995420 0.000000 0.000000 0.000000 0.000000 1.000000
0.954386 -0.294247 -0.050657 -0.000000 0.297583 0.951248 0.081068 4.745000 0.024334 -0.092445 0.995420 -0.000000 0.000000 0.000000 0.000000 1.000000
0.954386 -0.294247 -0.050657 -0.000000 0.297583 0.951248 0.081068 4.745000 0.024334 -0.092445 0.995420 0.000000 0.000000 0.000000 0.000000 1.000000
0.954386 -0.294248 -0.050657 0.000000 0.297583 0.951248 0.081068 4.745000 0.024334 -0.092445 0.995420 0.000000 0.000000 0.000000 0.000000 1.000000
0.954386 -0.294248 -0.050657 0.000000 0.297583 0.951248 0.081068 4.745000 0.024333 -0.092445 0.995420 0.000000 0.000000 0.000000 0.000000 1.000000
0.954440 -0.293707 -0.052725 -0.000000 0.297296 0.951141 0.083340 4.745000 0.025671 -0.095218 0.995125 0.000000 0.000000 0.000000 0.000000 1.000000
0.954745 -0.289664 -0.067509 -0.000000 0.295326 0.950188 0.099631 4.745000 0.035287 -0.115059 0.992732 0.000000 0.000000 0.000000 0.000000 1.000000
0.954919 -0.282939 -0.089865 0.000000 0.292627 0.948097 0.124427 4.745000 0.049995 -0.145114 0.988151 0.000000 0.000000 0.000000 0.000000 1.000000
0.954764 -0.276023 -0.110620 0.000000 0.290431 0.945439 0.147630 4.745000 0.063835 -0.173079 0.982837 0.000000 0.000000 0.000000 0.000000 1.000000
0.954572 -0.272347 -0.120908 0.000000 0.289455 0.943859 0.159201 4.745000 0.070762 -0.186966 0.979814 0.000000 0.000000 0.000000 0.000000 1.000000
0.954561 -0.272131 -0.121479 -0.000000 0.289396 0.943768 0.159849 4.745000 0.071148 -0.187741 0.979638 0.000000 0.000000 0.000000 0.000000 1.000000
0.954564 -0.272120 -0.121483 0.000000 0.289386 0.943771 0.159851 4.745000 0.071154 -0.187744 0.979637 0.000000 0.000000 0.000000 0.000000 1.000000
0.954561 -0.272126 -0.121495 0.000000 0.289395 0.943769 0.159848 4.745000 0.071164 -0.187745 0.979636 0.000000 0.000000 0.000000 0.000000 1.000000
0.954551 -0.272161 -0.121493 0.000000 0.289428 0.943759 0.159842 4.745000 0.071158 -0.187741 0.979638 -0.000000 0.000000 0.000000 0.000000 1.000000
0.954551 -0.272174 -0.121463 0.000000 0.289436 0.943757 0.159843 4.745000 0.071127 -0.187734 0.979641 0.000000 0.000000 0.000000 0.000000 1.000000
0.954575 -0.272100 -0.121441 -0.000000 0.289360 0.943778 0.159859 4.745000 0.071116 -0.187738 0.979641 0.000000 0.000000 0.000000 0.000000 1.000000
0.954596 -0.272002 -0.121496 0.000000 0.289274 0.943802 0.159871 4.745000 0.071183 -0.187758 0.979633 0.000000 0.000000 0.000000 0.000000 1.000000
0.954556 -0.272100 -0.121596 0.000000 0.289387 0.943772 0.159841 4.745000 0.071266 -0.187765 0.979625 -0.000000 0.000000 0.000000 0.000000 1.000000
0.954473 -0.272431 -0.121501 0.000000 0.289693 0.943687 0.159791 4.745000 0.071127 -0.187714 0.979645 0.000000 0.000000 0.000000 0.000000 1.000000
0.954560 -0.272407 -0.120871 -0.000000 0.289556 0.943715 0.159871 4.745000 0.070518 -0.187606 0.979710 0.000000 0.000000 0.000000 0.000000 1.000000
0.955172 -0.271195 -0.118738 -0.000000 0.287922 0.944296 0.159396 4.745000 0.068897 -0.186438 0.980048 0.000000 0.000000 0.000000 0.000000 1.000000
0.956637 -0.270068 -0.109126 0.000000 0.284525 0.946616 0.151536 4.745000 0.062376 -0.176014 0.982409 0.000000 0.000000 0.000000 0.000000 1.000000
0.958753 -0.268388 -0.093596 0.000000 0.279435 0.950270 0.137487 4.745000 0.052042 -0.157970 0.986072 0.000000 0.000000 0.000000 0.000000 1.000000
0.961096 -0.265027 -0.077819 -0.000000 0.273064 0.954079 0.123161 4.745000 0.041604 -0.139619 0.989331 0.000000 0.000000 0.000000 0.000000 1.000000
0.963337 -0.260684 -0.063443 0.000000 0.266376 0.957543 0.110251 4.745000 0.032008 -0.123109 0.991877 0.000000 0.000000 0.000000 0.000000 1.000000
0.965161 -0.257151 -0.048354 0.000000 0.260757 0.960591 0.096288 4.745000 0.021688 -0.105542 0.994178 0.000000 0.000000 0.000000 0.000000 1.000000
0.966425 -0.254141 -0.037882 0.000000 0.256557 0.962544 0.087678 4.745000 0.014180 -0.094453 0.995428 0.000000 0.000000 0.000000 0.000000 1.000000
0.967072 -0.252216 -0.034044 0.000000 0.254272 0.963209 0.087029 4.745000 0.010841 -0.092820 0.995624 0.000000 0.000000 0.000000 0.000000 1.000000
0.966854 -0.253471 -0.030762 0.000000 0.255219 0.962951 0.087117 4.745000 0.007541 -0.092081 0.995723 -0.000000 0.000000 0.000000 0.000000 1.000000
0.965551 -0.258797 -0.027129 0.000000 0.260190 0.961642 0.086864 4.745000 0.003608 -0.090931 0.995851 0.000000 0.000000 0.000000 0.000000 1.000000
0.962544 -0.270153 -0.022923 -0.000000 0.271121 0.958683 0.086142 4.745000 -0.001295 -0.089131 0.996019 0.000000 0.000000 0.000000 0.000000 1.000000
0.956822 -0.290129 -0.017781 0.000000 0.290573 0.953090 0.084780 4.745000 -0.007650 -0.086286 0.996241 0.000000 0.000000 0.000000 0.000000 1.000000
0.947719 -0.318898 -0.011537 0.000000 0.318730 0.944222 0.082807 4.745000 -0.015513 -0.082155 0.996499 0.000000 0.000000 0.000000 0.000000 1.000000
0.935878 -0.352295 -0.004601 0.000000 0.351500 0.932714 0.080581 4.745000 -0.024097 -0.077031 0.996737 0.000000 0.000000 0.000000 0.000000 1.000000
0.923327 -0.384009 0.002121 -0.000000 0.382668 0.920538 0.078576 4.745000 -0.032126 -0.071740 0.996906 0.000000 0.000000 0.000000 0.000000 1.000000
0.912598 -0.408785 0.007695 -0.000000 0.407038 0.910149 0.077135 4.745000 -0.038536 -0.067261 0.996991 0.000000 0.000000 0.000000 0.000000 1.000000
0.906003 -0.423117 0.011442 -0.000000 0.421114 0.903781 0.076437 4.745000 -0.042683 -0.064434 0.997009 0.000000 0.000000 0.000000 0.000000 1.000000
0.904529 -0.426209 0.013195 0.000000 0.424085 0.902388 0.076470 4.745000 -0.044499 -0.063574 0.996985 0.000000 0.000000 0.000000 0.000000 1.000000
0.906421 -0.422154 0.013696 0.000000 0.419987 0.904263 0.076936 4.745000 -0.044864 -0.063984 0.996942 0.000000 0.000000 0.000000 0.000000 1.000000
0.908739 -0.417129 0.014010 0.000000 0.414931 0.906552 0.077437 4.745000 -0.045002 -0.064557 0.996899 0.000000 0.000000 0.000000 0.000000 1.000000
0.911286 -0.411532 0.014103 -0.000000 0.409320 0.909057 0.077921 4.745000 -0.044888 -0.065236 0.996860 0.000000 0.000000 0.000000 0.000000 1.000000
0.916813 -0.399110 0.012861 0.000000 0.396976 0.914447 0.078720 4.745000 -0.043178 -0.067066 0.996814 0.000000 0.000000 0.000000 0.000000 1.000000
0.926120 -0.377097 0.009987 0.000000 0.375167 0.923499 0.079997 4.745000 -0.039390 -0.070340 0.996745 0.000000 0.000000 0.000000 0.000000 1.000000
0.935561 -0.353098 0.006923 0.000000 0.351408 0.932680 0.081361 4.745000 -0.035186 -0.073686 0.996661 0.000000 0.000000 0.000000 0.000000 1.000000
0.941131 -0.338002 0.005223 0.000000 0.336458 0.938103 0.082211 4.745000 -0.032687 -0.075615 0.996601 0.000000 0.000000 0.000000 0.000000 1.000000
0.942314 -0.334692 0.005092 -0.000000 0.333163 0.939262 0.082395 4.745000 -0.032359 -0.075946 0.996587 0.000000 0.000000 0.000000 0.000000 1.000000
0.941282 -0.337572 0.005717 -0.000000 0.335992 0.938268 0.082239 4.745000 -0.033125 -0.075489 0.996596 0.000000 0.000000 0.000000 0.000000 1.000000
0.940360 -0.340123 0.006217 0.000000 0.338501 0.937377 0.082110 4.745000 -0.033755 -0.075108 0.996604 0.000000 0.000000 0.000000 0.000000 1.000000</float_array>
        <technique_common>
          <accessor source="#mixamorig_RightHandThumb2-Matrix-animation-output-transform-array" count="51" stride="16">
            <param type="float4x4"/>
          </accessor>
        </technique_common>
      </source>
      <source id="mixamorig_RightHandThumb2-Interpolations">
        <Name_array id="mixamorig_RightHandThumb2-Interpolations-array" count="51">
 LINEAR LINEAR LINEAR LINEAR LINEAR LINEAR LINEAR LINEAR LINEAR LINEAR LINEAR
LINEAR LINEAR LINEAR LINEAR LINEAR LINEAR LINEAR LINEAR LINEAR LINEAR LINEAR LINEAR
LINEAR LINEAR LINEAR LINEAR LINEAR LINEAR LINEAR LINEAR LINEAR LINEAR LINEAR LINEAR
LINEAR LINEAR LINEAR LINEAR LINEAR LINEAR LINEAR LINEAR LINEAR LINEAR LINEAR LINEAR
LINEAR LINEAR LINEAR LINEAR</Name_array>
        <technique_common>
          <accessor source="#mixamorig_RightHandThumb2-Interpolations-array" count="51">
            <param type="name"/>
          </accessor>
        </technique_common>
      </source>
      <sampler id="mixamorig_RightHandThumb2-Matrix-animation-transform">
        <input semantic="INPUT" source="#mixamorig_RightHandThumb2-Matrix-animation-input"/>
        <input semantic="OUTPUT" source="#mixamorig_RightHandThumb2-Matrix-animation-output-transform"/>
        <input semantic="INTERPOLATION" source="#mixamorig_RightHandThumb2-Interpolations"/>
      </sampler>
      <channel source="#mixamorig_RightHandThumb2-Matrix-animation-transform" target="mixamorig_RightHandThumb2/matrix"/>
    </animation>
    <animation id="mixamorig_RightHandThumb3-anim" name="mixamorig_RightHandThumb3">
      <source id="mixamorig_RightHandThumb3-Matrix-animation-input">
        <float_array id="mixamorig_RightHandThumb3-Matrix-animation-input-array" count="51">

0.000000 0.033333 0.066667 0.100000 0.133333 0.166667 0.200000 0.233333 0.266667 0.300000 0.333333 0.366667 0.400000 0.433333 0.466667 0.500000
0.533333 0.566667 0.600000 0.633333 0.666667 0.700000 0.733333 0.766667 0.800000 0.833333 0.866667 0.900000 0.933333 0.966667 1.000000 1.033333
1.066667 1.100000 1.133333 1.166667 1.200000 1.233333 1.266667 1.300000 1.333333 1.366667 1.400000 1.433333 1.466667 1.500000 1.533333 1.566667
1.600000 1.633333 1.666667</float_array>
        <technique_common>
          <accessor source="#mixamorig_RightHandThumb3-Matrix-animation-input-array" count="51">
            <param name="TIME" type="float"/>
          </accessor>
        </technique_common>
      </source>
      <source id="mixamorig_RightHandThumb3-Matrix-animation-output-transform">
        <float_array id="mixamorig_RightHandThumb3-Matrix-animation-output-transform-array" count="816">

0.995904 0.090263 0.005265 0.000000 -0.088062 0.955120 0.282828 4.382100 0.020500 -0.282133 0.959156 -0.000000 0.000000 0.000000 0.000000 1.000000
0.995904 0.090264 0.005265 0.000000 -0.088063 0.955119 0.282828 4.382100 0.020500 -0.282133 0.959156 0.000000 0.000000 0.000000 0.000000 1.000000
0.995904 0.090264 0.005265 0.000000 -0.088062 0.955120 0.282828 4.382100 0.020500 -0.282133 0.959156 0.000000 0.000000 0.000000 0.000000 1.000000
0.995904 0.090263 0.005265 0.000000 -0.088062 0.955120 0.282828 4.382100 0.020500 -0.282133 0.959156 0.000000 0.000000 0.000000 0.000000 1.000000
0.995904 0.090263 0.005265 0.000000 -0.088062 0.955120 0.282828 4.382100 0.020500 -0.282133 0.959156 0.000000 0.000000 0.000000 0.000000 1.000000
0.995904 0.090265 0.005265 0.000000 -0.088063 0.955119 0.282829 4.382100 0.020501 -0.282134 0.959156 0.000000 0.000000 0.000000 0.000000 1.000000
0.995904 0.090265 0.005264 0.000000 -0.088064 0.955119 0.282829 4.382100 0.020501 -0.282134 0.959156 0.000000 0.000000 0.000000 0.000000 1.000000
0.995904 0.090263 0.005265 -0.000000 -0.088061 0.955120 0.282828 4.382100 0.020500 -0.282133 0.959156 0.000000 0.000000 0.000000 0.000000 1.000000
0.995885 0.090484 0.005039 0.000000 -0.088191 0.954848 0.283704 4.382100 0.020859 -0.282981 0.958899 0.000000 0.000000 0.000000 0.000000 1.000000
0.995743 0.092108 0.003410 0.000000 -0.089135 0.952869 0.289991 4.382100 0.023462 -0.289061 0.957023 0.000000 0.000000 0.000000 0.000000 1.000000
0.995514 0.094608 0.000945 0.000000 -0.090546 0.949775 0.299548 4.382100 0.027443 -0.298290 0.954081 0.000000 0.000000 0.000000 0.000000 1.000000
0.995287 0.096962 -0.001341 -0.000000 -0.091821 0.946790 0.308477 4.382100 0.031180 -0.306900 0.951231 0.000000 0.000000 0.000000 0.000000 1.000000
0.995172 0.098112 -0.002463 -0.000000 -0.092418 0.945274 0.312917 4.382100 0.033029 -0.311178 0.949777 0.000000 0.000000 0.000000 0.000000 1.000000
0.995168 0.098150 -0.002509 -0.000000 -0.092431 0.945193 0.313155 4.382100 0.033108 -0.311410 0.949699 -0.000000 0.000000 0.000000 0.000000 1.000000
0.995163 0.098209 -0.002522 -0.000000 -0.092483 0.945180 0.313179 4.382100 0.033141 -0.311431 0.949691 0.000000 0.000000 0.000000 0.000000 1.000000
0.995150 0.098334 -0.002576 0.000000 -0.092582 0.945155 0.313227 4.382100 0.033236 -0.311469 0.949675 0.000000 0.000000 0.000000 0.000000 1.000000
0.995154 0.098292 -0.002593 0.000000 -0.092539 0.945166 0.313206 4.382100 0.033236 -0.311448 0.949682 0.000000 0.000000 0.000000 0.000000 1.000000
0.995189 0.097947 -0.002471 0.000000 -0.092253 0.945239 0.313071 4.382100 0.033000 -0.311336 0.949727 0.000000 0.000000 0.000000 0.000000 1.000000
0.995208 0.097750 -0.002326 -0.000000 -0.092114 0.945274 0.313003 4.382100 0.032794 -0.311289 0.949749 -0.000000 0.000000 0.000000 0.000000 1.000000
0.995141 0.098427 -0.002496 -0.000000 -0.092695 0.945127 0.313278 4.382100 0.033194 -0.311524 0.949658 0.000000 0.000000 0.000000 0.000000 1.000000
0.995035 0.099481 -0.002995 -0.000000 -0.093526 0.944913 0.313676 4.382100 0.034035 -0.311838 0.949525 -0.000000 0.000000 0.000000 0.000000 1.000000
0.995164 0.098190 -0.002807 0.000000 -0.092377 0.945205 0.313134 4.382100 0.033400 -0.311361 0.949705 0.000000 0.000000 0.000000 0.000000 1.000000
0.995835 0.091172 -0.000044 0.000000 -0.086654 0.946639 0.310427 4.382100 0.028344 -0.309130 0.950597 0.000000 0.000000 0.000000 0.000000 1.000000
0.996984 0.077291 0.006973 0.000000 -0.075730 0.949321 0.305049 4.382100 0.016958 -0.304657 0.952311 -0.000000 0.000000 0.000000 0.000000 1.000000
0.998133 0.057974 0.019220 -0.000000 -0.061065 0.953395 0.295482 4.382100 -0.001194 -0.296104 0.955155 0.000000 0.000000 0.000000 0.000000 1.000000
0.998707 0.036283 0.035615 0.000000 -0.044912 0.957906 0.283548 4.382100 -0.023828 -0.284781 0.958297 0.000000 0.000000 0.000000 0.000000 1.000000
0.998428 0.013964 0.054277 0.000000 -0.028242 0.961866 0.272060 4.382100 -0.048409 -0.273165 0.960748 0.000000 0.000000 0.000000 0.000000 1.000000
0.997191 -0.009510 0.074297 -0.000000 -0.010277 0.965157 0.261470 4.382100 -0.074195 -0.261499 0.962348 0.000000 0.000000 0.000000 0.000000 1.000000
0.994781 -0.035584 0.095630 0.000000 0.010554 0.968077 0.250430 4.382100 -0.101488 -0.248114 0.963400 0.000000 0.000000 0.000000 0.000000 1.000000
0.991029 -0.064881 0.116843 0.000000 0.035100 0.969922 0.240873 4.382100 -0.128957 -0.234611 0.963498 0.000000 0.000000 0.000000 0.000000 1.000000
0.985787 -0.097476 0.136828 0.000000 0.063512 0.970250 0.233626 4.382100 -0.155530 -0.221615 0.962651 0.000000 0.000000 0.000000 0.000000 1.000000
0.978767 -0.132632 0.156278 0.000000 0.095177 0.969333 0.226573 4.382100 -0.181537 -0.206888 0.961375 0.000000 0.000000 0.000000 0.000000 1.000000
0.969806 -0.169620 0.175229 0.000000 0.129450 0.966969 0.219577 4.382100 -0.206686 -0.190264 0.959729 0.000000 0.000000 0.000000 0.000000 1.000000
0.958132 -0.210901 0.193658 0.000000 0.169258 0.962715 0.211024 4.382100 -0.230943 -0.169411 0.958105 0.000000 0.000000 0.000000 0.000000 1.000000
0.941912 -0.260620 0.211849 0.000000 0.219756 0.955234 0.198077 4.382100 -0.253988 -0.140016 0.957019 0.000000 0.000000 0.000000 0.000000 1.000000
0.920310 -0.316500 0.229908 0.000000 0.279129 0.943058 0.180909 4.382100 -0.274074 -0.102319 0.956250 0.000000 0.000000 0.000000 0.000000 1.000000
0.897930 -0.365586 0.245089 0.000000 0.332677 0.928331 0.165916 4.382100 -0.288180 -0.067446 0.955198 -0.000000 0.000000 0.000000 0.000000 1.000000
0.884595 -0.393696 0.249991 0.000000 0.362921 0.917778 0.161156 4.382100 -0.292883 -0.051830 0.954743 0.000000 0.000000 0.000000 0.000000 1.000000
0.884638 -0.397684 0.243441 0.000000 0.364791 0.915460 0.169884 4.382100 -0.290420 -0.061480 0.954922 0.000000 0.000000 0.000000 0.000000 1.000000
0.893548 -0.387495 0.226761 0.000000 0.351307 0.917944 0.184287 4.382100 -0.279564 -0.085007 0.956356 0.000000 0.000000 0.000000 0.000000 1.000000
0.901800 -0.378273 0.208965 0.000000 0.340449 0.919689 0.195617 4.382100 -0.266179 -0.105266 0.958158 -0.000000 0.000000 0.000000 0.000000 1.000000
0.904565 -0.378528 0.196158 0.000000 0.340990 0.918533 0.200059 4.382100 -0.255906 -0.114078 0.959947 0.000000 0.000000 0.000000 0.000000 1.000000
0.903862 -0.384254 0.188102 0.000000 0.347515 0.915866 0.201056 4.382100 -0.249532 -0.116358 0.961350 0.000000 0.000000 0.000000 0.000000 1.000000
0.906335 -0.383708 0.176987 -0.000000 0.347366 0.915048 0.204996 4.382100 -0.240610 -0.124316 0.962628 0.000000 0.000000 0.000000 0.000000 1.000000
0.917373 -0.367031 0.154000 -0.000000 0.331191 0.918477 0.216130 4.382100 -0.220771 -0.147268 0.964143 0.000000 0.000000 0.000000 0.000000 1.000000
0.935044 -0.333932 0.119087 -0.000000 0.300308 0.924548 0.234576 4.382100 -0.188434 -0.183576 0.964776 0.000000 0.000000 0.000000 0.000000 1.000000
0.952241 -0.294381 0.081096 -0.000000 0.265477 0.929388 0.256437 4.382100 -0.150860 -0.222660 0.963153 -0.000000 0.000000 0.000000 0.000000 1.000000
0.964433 -0.259867 0.048352 0.000000 0.237077 0.931304 0.276526 4.382100 -0.116891 -0.255228 0.959789 0.000000 0.000000 0.000000 0.000000 1.000000
0.971893 -0.234281 0.023176 0.000000 0.217499 0.931206 0.292487 4.382100 -0.090106 -0.279225 0.955988 0.000000 0.000000 0.000000 0.000000 1.000000
0.976609 -0.214982 0.004207 -0.000000 0.203483 0.930340 0.305061 4.382100 -0.069497 -0.297069 0.952323 0.000000 0.000000 0.000000 0.000000 1.000000
0.979959 -0.198946 -0.010032 0.000000 0.191901 0.929354 0.315398 4.382100 -0.053423 -0.311002 0.948907 0.000000 0.000000 0.000000 0.000000 1.000000</float_array>
        <technique_common>
          <accessor source="#mixamorig_RightHandThumb3-Matrix-animation-output-transform-array" count="51" stride="16">
            <param type="float4x4"/>
          </accessor>
        </technique_common>
      </source>
      <source id="mixamorig_RightHandThumb3-Interpolations">
        <Name_array id="mixamorig_RightHandThumb3-Interpolations-array" count="51">
 LINEAR LINEAR LINEAR LINEAR LINEAR LINEAR LINEAR LINEAR LINEAR LINEAR LINEAR
LINEAR LINEAR LINEAR LINEAR LINEAR LINEAR LINEAR LINEAR LINEAR LINEAR LINEAR LINEAR
LINEAR LINEAR LINEAR LINEAR LINEAR LINEAR LINEAR LINEAR LINEAR LINEAR LINEAR LINEAR
LINEAR LINEAR LINEAR LINEAR LINEAR LINEAR LINEAR LINEAR LINEAR LINEAR LINEAR LINEAR
LINEAR LINEAR LINEAR LINEAR</Name_array>
        <technique_common>
          <accessor source="#mixamorig_RightHandThumb3-Interpolations-array" count="51">
            <param type="name"/>
          </accessor>
        </technique_common>
      </source>
      <sampler id="mixamorig_RightHandThumb3-Matrix-animation-transform">
        <input semantic="INPUT" source="#mixamorig_RightHandThumb3-Matrix-animation-input"/>
        <input semantic="OUTPUT" source="#mixamorig_RightHandThumb3-Matrix-animation-output-transform"/>
        <input semantic="INTERPOLATION" source="#mixamorig_RightHandThumb3-Interpolations"/>
      </sampler>
      <channel source="#mixamorig_RightHandThumb3-Matrix-animation-transform" target="mixamorig_RightHandThumb3/matrix"/>
    </animation>
    <animation id="mixamorig_RightHandIndex1-anim" name="mixamorig_RightHandIndex1">
      <source id="mixamorig_RightHandIndex1-Matrix-animation-input">
        <float_array id="mixamorig_RightHandIndex1-Matrix-animation-input-array" count="51">

0.000000 0.033333 0.066667 0.100000 0.133333 0.166667 0.200000 0.233333 0.266667 0.300000 0.333333 0.366667 0.400000 0.433333 0.466667 0.500000
0.533333 0.566667 0.600000 0.633333 0.666667 0.700000 0.733333 0.766667 0.800000 0.833333 0.866667 0.900000 0.933333 0.966667 1.000000 1.033333
1.066667 1.100000 1.133333 1.166667 1.200000 1.233333 1.266667 1.300000 1.333333 1.366667 1.400000 1.433333 1.466667 1.500000 1.533333 1.566667
1.600000 1.633333 1.666667</float_array>
        <technique_common>
          <accessor source="#mixamorig_RightHandIndex1-Matrix-animation-input-array" count="51">
            <param name="TIME" type="float"/>
          </accessor>
        </technique_common>
      </source>
      <source id="mixamorig_RightHandIndex1-Matrix-animation-output-transform">
        <float_array id="mixamorig_RightHandIndex1-Matrix-animation-output-transform-array" count="816">

0.998218 0.059545 -0.004023 2.822000 -0.059288 0.997119 0.047321 12.266600 0.006829 -0.046998 0.998872 0.231800 0.000000 0.000000 0.000000 1.000000
0.998218 0.059545 -0.004023 2.822000 -0.059289 0.997119 0.047321 12.266600 0.006829 -0.046998 0.998872 0.231800 0.000000 0.000000 0.000000 1.000000
0.998218 0.059545 -0.004023 2.822000 -0.059289 0.997119 0.047321 12.266600 0.006829 -0.046998 0.998872 0.231800 0.000000 0.000000 0.000000 1.000000
0.998218 0.059545 -0.004023 2.822000 -0.059288 0.997119 0.047321 12.266600 0.006829 -0.046998 0.998872 0.231800 0.000000 0.000000 0.000000 1.000000
0.998218 0.059545 -0.004023 2.822000 -0.059289 0.997119 0.047321 12.266600 0.006829 -0.046998 0.998872 0.231800 0.000000 0.000000 0.000000 1.000000
0.998218 0.059545 -0.004023 2.822000 -0.059289 0.997119 0.047321 12.266600 0.006829 -0.046999 0.998872 0.231800 0.000000 0.000000 0.000000 1.000000
0.998218 0.059545 -0.004023 2.822000 -0.059289 0.997119 0.047321 12.266600 0.006829 -0.046998 0.998872 0.231800 0.000000 0.000000 0.000000 1.000000
0.998218 0.059545 -0.004023 2.822000 -0.059288 0.997119 0.047320 12.266600 0.006829 -0.046997 0.998872 0.231800 0.000000 0.000000 0.000000 1.000000
0.998218 0.059545 -0.004023 2.822000 -0.059288 0.997119 0.047321 12.266600 0.006829 -0.046999 0.998872 0.231800 0.000000 0.000000 0.000000 1.000000
0.998217 0.059545 -0.004023 2.822000 -0.059289 0.997118 0.047324 12.266600 0.006830 -0.047001 0.998871 0.231800 0.000000 0.000000 0.000000 1.000000
0.998218 0.059545 -0.004023 2.822000 -0.059289 0.997119 0.047323 12.266600 0.006829 -0.047000 0.998872 0.231800 0.000000 0.000000 0.000000 1.000000
0.998218 0.059544 -0.004022 2.822000 -0.059288 0.997119 0.047315 12.266600 0.006828 -0.046992 0.998872 0.231800 0.000000 0.000000 0.000000 1.000000
0.998218 0.059544 -0.004023 2.822000 -0.059288 0.997119 0.047312 12.266600 0.006829 -0.046990 0.998872 0.231800 0.000000 0.000000 0.000000 1.000000
0.998217 0.059546 -0.004026 2.822000 -0.059289 0.997118 0.047331 12.266600 0.006833 -0.047007 0.998871 0.231800 0.000000 0.000000 0.000000 1.000000
0.998217 0.059548 -0.004025 2.822000 -0.059292 0.997117 0.047352 12.266600 0.006833 -0.047029 0.998870 0.231800 0.000000 0.000000 0.000000 1.000000
0.998218 0.059546 -0.004017 2.822000 -0.059290 0.997118 0.047323 12.266600 0.006823 -0.047001 0.998872 0.231800 0.000000 0.000000 0.000000 1.000000
0.998218 0.059536 -0.004012 2.822000 -0.059280 0.997123 0.047241 12.266600 0.006813 -0.046919 0.998875 0.231800 0.000000 0.000000 0.000000 1.000000
0.998218 0.059534 -0.004029 2.822000 -0.059278 0.997123 0.047243 12.266600 0.006830 -0.046920 0.998875 0.231800 0.000000 0.000000 0.000000 1.000000
0.998217 0.059558 -0.004055 2.822000 -0.059299 0.997112 0.047448 12.266600 0.006869 -0.047123 0.998865 0.231800 0.000000 0.000000 0.000000 1.000000
0.998215 0.059581 -0.004037 2.822000 -0.059322 0.997102 0.047624 12.266600 0.006862 -0.047299 0.998857 0.231800 0.000000 0.000000 0.000000 1.000000
0.998218 0.059545 -0.003957 2.822000 -0.059292 0.997121 0.047274 12.266600 0.006760 -0.046955 0.998874 0.231800 0.000000 0.000000 0.000000 1.000000
0.998223 0.059458 -0.003963 2.822000 -0.059210 0.997158 0.046579 12.266600 0.006721 -0.046261 0.998907 0.231800 0.000000 0.000000 0.000000 1.000000
0.998218 0.059517 -0.004365 2.822000 -0.059244 0.997119 0.047367 12.266600 0.007172 -0.047024 0.998868 0.231800 0.000000 0.000000 0.000000 1.000000
0.998180 0.060051 -0.005450 2.822000 -0.059682 0.996832 0.052579 12.266600 0.008590 -0.052158 0.998602 0.231800 0.000000 0.000000 0.000000 1.000000
0.998093 0.061293 -0.007260 2.822000 -0.060703 0.996090 0.064186 12.266600 0.011166 -0.063623 0.997912 0.231800 0.000000 0.000000 0.000000 1.000000
0.997954 0.063206 -0.009603 2.822000 -0.062216 0.994719 0.081632 12.266600 0.014712 -0.080867 0.996616 0.231800 0.000000 0.000000 0.000000 1.000000
0.997775 0.065545 -0.012234 2.822000 -0.063954 0.992679 0.102461 12.266600 0.018860 -0.101451 0.994662 0.231800 0.000000 0.000000 0.000000 1.000000
0.997572 0.068013 -0.014978 2.822000 -0.065641 0.990105 0.124030 12.266600 0.023266 -0.122745 0.992165 0.231800 0.000000 0.000000 0.000000 1.000000
0.997371 0.070270 -0.017682 2.822000 -0.067007 0.987304 0.144019 12.266600 0.027577 -0.142455 0.989417 0.231800 0.000000 0.000000 0.000000 1.000000
0.997210 0.071881 -0.020143 2.822000 -0.067769 0.984864 0.159532 12.266600 0.031305 -0.157721 0.986987 0.231800 0.000000 0.000000 0.000000 1.000000
0.997120 0.072519 -0.022220 2.822000 -0.067809 0.983591 0.167187 12.266600 0.033979 -0.165198 0.985675 0.231800 0.000000 0.000000 0.000000 1.000000
0.997098 0.072264 -0.023959 2.822000 -0.067334 0.983919 0.165437 12.266600 0.035529 -0.163343 0.985929 0.231800 0.000000 0.000000 0.000000 1.000000
0.997134 0.071270 -0.025396 2.822000 -0.066487 0.985603 0.155452 12.266600 0.036110 -0.153318 0.987517 0.231800 0.000000 0.000000 0.000000 1.000000
0.997296 0.068709 -0.026065 2.822000 -0.064560 0.988621 0.135872 12.266600 0.035104 -0.133822 0.990384 0.231800 0.000000 0.000000 0.000000 1.000000
0.997717 0.062735 -0.024987 2.822000 -0.060067 0.993556 0.096120 12.266600 0.030856 -0.094400 0.995056 0.231800 0.000000 0.000000 0.000000 1.000000
0.998355 0.053063 -0.021707 2.822000 -0.052575 0.998364 0.022479 12.266600 0.022865 -0.021300 0.999512 0.231800 0.000000 0.000000 0.000000 1.000000
0.998892 0.043677 -0.017524 2.822000 -0.044952 0.995732 -0.080605 12.266600 0.013929 0.081304 0.996592 0.231800 0.000000 0.000000 0.000000 1.000000
0.999061 0.040511 -0.015331 2.822000 -0.042609 0.982780 -0.179797 12.266600 0.007783 0.180282 0.983584 0.231800 0.000000 0.000000 0.000000 1.000000
0.998850 0.044836 -0.016962 2.822000 -0.047588 0.970073 -0.238103 12.266600 0.005779 0.238636 0.971092 0.231800 0.000000 0.000000 0.000000 1.000000
0.998478 0.051220 -0.020444 2.822000 -0.054712 0.966579 -0.250461 12.266600 0.006932 0.251198 0.967911 0.231800 0.000000 0.000000 0.000000 1.000000
0.998324 0.053511 -0.022038 2.822000 -0.057285 0.967813 -0.245065 12.266600 0.008215 0.245916 0.969256 0.231800 0.000000 0.000000 0.000000 1.000000
0.998458 0.051399 -0.020952 2.822000 -0.055018 0.966371 -0.251198 12.266600 0.007336 0.251964 0.967709 0.231800 0.000000 0.000000 0.000000 1.000000
0.998557 0.049872 -0.019910 2.822000 -0.053409 0.960893 -0.271720 12.266600 0.005580 0.272391 0.962170 0.231800 0.000000 0.000000 0.000000 1.000000
0.998397 0.052449 -0.021275 2.822000 -0.056364 0.955588 -0.289265 12.266600 0.005158 0.290001 0.957013 0.231800 0.000000 0.000000 0.000000 1.000000
0.998090 0.056909 -0.024055 2.822000 -0.061454 0.954645 -0.291336 12.266600 0.006385 0.292257 0.956318 0.231800 0.000000 0.000000 0.000000 1.000000
0.997950 0.058714 -0.025463 2.822000 -0.063521 0.957236 -0.282248 12.266600 0.007802 0.283286 0.959004 0.231800 0.000000 0.000000 0.000000 1.000000
0.998073 0.056937 -0.024666 2.822000 -0.061521 0.959817 -0.273802 12.266600 0.008085 0.274792 0.961470 0.231800 0.000000 0.000000 0.000000 1.000000
0.998212 0.054916 -0.023593 2.822000 -0.059258 0.960858 -0.270631 12.266600 0.007808 0.271545 0.962394 0.231800 0.000000 0.000000 0.000000 1.000000
0.998160 0.055608 -0.024158 2.822000 -0.060048 0.961759 -0.267234 12.266600 0.008374 0.268193 0.963329 0.231800 0.000000 0.000000 0.000000 1.000000
0.997957 0.058325 -0.026063 2.822000 -0.063072 0.964382 -0.256885 12.266600 0.010152 0.258004 0.966090 0.231800 0.000000 0.000000 0.000000 1.000000
0.997809 0.060163 -0.027528 2.822000 -0.064995 0.969141 -0.237786 12.266600 0.012372 0.239054 0.970928 0.231800 0.000000 0.000000 0.000000 1.000000</float_array>
        <technique_common>
          <accessor source="#mixamorig_RightHandIndex1-Matrix-animation-output-transform-array" count="51" stride="16">
            <param type="float4x4"/>
          </accessor>
        </technique_common>
      </source>
      <source id="mixamorig_RightHandIndex1-Interpolations">
        <Name_array id="mixamorig_RightHandIndex1-Interpolations-array" count="51">
 LINEAR LINEAR LINEAR LINEAR LINEAR LINEAR LINEAR LINEAR LINEAR LINEAR LINEAR
LINEAR LINEAR LINEAR LINEAR LINEAR LINEAR LINEAR LINEAR LINEAR LINEAR LINEAR LINEAR
LINEAR LINEAR LINEAR LINEAR LINEAR LINEAR LINEAR LINEAR LINEAR LINEAR LINEAR LINEAR
LINEAR LINEAR LINEAR LINEAR LINEAR LINEAR LINEAR LINEAR LINEAR LINEAR LINEAR LINEAR
LINEAR LINEAR LINEAR LINEAR</Name_array>
        <technique_common>
          <accessor source="#mixamorig_RightHandIndex1-Interpolations-array" count="51">
            <param type="name"/>
          </accessor>
        </technique_common>
      </source>
      <sampler id="mixamorig_RightHandIndex1-Matrix-animation-transform">
        <input semantic="INPUT" source="#mixamorig_RightHandIndex1-Matrix-animation-input"/>
        <input semantic="OUTPUT" source="#mixamorig_RightHandIndex1-Matrix-animation-output-transform"/>
        <input semantic="INTERPOLATION" source="#mixamorig_RightHandIndex1-Interpolations"/>
      </sampler>
      <channel source="#mixamorig_RightHandIndex1-Matrix-animation-transform" target="mixamorig_RightHandIndex1/matrix"/>
    </animation>
    <animation id="mixamorig_RightHandIndex2-anim" name="mixamorig_RightHandIndex2">
      <source id="mixamorig_RightHandIndex2-Matrix-animation-input">
        <float_array id="mixamorig_RightHandIndex2-Matrix-animation-input-array" count="51">

0.000000 0.033333 0.066667 0.100000 0.133333 0.166667 0.200000 0.233333 0.266667 0.300000 0.333333 0.366667 0.400000 0.433333 0.466667 0.500000
0.533333 0.566667 0.600000 0.633333 0.666667 0.700000 0.733333 0.766667 0.800000 0.833333 0.866667 0.900000 0.933333 0.966667 1.000000 1.033333
1.066667 1.100000 1.133333 1.166667 1.200000 1.233333 1.266667 1.300000 1.333333 1.366667 1.400000 1.433333 1.466667 1.500000 1.533333 1.566667
1.600000 1.633333 1.666667</float_array>
        <technique_common>
          <accessor source="#mixamorig_RightHandIndex2-Matrix-animation-input-array" count="51">
            <param name="TIME" type="float"/>
          </accessor>
        </technique_common>
      </source>
      <source id="mixamorig_RightHandIndex2-Matrix-animation-output-transform">
        <float_array id="mixamorig_RightHandIndex2-Matrix-animation-output-transform-array" count="816">

0.999231 -0.038062 0.009443 -0.000000 0.038062 0.883314 -0.467234 3.892000 0.009442 0.467234 0.884083 0.000000 0.000000 0.000000 0.000000 1.000000
0.999231 -0.038062 0.009443 -0.000000 0.038062 0.883314 -0.467234 3.892000 0.009443 0.467234 0.884083 -0.000000 0.000000 0.000000 0.000000 1.000000
0.999231 -0.038062 0.009443 0.000000 0.038062 0.883314 -0.467234 3.892000 0.009442 0.467234 0.884083 -0.000000 0.000000 0.000000 0.000000 1.000000
0.999231 -0.038062 0.009443 -0.000000 0.038062 0.883314 -0.467233 3.892000 0.009442 0.467233 0.884084 -0.000000 0.000000 0.000000 0.000000 1.000000
0.999231 -0.038062 0.009443 0.000000 0.038062 0.883314 -0.467234 3.892000 0.009443 0.467234 0.884084 0.000000 0.000000 0.000000 0.000000 1.000000
0.999231 -0.038062 0.009443 0.000000 0.038062 0.883314 -0.467234 3.892000 0.009442 0.467234 0.884083 0.000000 0.000000 0.000000 0.000000 1.000000
0.999231 -0.038062 0.009443 0.000000 0.038062 0.883314 -0.467234 3.892000 0.009443 0.467234 0.884083 0.000000 0.000000 0.000000 0.000000 1.000000
0.999231 -0.038062 0.009443 -0.000000 0.038062 0.883314 -0.467234 3.892000 0.009443 0.467234 0.884084 -0.000000 0.000000 0.000000 0.000000 1.000000
0.999234 -0.037980 0.009400 -0.000000 0.037980 0.883849 -0.466227 3.892000 0.009399 0.466227 0.884615 0.000000 0.000000 0.000000 0.000000 1.000000
0.999259 -0.037392 0.009093 -0.000000 0.037393 0.887641 -0.459015 3.892000 0.009092 0.459015 0.888382 -0.000000 0.000000 0.000000 0.000000 1.000000
0.999297 -0.036493 0.008635 0.000000 0.036493 0.893299 -0.447978 3.892000 0.008634 0.447978 0.894003 0.000000 0.000000 0.000000 0.000000 1.000000
0.999331 -0.035645 0.008216 -0.000000 0.035645 0.898478 -0.437569 3.892000 0.008215 0.437569 0.899147 -0.000000 0.000000 0.000000 0.000000 1.000000
0.999348 -0.035219 0.008010 0.000000 0.035219 0.901028 -0.432329 3.892000 0.008009 0.432329 0.901680 -0.000000 0.000000 0.000000 0.000000 1.000000
0.999349 -0.035193 0.007997 0.000000 0.035193 0.901180 -0.432014 3.892000 0.007997 0.432014 0.901831 0.000000 0.000000 0.000000 0.000000 1.000000
0.999348 -0.035195 0.007998 -0.000000 0.035195 0.901170 -0.432034 3.892000 0.007998 0.432035 0.901822 -0.000000 0.000000 0.000000 0.000000 1.000000
0.999348 -0.035201 0.008001 -0.000000 0.035201 0.901133 -0.432110 3.892000 0.008000 0.432110 0.901785 -0.000000 0.000000 0.000000 0.000000 1.000000
0.999348 -0.035202 0.008002 0.000000 0.035202 0.901127 -0.432125 3.892000 0.008001 0.432125 0.901778 0.000000 0.000000 0.000000 0.000000 1.000000
0.999349 -0.035188 0.007995 -0.000000 0.035188 0.901211 -0.431950 3.892000 0.007994 0.431950 0.901862 -0.000000 0.000000 0.000000 0.000000 1.000000
0.999349 -0.035172 0.007987 0.000000 0.035172 0.901302 -0.431760 3.892000 0.007987 0.431760 0.901953 0.000000 0.000000 0.000000 0.000000 1.000000
0.999349 -0.035194 0.007998 -0.000000 0.035194 0.901174 -0.432027 3.892000 0.007997 0.432027 0.901825 -0.000000 0.000000 0.000000 0.000000 1.000000
0.999346 -0.035250 0.008025 0.000000 0.035250 0.900843 -0.432712 3.892000 0.008024 0.432712 0.901496 0.000000 0.000000 0.000000 0.000000 1.000000
0.999347 -0.035221 0.008011 -0.000000 0.035222 0.901012 -0.432363 3.892000 0.008010 0.432363 0.901664 0.000000 0.000000 0.000000 0.000000 1.000000
0.999360 -0.034904 0.007860 0.000000 0.034904 0.902882 -0.428469 3.892000 0.007859 0.428469 0.903523 0.000000 0.000000 0.000000 0.000000 1.000000
0.999387 -0.034182 0.007521 -0.000000 0.034182 0.907061 -0.419610 3.892000 0.007521 0.419610 0.907673 0.000000 0.000000 0.000000 0.000000 1.000000
0.999419 -0.033326 0.007131 -0.000000 0.033326 0.911883 -0.409094 3.892000 0.007130 0.409094 0.912464 0.000000 0.000000 0.000000 0.000000 1.000000
0.999452 -0.032417 0.006730 -0.000000 0.032417 0.916840 -0.397938 3.892000 0.006730 0.397938 0.917388 0.000000 0.000000 0.000000 0.000000 1.000000
0.999489 -0.031356 0.006278 -0.000000 0.031356 0.922420 -0.384913 3.892000 0.006278 0.384913 0.922932 0.000000 0.000000 0.000000 0.000000 1.000000
0.999529 -0.030134 0.005780 -0.000000 0.030134 0.928577 -0.369914 3.892000 0.005780 0.369914 0.929048 -0.000000 0.000000 0.000000 0.000000 1.000000
0.999569 -0.028867 0.005288 0.000000 0.028867 0.934663 -0.354362 3.892000 0.005287 0.354362 0.935094 0.000000 0.000000 0.000000 0.000000 1.000000
0.999614 -0.027382 0.004741 0.000000 0.027382 0.941418 -0.336128 3.892000 0.004740 0.336128 0.941804 0.000000 0.000000 0.000000 0.000000 1.000000
0.999661 -0.025698 0.004160 0.000000 0.025698 0.948592 -0.315455 3.892000 0.004160 0.315455 0.948931 0.000000 0.000000 0.000000 0.000000 1.000000
0.999701 -0.024174 0.003670 -0.000000 0.024174 0.954648 -0.296755 3.892000 0.003670 0.296755 0.954947 0.000000 0.000000 0.000000 0.000000 1.000000
0.999734 -0.022828 0.003265 -0.000000 0.022828 0.959661 -0.280232 3.892000 0.003264 0.280232 0.959927 0.000000 0.000000 0.000000 0.000000 1.000000
0.999762 -0.021610 0.002919 0.000000 0.021610 0.963932 -0.265272 3.892000 0.002919 0.265272 0.964169 0.000000 0.000000 0.000000 0.000000 1.000000
0.999782 -0.020724 0.002681 0.000000 0.020724 0.966877 -0.254400 3.892000 0.002680 0.254400 0.967095 0.000000 0.000000 0.000000 0.000000 1.000000
0.999782 -0.020706 0.002676 -0.000000 0.020706 0.966937 -0.254173 3.892000 0.002675 0.254173 0.967155 0.000000 0.000000 0.000000 0.000000 1.000000
0.999756 -0.021907 0.003001 0.000000 0.021907 0.962913 -0.268920 3.892000 0.003001 0.268920 0.963158 0.000000 0.000000 0.000000 0.000000 1.000000
0.999708 -0.023880 0.003579 0.000000 0.023880 0.955772 -0.293137 3.892000 0.003579 0.293137 0.956064 0.000000 0.000000 0.000000 0.000000 1.000000
0.999664 -0.025595 0.004127 -0.000000 0.025595 0.949012 -0.314199 3.892000 0.004126 0.314199 0.949348 -0.000000 0.000000 0.000000 0.000000 1.000000
0.999641 -0.026423 0.004405 0.000000 0.026423 0.945565 -0.324360 3.892000 0.004405 0.324360 0.945924 0.000000 0.000000 0.000000 0.000000 1.000000
0.999635 -0.026642 0.004481 0.000000 0.026642 0.944632 -0.327049 3.892000 0.004481 0.327049 0.944997 0.000000 0.000000 0.000000 0.000000 1.000000
0.999628 -0.026893 0.004568 -0.000000 0.026893 0.943554 -0.330124 3.892000 0.004568 0.330124 0.943926 -0.000000 0.000000 0.000000 0.000000 1.000000
0.999615 -0.027329 0.004722 0.000000 0.027329 0.941651 -0.335479 3.892000 0.004722 0.335479 0.942036 0.000000 0.000000 0.000000 0.000000 1.000000
0.999611 -0.027493 0.004781 0.000000 0.027493 0.940929 -0.337487 3.892000 0.004780 0.337487 0.941318 0.000000 0.000000 0.000000 0.000000 1.000000
0.999626 -0.026964 0.004593 -0.000000 0.026964 0.943244 -0.331005 3.892000 0.004593 0.331005 0.943618 0.000000 0.000000 0.000000 0.000000 1.000000
0.999654 -0.025966 0.004250 -0.000000 0.025966 0.947484 -0.318747 3.892000 0.004250 0.318747 0.947830 0.000000 0.000000 0.000000 0.000000 1.000000
0.999674 -0.025198 0.003996 0.000000 0.025198 0.950624 -0.309320 3.892000 0.003995 0.309320 0.950950 0.000000 0.000000 0.000000 0.000000 1.000000
0.999677 -0.025119 0.003970 -0.000000 0.025119 0.950941 -0.308351 3.892000 0.003970 0.308351 0.951264 0.000000 0.000000 0.000000 0.000000 1.000000
0.999665 -0.025558 0.004114 0.000000 0.025558 0.949164 -0.313744 3.892000 0.004114 0.313744 0.949499 -0.000000 0.000000 0.000000 0.000000 1.000000
0.999650 -0.026086 0.004290 -0.000000 0.026086 0.946984 -0.320221 3.892000 0.004290 0.320221 0.947333 0.000000 0.000000 0.000000 0.000000 1.000000
0.999640 -0.026480 0.004425 0.000000 0.026480 0.945323 -0.325060 3.892000 0.004425 0.325060 0.945683 -0.000000 0.000000 0.000000 0.000000 1.000000</float_array>
        <technique_common>
          <accessor source="#mixamorig_RightHandIndex2-Matrix-animation-output-transform-array" count="51" stride="16">
            <param type="float4x4"/>
          </accessor>
        </technique_common>
      </source>
      <source id="mixamorig_RightHandIndex2-Interpolations">
        <Name_array id="mixamorig_RightHandIndex2-Interpolations-array" count="51">
 LINEAR LINEAR LINEAR LINEAR LINEAR LINEAR LINEAR LINEAR LINEAR LINEAR LINEAR
LINEAR LINEAR LINEAR LINEAR LINEAR LINEAR LINEAR LINEAR LINEAR LINEAR LINEAR LINEAR
LINEAR LINEAR LINEAR LINEAR LINEAR LINEAR LINEAR LINEAR LINEAR LINEAR LINEAR LINEAR
LINEAR LINEAR LINEAR LINEAR LINEAR LINEAR LINEAR LINEAR LINEAR LINEAR LINEAR LINEAR
LINEAR LINEAR LINEAR LINEAR</Name_array>
        <technique_common>
          <accessor source="#mixamorig_RightHandIndex2-Interpolations-array" count="51">
            <param type="name"/>
          </accessor>
        </technique_common>
      </source>
      <sampler id="mixamorig_RightHandIndex2-Matrix-animation-transform">
        <input semantic="INPUT" source="#mixamorig_RightHandIndex2-Matrix-animation-input"/>
        <input semantic="OUTPUT" source="#mixamorig_RightHandIndex2-Matrix-animation-output-transform"/>
        <input semantic="INTERPOLATION" source="#mixamorig_RightHandIndex2-Interpolations"/>
      </sampler>
      <channel source="#mixamorig_RightHandIndex2-Matrix-animation-transform" target="mixamorig_RightHandIndex2/matrix"/>
    </animation>
    <animation id="mixamorig_RightHandIndex3-anim" name="mixamorig_RightHandIndex3">
      <source id="mixamorig_RightHandIndex3-Matrix-animation-input">
        <float_array id="mixamorig_RightHandIndex3-Matrix-animation-input-array" count="51">

0.000000 0.033333 0.066667 0.100000 0.133333 0.166667 0.200000 0.233333 0.266667 0.300000 0.333333 0.366667 0.400000 0.433333 0.466667 0.500000
0.533333 0.566667 0.600000 0.633333 0.666667 0.700000 0.733333 0.766667 0.800000 0.833333 0.866667 0.900000 0.933333 0.966667 1.000000 1.033333
1.066667 1.100000 1.133333 1.166667 1.200000 1.233333 1.266667 1.300000 1.333333 1.366667 1.400000 1.433333 1.466667 1.500000 1.533333 1.566667
1.600000 1.633333 1.666667</float_array>
        <technique_common>
          <accessor source="#mixamorig_RightHandIndex3-Matrix-animation-input-array" count="51">
            <param name="TIME" type="float"/>
          </accessor>
        </technique_common>
      </source>
      <source id="mixamorig_RightHandIndex3-Matrix-animation-output-transform">
        <float_array id="mixamorig_RightHandIndex3-Matrix-animation-output-transform-array" count="816">

0.999231 -0.038062 0.009443 -0.000000 0.038062 0.883314 -0.467234 3.415200 0.009442 0.467234 0.884083 -0.000000 0.000000 0.000000 0.000000 1.000000
0.999231 -0.038062 0.009443 0.000000 0.038062 0.883314 -0.467233 3.415200 0.009443 0.467233 0.884084 0.000000 0.000000 0.000000 0.000000 1.000000
0.999231 -0.038062 0.009443 0.000000 0.038062 0.883314 -0.467233 3.415200 0.009443 0.467233 0.884084 0.000000 0.000000 0.000000 0.000000 1.000000
0.999231 -0.038062 0.009443 0.000000 0.038062 0.883314 -0.467233 3.415200 0.009442 0.467233 0.884084 -0.000000 0.000000 0.000000 0.000000 1.000000
0.999231 -0.038062 0.009443 0.000000 0.038062 0.883314 -0.467233 3.415200 0.009443 0.467233 0.884084 0.000000 0.000000 0.000000 0.000000 1.000000
0.999231 -0.038062 0.009443 0.000000 0.038062 0.883314 -0.467234 3.415200 0.009443 0.467234 0.884083 0.000000 0.000000 0.000000 0.000000 1.000000
0.999231 -0.038062 0.009443 0.000000 0.038062 0.883314 -0.467234 3.415200 0.009442 0.467234 0.884083 0.000000 0.000000 0.000000 0.000000 1.000000
0.999231 -0.038062 0.009443 -0.000000 0.038062 0.883314 -0.467233 3.415200 0.009442 0.467234 0.884084 0.000000 0.000000 0.000000 0.000000 1.000000
0.999288 -0.036714 0.008746 0.000000 0.036714 0.891926 -0.450688 3.415200 0.008746 0.450688 0.892639 0.000000 0.000000 0.000000 0.000000 1.000000
0.999633 -0.026706 0.004503 0.000000 0.026706 0.944361 -0.327825 3.415200 0.004502 0.327825 0.944728 0.000000 0.000000 0.000000 0.000000 1.000000
0.999944 -0.010605 0.000693 -0.000000 0.010605 0.991433 -0.130188 3.415200 0.000693 0.130188 0.991489 0.000000 0.000000 0.000000 0.000000 1.000000
0.999988 0.004896 0.000147 0.000000 -0.004896 0.998180 0.060106 3.415200 0.000147 -0.060106 0.998192 -0.000000 0.000000 0.000000 0.000000 1.000000
0.999920 0.012610 0.000982 0.000000 -0.012610 0.987866 0.154794 3.415200 0.000982 -0.154794 0.987946 0.000000 0.000000 0.000000 0.000000 1.000000
0.999914 0.013039 0.001050 0.000000 -0.013039 0.987021 0.160062 3.415200 0.001051 -0.160062 0.987106 0.000000 0.000000 0.000000 0.000000 1.000000
0.999914 0.013038 0.001050 0.000000 -0.013038 0.987023 0.160050 3.415200 0.001050 -0.160050 0.987108 0.000000 0.000000 0.000000 0.000000 1.000000
0.999914 0.013035 0.001050 0.000000 -0.013035 0.987028 0.160016 3.415200 0.001050 -0.160016 0.987114 0.000000 0.000000 0.000000 0.000000 1.000000
0.999914 0.013035 0.001050 -0.000000 -0.013035 0.987028 0.160016 3.415200 0.001050 -0.160016 0.987114 0.000000 0.000000 0.000000 0.000000 1.000000
0.999914 0.013042 0.001051 0.000000 -0.013042 0.987015 0.160100 3.415200 0.001051 -0.160100 0.987100 0.000000 0.000000 0.000000 0.000000 1.000000
0.999914 0.013048 0.001052 0.000000 -0.013048 0.987003 0.160173 3.415200 0.001052 -0.160173 0.987088 0.000000 0.000000 0.000000 0.000000 1.000000
0.999914 0.013036 0.001050 0.000000 -0.013036 0.987026 0.160030 3.415200 0.001050 -0.160030 0.987112 0.000000 0.000000 0.000000 0.000000 1.000000
0.999915 0.013012 0.001046 -0.000000 -0.013012 0.987075 0.159731 3.415200 0.001046 -0.159731 0.987160 0.000000 0.000000 0.000000 0.000000 1.000000
0.999915 0.013031 0.001049 0.000000 -0.013031 0.987037 0.159960 3.415200 0.001049 -0.159960 0.987123 0.000000 0.000000 0.000000 0.000000 1.000000
0.999913 0.013177 0.001073 -0.000000 -0.013177 0.986743 0.161756 3.415200 0.001073 -0.161756 0.986830 0.000000 0.000000 0.000000 0.000000 1.000000
0.999916 0.012896 0.001027 0.000000 -0.012896 0.987306 0.158307 3.415200 0.001027 -0.158307 0.987389 0.000000 0.000000 0.000000 0.000000 1.000000
0.999971 0.007560 0.000351 -0.000000 -0.007560 0.995656 0.092805 3.415200 0.000352 -0.092805 0.995684 -0.000000 0.000000 0.000000 0.000000 1.000000
0.999998 -0.002024 0.000025 0.000000 0.002024 0.999689 -0.024850 3.415200 0.000025 0.024850 0.999691 -0.000000 0.000000 0.000000 0.000000 1.000000
0.999931 -0.011701 0.000845 0.000000 0.011701 0.989561 -0.143642 3.415200 0.000845 0.143642 0.989629 -0.000000 0.000000 0.000000 0.000000 1.000000
0.999794 -0.020134 0.002528 0.000000 0.020134 0.968767 -0.247153 3.415200 0.002527 0.247153 0.968973 0.000000 0.000000 0.000000 0.000000 1.000000
0.999573 -0.028738 0.005239 -0.000000 0.028738 0.935269 -0.352770 3.415200 0.005238 0.352770 0.935695 0.000000 0.000000 0.000000 0.000000 1.000000
0.999408 -0.033622 0.007265 0.000000 0.033622 0.910232 -0.412732 3.415200 0.007264 0.412732 0.910823 0.000000 0.000000 0.000000 0.000000 1.000000
0.999410 -0.033565 0.007239 0.000000 0.033565 0.910550 -0.412033 3.415200 0.007238 0.412033 0.911140 0.000000 0.000000 0.000000 0.000000 1.000000
0.999434 -0.032903 0.006943 -0.000000 0.032903 0.914212 -0.403897 3.415200 0.006942 0.403897 0.914778 0.000000 0.000000 0.000000 0.000000 1.000000
0.999457 -0.032257 0.006661 0.000000 0.032257 0.917695 -0.395973 3.415200 0.006660 0.395973 0.918238 -0.000000 0.000000 0.000000 0.000000 1.000000
0.999479 -0.031636 0.006396 -0.000000 0.031636 0.920969 -0.388350 3.415200 0.006395 0.388350 0.921490 0.000000 0.000000 0.000000 0.000000 1.000000
0.999499 -0.031059 0.006155 -0.000000 0.031059 0.923943 -0.381268 3.415200 0.006155 0.381268 0.924444 0.000000 0.000000 0.000000 0.000000 1.000000
0.999515 -0.030562 0.005952 0.000000 0.030562 0.926453 -0.375169 3.415200 0.005952 0.375169 0.926938 0.000000 0.000000 0.000000 0.000000 1.000000
0.999528 -0.030176 0.005797 -0.000000 0.030176 0.928373 -0.370422 3.415200 0.005796 0.370422 0.928845 0.000000 0.000000 0.000000 0.000000 1.000000
0.999537 -0.029893 0.005685 0.000000 0.029893 0.929756 -0.366960 3.415200 0.005684 0.366960 0.930219 0.000000 0.000000 0.000000 0.000000 1.000000
0.999544 -0.029674 0.005599 -0.000000 0.029674 0.930822 -0.364266 3.415200 0.005598 0.364266 0.931278 0.000000 0.000000 0.000000 0.000000 1.000000
0.999550 -0.029473 0.005520 0.000000 0.029473 0.931790 -0.361800 3.415200 0.005520 0.361800 0.932239 0.000000 0.000000 0.000000 0.000000 1.000000
0.999557 -0.029274 0.005443 0.000000 0.029274 0.932742 -0.359354 3.415200 0.005443 0.359354 0.933186 -0.000000 0.000000 0.000000 0.000000 1.000000
0.999563 -0.029083 0.005370 -0.000000 0.029083 0.933647 -0.357011 3.415200 0.005369 0.357011 0.934085 0.000000 0.000000 0.000000 0.000000 1.000000
0.999568 -0.028910 0.005304 0.000000 0.028910 0.934461 -0.354889 3.415200 0.005303 0.354889 0.934894 0.000000 0.000000 0.000000 0.000000 1.000000
0.999573 -0.028757 0.005246 0.000000 0.028757 0.935178 -0.353010 3.415200 0.005246 0.353010 0.935605 0.000000 0.000000 0.000000 0.000000 1.000000
0.999577 -0.028621 0.005195 0.000000 0.028622 0.935808 -0.351346 3.415200 0.005194 0.351346 0.936231 0.000000 0.000000 0.000000 0.000000 1.000000
0.999580 -0.028503 0.005151 -0.000000 0.028503 0.936358 -0.349887 3.415200 0.005150 0.349887 0.936778 0.000000 0.000000 0.000000 0.000000 1.000000
0.999584 -0.028402 0.005113 0.000000 0.028402 0.936821 -0.348653 3.415200 0.005112 0.348653 0.937238 0.000000 0.000000 0.000000 0.000000 1.000000
0.999586 -0.028323 0.005083 0.000000 0.028323 0.937186 -0.347678 3.415200 0.005083 0.347678 0.937600 0.000000 0.000000 0.000000 0.000000 1.000000
0.999588 -0.028266 0.005063 0.000000 0.028267 0.937443 -0.346990 3.415200 0.005062 0.346990 0.937855 0.000000 0.000000 0.000000 0.000000 1.000000
0.999589 -0.028233 0.005050 -0.000000 0.028233 0.937596 -0.346577 3.415200 0.005050 0.346577 0.938008 0.000000 0.000000 0.000000 0.000000 1.000000
0.999589 -0.028219 0.005045 0.000000 0.028219 0.937662 -0.346400 3.415200 0.005045 0.346400 0.938073 0.000000 0.000000 0.000000 0.000000 1.000000</float_array>
        <technique_common>
          <accessor source="#mixamorig_RightHandIndex3-Matrix-animation-output-transform-array" count="51" stride="16">
            <param type="float4x4"/>
          </accessor>
        </technique_common>
      </source>
      <source id="mixamorig_RightHandIndex3-Interpolations">
        <Name_array id="mixamorig_RightHandIndex3-Interpolations-array" count="51">
 LINEAR LINEAR LINEAR LINEAR LINEAR LINEAR LINEAR LINEAR LINEAR LINEAR LINEAR
LINEAR LINEAR LINEAR LINEAR LINEAR LINEAR LINEAR LINEAR LINEAR LINEAR LINEAR LINEAR
LINEAR LINEAR LINEAR LINEAR LINEAR LINEAR LINEAR LINEAR LINEAR LINEAR LINEAR LINEAR
LINEAR LINEAR LINEAR LINEAR LINEAR LINEAR LINEAR LINEAR LINEAR LINEAR LINEAR LINEAR
LINEAR LINEAR LINEAR LINEAR</Name_array>
        <technique_common>
          <accessor source="#mixamorig_RightHandIndex3-Interpolations-array" count="51">
            <param type="name"/>
          </accessor>
        </technique_common>
      </source>
      <sampler id="mixamorig_RightHandIndex3-Matrix-animation-transform">
        <input semantic="INPUT" source="#mixamorig_RightHandIndex3-Matrix-animation-input"/>
        <input semantic="OUTPUT" source="#mixamorig_RightHandIndex3-Matrix-animation-output-transform"/>
        <input semantic="INTERPOLATION" source="#mixamorig_RightHandIndex3-Interpolations"/>
      </sampler>
      <channel source="#mixamorig_RightHandIndex3-Matrix-animation-transform" target="mixamorig_RightHandIndex3/matrix"/>
    </animation>
    <animation id="mixamorig_RightHandMiddle1-anim" name="mixamorig_RightHandMiddle1">
      <source id="mixamorig_RightHandMiddle1-Matrix-animation-input">
        <float_array id="mixamorig_RightHandMiddle1-Matrix-animation-input-array" count="51">

0.000000 0.033333 0.066667 0.100000 0.133333 0.166667 0.200000 0.233333 0.266667 0.300000 0.333333 0.366667 0.400000 0.433333 0.466667 0.500000
0.533333 0.566667 0.600000 0.633333 0.666667 0.700000 0.733333 0.766667 0.800000 0.833333 0.866667 0.900000 0.933333 0.966667 1.000000 1.033333
1.066667 1.100000 1.133333 1.166667 1.200000 1.233333 1.266667 1.300000 1.333333 1.366667 1.400000 1.433333 1.466667 1.500000 1.533333 1.566667
1.600000 1.633333 1.666667</float_array>
        <technique_common>
          <accessor source="#mixamorig_RightHandMiddle1-Matrix-animation-input-array" count="51">
            <param name="TIME" type="float"/>
          </accessor>
        </technique_common>
      </source>
      <source id="mixamorig_RightHandMiddle1-Matrix-animation-output-transform">
        <float_array id="mixamorig_RightHandMiddle1-Matrix-animation-output-transform-array" count="816">

0.999763 0.021760 0.001057 0.000000 -0.021682 0.998543 -0.049404 12.775500 -0.002130 0.049370 0.998778 0.000000 0.000000 0.000000 0.000000 1.000000
0.999763 0.021760 0.001057 0.000000 -0.021681 0.998543 -0.049405 12.775500 -0.002130 0.049370 0.998778 0.000000 0.000000 0.000000 0.000000 1.000000
0.999763 0.021760 0.001057 -0.000000 -0.021682 0.998543 -0.049404 12.775500 -0.002130 0.049370 0.998778 0.000000 0.000000 0.000000 0.000000 1.000000
0.999763 0.021760 0.001057 -0.000000 -0.021681 0.998543 -0.049405 12.775500 -0.002130 0.049370 0.998778 0.000000 0.000000 0.000000 0.000000 1.000000
0.999763 0.021760 0.001057 0.000000 -0.021681 0.998544 -0.049404 12.775500 -0.002130 0.049370 0.998778 0.000000 0.000000 0.000000 0.000000 1.000000
0.999763 0.021761 0.001057 -0.000000 -0.021682 0.998544 -0.049404 12.775500 -0.002130 0.049369 0.998778 0.000000 0.000000 0.000000 0.000000 1.000000
0.999763 0.021761 0.001057 0.000000 -0.021682 0.998544 -0.049404 12.775500 -0.002130 0.049369 0.998778 0.000000 0.000000 0.000000 0.000000 1.000000
0.999763 0.021760 0.001057 0.000000 -0.021681 0.998543 -0.049405 12.775500 -0.002130 0.049370 0.998778 0.000000 0.000000 0.000000 0.000000 1.000000
0.999763 0.021759 0.001057 0.000000 -0.021681 0.998543 -0.049406 12.775500 -0.002130 0.049371 0.998778 0.000000 0.000000 0.000000 0.000000 1.000000
0.999763 0.021760 0.001057 -0.000000 -0.021681 0.998543 -0.049405 12.775500 -0.002130 0.049370 0.998778 -0.000000 0.000000 0.000000 0.000000 1.000000
0.999763 0.021762 0.001057 0.000000 -0.021684 0.998544 -0.049401 12.775500 -0.002130 0.049366 0.998778 0.000000 0.000000 0.000000 0.000000 1.000000
0.999763 0.021762 0.001057 0.000000 -0.021684 0.998544 -0.049401 12.775500 -0.002130 0.049366 0.998778 0.000000 0.000000 0.000000 0.000000 1.000000
0.999763 0.021757 0.001057 -0.000000 -0.021678 0.998543 -0.049411 12.775500 -0.002130 0.049377 0.998778 -0.000000 0.000000 0.000000 0.000000 1.000000
0.999763 0.021752 0.001057 0.000000 -0.021673 0.998543 -0.049419 12.775500 -0.002131 0.049384 0.998778 -0.000000 0.000000 0.000000 0.000000 1.000000
0.999763 0.021762 0.001056 -0.000000 -0.021683 0.998544 -0.049398 12.775500 -0.002130 0.049363 0.998779 0.000000 0.000000 0.000000 0.000000 1.000000
0.999762 0.021785 0.001055 0.000000 -0.021706 0.998545 -0.049361 12.775500 -0.002129 0.049327 0.998780 0.000000 0.000000 0.000000 0.000000 1.000000
0.999762 0.021778 0.001056 0.000000 -0.021699 0.998544 -0.049382 12.775500 -0.002130 0.049347 0.998779 0.000000 0.000000 0.000000 0.000000 1.000000
0.999764 0.021715 0.001061 0.000000 -0.021636 0.998540 -0.049492 12.775500 -0.002134 0.049457 0.998774 -0.000000 0.000000 0.000000 0.000000 1.000000
0.999764 0.021678 0.001063 0.000000 -0.021599 0.998539 -0.049535 12.775500 -0.002135 0.049501 0.998772 -0.000000 0.000000 0.000000 0.000000 1.000000
0.999762 0.021800 0.001052 0.000000 -0.021722 0.998548 -0.049303 12.775500 -0.002125 0.049269 0.998783 0.000000 0.000000 0.000000 0.000000 1.000000
0.999758 0.021994 0.001038 -0.000000 -0.021917 0.998558 -0.049000 12.775500 -0.002114 0.048966 0.998798 -0.000000 0.000000 0.000000 0.000000 1.000000
0.999763 0.021763 0.001060 0.000000 -0.021684 0.998540 -0.049476 12.775500 -0.002135 0.049441 0.998775 0.000000 0.000000 0.000000 0.000000 1.000000
0.999790 0.020481 0.001160 -0.000000 -0.020394 0.998458 -0.051631 12.775500 -0.002216 0.051596 0.998666 0.000000 0.000000 0.000000 0.000000 1.000000
0.999838 0.017937 0.001343 0.000000 -0.017835 0.998299 -0.055509 12.775500 -0.002337 0.055476 0.998457 0.000000 0.000000 0.000000 0.000000 1.000000
0.999894 0.014497 0.001570 -0.000000 -0.014376 0.998080 -0.060251 12.775500 -0.002440 0.060222 0.998182 0.000000 0.000000 0.000000 0.000000 1.000000
0.999941 0.010681 0.001801 -0.000000 -0.010541 0.997827 -0.065038 12.775500 -0.002492 0.065015 0.997881 0.000000 0.000000 0.000000 0.000000 1.000000
0.999975 0.006722 0.002033 -0.000000 -0.006564 0.997540 -0.069792 12.775500 -0.002497 0.069777 0.997559 0.000000 0.000000 0.000000 0.000000 1.000000
0.999994 0.002502 0.002286 0.000000 -0.002324 0.997183 -0.074977 12.775500 -0.002467 0.074971 0.997183 0.000000 0.000000 0.000000 0.000000 1.000000
0.999994 -0.002257 0.002586 0.000000 0.002459 0.996702 -0.081108 12.775500 -0.002394 0.081114 0.996702 0.000000 0.000000 0.000000 0.000000 1.000000
0.999965 -0.007766 0.002959 -0.000000 0.007998 0.996023 -0.088733 12.775500 -0.002258 0.088754 0.996051 0.000000 0.000000 0.000000 0.000000 1.000000
0.999897 -0.013931 0.003439 0.000000 0.014202 0.995037 -0.098485 12.775500 -0.002050 0.098524 0.995133 0.000000 0.000000 0.000000 0.000000 1.000000
0.999784 -0.020384 0.004038 0.000000 0.020705 0.993655 -0.110551 12.775500 -0.001759 0.110611 0.993862 -0.000000 0.000000 0.000000 0.000000 1.000000
0.999620 -0.027147 0.004732 -0.000000 0.027525 0.991862 -0.124309 12.775500 -0.001319 0.124392 0.992232 -0.000000 0.000000 0.000000 0.000000 1.000000
0.999363 -0.035272 0.005520 0.000000 0.035697 0.989560 -0.139631 12.775500 -0.000538 0.139739 0.990188 0.000000 0.000000 0.000000 0.000000 1.000000
0.998929 -0.045806 0.006535 0.000000 0.046263 0.986207 -0.158920 12.775500 0.000834 0.159052 0.987270 0.000000 0.000000 0.000000 0.000000 1.000000
0.998330 -0.057218 0.007997 -0.000000 0.057707 0.980887 -0.185824 12.775500 0.002788 0.185975 0.982551 0.000000 0.000000 0.000000 0.000000 1.000000
0.997846 -0.064842 0.009905 -0.000000 0.065435 0.973471 -0.219254 12.775500 0.004575 0.219430 0.975617 -0.000000 0.000000 0.000000 0.000000 1.000000
0.997817 -0.064996 0.011726 -0.000000 0.065864 0.966096 -0.249640 12.775500 0.004897 0.249867 0.968268 -0.000000 0.000000 0.000000 0.000000 1.000000
0.998133 -0.059752 0.012688 -0.000000 0.060976 0.962258 -0.265219 12.775500 0.003638 0.265497 0.964105 0.000000 0.000000 0.000000 0.000000 1.000000
0.998374 -0.055604 0.012584 0.000000 0.056954 0.962960 -0.263560 12.775500 0.002537 0.263848 0.964561 0.000000 0.000000 0.000000 0.000000 1.000000
0.998315 -0.056769 0.012035 -0.000000 0.057961 0.965284 -0.254691 12.775500 0.002841 0.254960 0.966948 0.000000 0.000000 0.000000 0.000000 1.000000
0.998053 -0.061245 0.011825 0.000000 0.062250 0.965908 -0.251292 12.775500 0.003969 0.251539 0.967839 0.000000 0.000000 0.000000 0.000000 1.000000
0.997873 -0.064045 0.012169 -0.000000 0.065020 0.964251 -0.256888 12.775500 0.004718 0.257133 0.966364 0.000000 0.000000 0.000000 0.000000 1.000000
0.997921 -0.063192 0.012673 -0.000000 0.064289 0.962109 -0.264979 12.775500 0.004552 0.265242 0.964171 -0.000000 0.000000 0.000000 0.000000 1.000000
0.998031 -0.061386 0.012862 -0.000000 0.062585 0.961386 -0.267994 12.775500 0.004086 0.268272 0.963335 0.000000 0.000000 0.000000 0.000000 1.000000
0.998003 -0.061891 0.012658 0.000000 0.063032 0.962259 -0.264734 12.775500 0.004205 0.265003 0.964238 0.000000 0.000000 0.000000 0.000000 1.000000
0.997854 -0.064303 0.012312 0.000000 0.065294 0.963617 -0.259190 12.775500 0.004803 0.259438 0.965748 0.000000 0.000000 0.000000 0.000000 1.000000
0.997782 -0.065471 0.012019 0.000000 0.066373 0.964804 -0.254456 12.775500 0.005064 0.254689 0.967010 -0.000000 0.000000 0.000000 0.000000 1.000000
0.997900 -0.063702 0.011762 0.000000 0.064617 0.966018 -0.250268 12.775500 0.004580 0.250502 0.968105 0.000000 0.000000 0.000000 0.000000 1.000000
0.998104 -0.060466 0.011493 -0.000000 0.061434 0.967359 -0.245851 12.775500 0.003747 0.246091 0.969239 0.000000 0.000000 0.000000 0.000000 1.000000
0.998224 -0.058499 0.011264 0.000000 0.059485 0.968435 -0.242066 12.775500 0.003252 0.242307 0.970194 0.000000 0.000000 0.000000 0.000000 1.000000</float_array>
        <technique_common>
          <accessor source="#mixamorig_RightHandMiddle1-Matrix-animation-output-transform-array" count="51" stride="16">
            <param type="float4x4"/>
          </accessor>
        </technique_common>
      </source>
      <source id="mixamorig_RightHandMiddle1-Interpolations">
        <Name_array id="mixamorig_RightHandMiddle1-Interpolations-array" count="51">
 LINEAR LINEAR LINEAR LINEAR LINEAR LINEAR LINEAR LINEAR LINEAR LINEAR LINEAR
LINEAR LINEAR LINEAR LINEAR LINEAR LINEAR LINEAR LINEAR LINEAR LINEAR LINEAR LINEAR
LINEAR LINEAR LINEAR LINEAR LINEAR LINEAR LINEAR LINEAR LINEAR LINEAR LINEAR LINEAR
LINEAR LINEAR LINEAR LINEAR LINEAR LINEAR LINEAR LINEAR LINEAR LINEAR LINEAR LINEAR
LINEAR LINEAR LINEAR LINEAR</Name_array>
        <technique_common>
          <accessor source="#mixamorig_RightHandMiddle1-Interpolations-array" count="51">
            <param type="name"/>
          </accessor>
        </technique_common>
      </source>
      <sampler id="mixamorig_RightHandMiddle1-Matrix-animation-transform">
        <input semantic="INPUT" source="#mixamorig_RightHandMiddle1-Matrix-animation-input"/>
        <input semantic="OUTPUT" source="#mixamorig_RightHandMiddle1-Matrix-animation-output-transform"/>
        <input semantic="INTERPOLATION" source="#mixamorig_RightHandMiddle1-Interpolations"/>
      </sampler>
      <channel source="#mixamorig_RightHandMiddle1-Matrix-animation-transform" target="mixamorig_RightHandMiddle1/matrix"/>
    </animation>
    <animation id="mixamorig_RightHandMiddle2-anim" name="mixamorig_RightHandMiddle2">
      <source id="mixamorig_RightHandMiddle2-Matrix-animation-input">
        <float_array id="mixamorig_RightHandMiddle2-Matrix-animation-input-array" count="51">

0.000000 0.033333 0.066667 0.100000 0.133333 0.166667 0.200000 0.233333 0.266667 0.300000 0.333333 0.366667 0.400000 0.433333 0.466667 0.500000
0.533333 0.566667 0.600000 0.633333 0.666667 0.700000 0.733333 0.766667 0.800000 0.833333 0.866667 0.900000 0.933333 0.966667 1.000000 1.033333
1.066667 1.100000 1.133333 1.166667 1.200000 1.233333 1.266667 1.300000 1.333333 1.366667 1.400000 1.433333 1.466667 1.500000 1.533333 1.566667
1.600000 1.633333 1.666667</float_array>
        <technique_common>
          <accessor source="#mixamorig_RightHandMiddle2-Matrix-animation-input-array" count="51">
            <param name="TIME" type="float"/>
          </accessor>
        </technique_common>
      </source>
      <source id="mixamorig_RightHandMiddle2-Matrix-animation-output-transform">
        <float_array id="mixamorig_RightHandMiddle2-Matrix-animation-output-transform-array" count="816">

0.999778 -0.020913 0.002731 0.000000 0.020913 0.966260 -0.256719 3.614000 0.002730 0.256719 0.966482 0.000000 0.000000 0.000000 0.000000 1.000000
0.999778 -0.020913 0.002731 0.000000 0.020913 0.966260 -0.256719 3.614000 0.002730 0.256719 0.966482 -0.000000 0.000000 0.000000 0.000000 1.000000
0.999778 -0.020913 0.002731 -0.000000 0.020913 0.966260 -0.256719 3.614000 0.002730 0.256719 0.966482 -0.000000 0.000000 0.000000 0.000000 1.000000
0.999778 -0.020913 0.002731 0.000000 0.020913 0.966260 -0.256720 3.614000 0.002730 0.256720 0.966482 0.000000 0.000000 0.000000 0.000000 1.000000
0.999778 -0.020913 0.002731 0.000000 0.020913 0.966260 -0.256720 3.614000 0.002730 0.256720 0.966482 0.000000 0.000000 0.000000 0.000000 1.000000
0.999778 -0.020913 0.002731 0.000000 0.020913 0.966260 -0.256719 3.614000 0.002730 0.256719 0.966482 0.000000 0.000000 0.000000 0.000000 1.000000
0.999778 -0.020913 0.002731 -0.000000 0.020913 0.966260 -0.256719 3.614000 0.002730 0.256719 0.966482 0.000000 0.000000 0.000000 0.000000 1.000000
0.999778 -0.020913 0.002731 0.000000 0.020913 0.966260 -0.256720 3.614000 0.002730 0.256720 0.966482 -0.000000 0.000000 0.000000 0.000000 1.000000
0.999783 -0.020651 0.002661 0.000000 0.020651 0.967116 -0.253498 3.614000 0.002661 0.253498 0.967332 0.000000 0.000000 0.000000 0.000000 1.000000
0.999822 -0.018762 0.002190 -0.000000 0.018762 0.972936 -0.230313 3.614000 0.002190 0.230313 0.973114 0.000000 0.000000 0.000000 0.000000 1.000000
0.999873 -0.015865 0.001560 0.000000 0.015865 0.980724 -0.194752 3.614000 0.001560 0.194752 0.980851 0.000000 0.000000 0.000000 0.000000 1.000000
0.999913 -0.013131 0.001065 0.000000 0.013131 0.986836 -0.161190 3.614000 0.001065 0.161190 0.986923 0.000000 0.000000 0.000000 0.000000 1.000000
0.999930 -0.011760 0.000853 -0.000000 0.011760 0.989455 -0.144361 3.614000 0.000853 0.144361 0.989525 0.000000 0.000000 0.000000 0.000000 1.000000
0.999931 -0.011684 0.000842 0.000000 0.011684 0.989592 -0.143429 3.614000 0.000842 0.143429 0.989660 0.000000 0.000000 0.000000 0.000000 1.000000
0.999931 -0.011683 0.000842 0.000000 0.011683 0.989594 -0.143412 3.614000 0.000842 0.143412 0.989663 0.000000 0.000000 0.000000 0.000000 1.000000
0.999931 -0.011679 0.000842 0.000000 0.011679 0.989600 -0.143369 3.614000 0.000842 0.143369 0.989669 0.000000 0.000000 0.000000 0.000000 1.000000
0.999931 -0.011680 0.000842 0.000000 0.011680 0.989599 -0.143376 3.614000 0.000842 0.143376 0.989668 0.000000 0.000000 0.000000 0.000000 1.000000
0.999931 -0.011689 0.000843 0.000000 0.011689 0.989583 -0.143488 3.614000 0.000843 0.143488 0.989652 0.000000 0.000000 0.000000 0.000000 1.000000
0.999931 -0.011696 0.000844 0.000000 0.011696 0.989571 -0.143568 3.614000 0.000844 0.143568 0.989640 0.000000 0.000000 0.000000 0.000000 1.000000
0.999931 -0.011679 0.000842 0.000000 0.011679 0.989601 -0.143363 3.614000 0.000841 0.143363 0.989670 -0.000000 0.000000 0.000000 0.000000 1.000000
0.999932 -0.011649 0.000837 -0.000000 0.011649 0.989655 -0.142993 3.614000 0.000837 0.142993 0.989723 -0.000000 0.000000 0.000000 0.000000 1.000000
0.999931 -0.011678 0.000842 0.000000 0.011678 0.989602 -0.143355 3.614000 0.000841 0.143355 0.989671 -0.000000 0.000000 0.000000 0.000000 1.000000
0.999929 -0.011868 0.000869 0.000000 0.011868 0.989260 -0.145686 3.614000 0.000869 0.145686 0.989330 0.000000 0.000000 0.000000 0.000000 1.000000
0.999926 -0.012172 0.000915 0.000000 0.012172 0.988699 -0.149417 3.614000 0.000914 0.149417 0.988774 -0.000000 0.000000 0.000000 0.000000 1.000000
0.999930 -0.011787 0.000857 0.000000 0.011787 0.989407 -0.144691 3.614000 0.000857 0.144691 0.989477 0.000000 0.000000 0.000000 0.000000 1.000000
0.999944 -0.010561 0.000688 0.000000 0.010561 0.991504 -0.129644 3.614000 0.000687 0.129644 0.991560 0.000000 0.000000 0.000000 0.000000 1.000000
0.999961 -0.008824 0.000480 0.000000 0.008824 0.994077 -0.108322 3.614000 0.000479 0.108322 0.994116 0.000000 0.000000 0.000000 0.000000 1.000000
0.999981 -0.006121 0.000230 -0.000000 0.006121 0.997154 -0.075141 3.614000 0.000230 0.075141 0.997173 -0.000000 0.000000 0.000000 0.000000 1.000000
0.999997 -0.002314 0.000033 -0.000000 0.002314 0.999594 -0.028404 3.614000 0.000033 0.028404 0.999597 -0.000000 0.000000 0.000000 0.000000 1.000000
1.000000 -0.000092 0.000000 -0.000000 0.000092 0.999999 -0.001131 3.614000 0.000000 0.001131 0.999999 0.000000 0.000000 0.000000 0.000000 1.000000
1.000000 -0.000664 0.000003 0.000000 0.000664 0.999967 -0.008147 3.614000 0.000003 0.008147 0.999967 0.000000 0.000000 0.000000 0.000000 1.000000
0.999999 -0.001645 0.000017 0.000000 0.001645 0.999795 -0.020202 3.614000 0.000017 0.020202 0.999796 0.000000 0.000000 0.000000 0.000000 1.000000
0.999996 -0.002655 0.000043 0.000000 0.002655 0.999465 -0.032594 3.614000 0.000044 0.032594 0.999469 0.000000 0.000000 0.000000 0.000000 1.000000
0.999987 -0.005077 0.000158 0.000000 0.005077 0.998043 -0.062327 3.614000 0.000159 0.062327 0.998056 0.000000 0.000000 0.000000 0.000000 1.000000
0.999784 -0.020609 0.002650 -0.000000 0.020609 0.967251 -0.252983 3.614000 0.002650 0.252983 0.967467 0.000000 0.000000 0.000000 0.000000 1.000000
0.999485 -0.031471 0.006326 0.000000 0.031471 0.921827 -0.386322 3.614000 0.006326 0.386322 0.922342 0.000000 0.000000 0.000000 0.000000 1.000000
0.999443 -0.032652 0.006833 -0.000000 0.032652 0.915573 -0.400825 3.614000 0.006832 0.400825 0.916129 0.000000 0.000000 0.000000 0.000000 1.000000
0.999406 -0.033692 0.007296 0.000000 0.033692 0.909841 -0.413587 3.614000 0.007296 0.413587 0.910435 0.000000 0.000000 0.000000 0.000000 1.000000
0.999381 -0.034345 0.007597 0.000000 0.034345 0.906129 -0.421606 3.614000 0.007596 0.421606 0.906747 -0.000000 0.000000 0.000000 0.000000 1.000000
0.999372 -0.034580 0.007707 0.000000 0.034581 0.904769 -0.424496 3.614000 0.007706 0.424496 0.905397 0.000000 0.000000 0.000000 0.000000 1.000000
0.999370 -0.034634 0.007732 -0.000000 0.034634 0.904459 -0.425152 3.614000 0.007731 0.425152 0.905089 0.000000 0.000000 0.000000 0.000000 1.000000
0.999365 -0.034772 0.007797 0.000000 0.034772 0.903654 -0.426848 3.614000 0.007796 0.426848 0.904290 0.000000 0.000000 0.000000 0.000000 1.000000
0.999354 -0.035045 0.007927 0.000000 0.035045 0.902053 -0.430199 3.614000 0.007926 0.430199 0.902699 0.000000 0.000000 0.000000 0.000000 1.000000
0.999344 -0.035309 0.008053 0.000000 0.035309 0.900489 -0.433444 3.614000 0.008053 0.433444 0.901145 0.000000 0.000000 0.000000 0.000000 1.000000
0.999339 -0.035442 0.008117 0.000000 0.035442 0.899700 -0.435067 3.614000 0.008116 0.435067 0.900361 0.000000 0.000000 0.000000 0.000000 1.000000
0.999338 -0.035462 0.008127 -0.000000 0.035462 0.899581 -0.435313 3.614000 0.008126 0.435313 0.900243 0.000000 0.000000 0.000000 0.000000 1.000000
0.999338 -0.035456 0.008124 0.000000 0.035456 0.899613 -0.435246 3.614000 0.008124 0.435246 0.900275 0.000000 0.000000 0.000000 0.000000 1.000000
0.999339 -0.035446 0.008119 0.000000 0.035446 0.899675 -0.435119 3.614000 0.008119 0.435119 0.900336 0.000000 0.000000 0.000000 0.000000 1.000000
0.999342 -0.035367 0.008081 0.000000 0.035367 0.900143 -0.434155 3.614000 0.008081 0.434155 0.900802 0.000000 0.000000 0.000000 0.000000 1.000000
0.999350 -0.035166 0.007984 0.000000 0.035166 0.901340 -0.431682 3.614000 0.007984 0.431682 0.901991 0.000000 0.000000 0.000000 0.000000 1.000000
0.999362 -0.034840 0.007830 -0.000000 0.034840 0.903256 -0.427686 3.614000 0.007829 0.427686 0.903894 0.000000 0.000000 0.000000 0.000000 1.000000</float_array>
        <technique_common>
          <accessor source="#mixamorig_RightHandMiddle2-Matrix-animation-output-transform-array" count="51" stride="16">
            <param type="float4x4"/>
          </accessor>
        </technique_common>
      </source>
      <source id="mixamorig_RightHandMiddle2-Interpolations">
        <Name_array id="mixamorig_RightHandMiddle2-Interpolations-array" count="51">
 LINEAR LINEAR LINEAR LINEAR LINEAR LINEAR LINEAR LINEAR LINEAR LINEAR LINEAR
LINEAR LINEAR LINEAR LINEAR LINEAR LINEAR LINEAR LINEAR LINEAR LINEAR LINEAR LINEAR
LINEAR LINEAR LINEAR LINEAR LINEAR LINEAR LINEAR LINEAR LINEAR LINEAR LINEAR LINEAR
LINEAR LINEAR LINEAR LINEAR LINEAR LINEAR LINEAR LINEAR LINEAR LINEAR LINEAR LINEAR
LINEAR LINEAR LINEAR LINEAR</Name_array>
        <technique_common>
          <accessor source="#mixamorig_RightHandMiddle2-Interpolations-array" count="51">
            <param type="name"/>
          </accessor>
        </technique_common>
      </source>
      <sampler id="mixamorig_RightHandMiddle2-Matrix-animation-transform">
        <input semantic="INPUT" source="#mixamorig_RightHandMiddle2-Matrix-animation-input"/>
        <input semantic="OUTPUT" source="#mixamorig_RightHandMiddle2-Matrix-animation-output-transform"/>
        <input semantic="INTERPOLATION" source="#mixamorig_RightHandMiddle2-Interpolations"/>
      </sampler>
      <channel source="#mixamorig_RightHandMiddle2-Matrix-animation-transform" target="mixamorig_RightHandMiddle2/matrix"/>
    </animation>
    <animation id="mixamorig_RightHandMiddle3-anim" name="mixamorig_RightHandMiddle3">
      <source id="mixamorig_RightHandMiddle3-Matrix-animation-input">
        <float_array id="mixamorig_RightHandMiddle3-Matrix-animation-input-array" count="51">

0.000000 0.033333 0.066667 0.100000 0.133333 0.166667 0.200000 0.233333 0.266667 0.300000 0.333333 0.366667 0.400000 0.433333 0.466667 0.500000
0.533333 0.566667 0.600000 0.633333 0.666667 0.700000 0.733333 0.766667 0.800000 0.833333 0.866667 0.900000 0.933333 0.966667 1.000000 1.033333
1.066667 1.100000 1.133333 1.166667 1.200000 1.233333 1.266667 1.300000 1.333333 1.366667 1.400000 1.433333 1.466667 1.500000 1.533333 1.566667
1.600000 1.633333 1.666667</float_array>
        <technique_common>
          <accessor source="#mixamorig_RightHandMiddle3-Matrix-animation-input-array" count="51">
            <param name="TIME" type="float"/>
          </accessor>
        </technique_common>
      </source>
      <source id="mixamorig_RightHandMiddle3-Matrix-animation-output-transform">
        <float_array id="mixamorig_RightHandMiddle3-Matrix-animation-output-transform-array" count="816">

0.999997 0.002609 0.000042 0.000000 -0.002609 0.999483 0.032033 3.459800 0.000042 -0.032033 0.999487 0.000000 0.000000 0.000000 0.000000 1.000000
0.999997 0.002610 0.000042 0.000000 -0.002610 0.999483 0.032033 3.459800 0.000042 -0.032033 0.999487 0.000000 0.000000 0.000000 0.000000 1.000000
0.999997 0.002609 0.000042 0.000000 -0.002609 0.999483 0.032033 3.459800 0.000042 -0.032033 0.999487 0.000000 0.000000 0.000000 0.000000 1.000000
0.999997 0.002609 0.000042 -0.000000 -0.002609 0.999483 0.032033 3.459800 0.000042 -0.032033 0.999487 -0.000000 0.000000 0.000000 0.000000 1.000000
0.999997 0.002609 0.000042 -0.000000 -0.002609 0.999483 0.032033 3.459800 0.000042 -0.032033 0.999487 0.000000 0.000000 0.000000 0.000000 1.000000
0.999997 0.002609 0.000042 0.000000 -0.002609 0.999483 0.032034 3.459800 0.000042 -0.032034 0.999487 0.000000 0.000000 0.000000 0.000000 1.000000
0.999997 0.002610 0.000042 -0.000000 -0.002610 0.999483 0.032035 3.459800 0.000042 -0.032035 0.999487 -0.000000 0.000000 0.000000 0.000000 1.000000
0.999997 0.002609 0.000042 0.000000 -0.002609 0.999483 0.032033 3.459800 0.000042 -0.032033 0.999487 0.000000 0.000000 0.000000 0.000000 1.000000
0.999997 0.002609 0.000042 -0.000000 -0.002609 0.999484 0.032029 3.459800 0.000042 -0.032029 0.999487 -0.000000 0.000000 0.000000 0.000000 1.000000
0.999997 0.002609 0.000042 0.000000 -0.002609 0.999483 0.032031 3.459800 0.000042 -0.032031 0.999487 0.000000 0.000000 0.000000 0.000000 1.000000
0.999997 0.002610 0.000042 0.000000 -0.002610 0.999483 0.032042 3.459800 0.000042 -0.032042 0.999487 0.000000 0.000000 0.000000 0.000000 1.000000
0.999997 0.002611 0.000042 0.000000 -0.002611 0.999483 0.032046 3.459800 0.000042 -0.032046 0.999486 0.000000 0.000000 0.000000 0.000000 1.000000
0.999997 0.002609 0.000042 -0.000000 -0.002609 0.999484 0.032021 3.459800 0.000042 -0.032021 0.999487 -0.000000 0.000000 0.000000 0.000000 1.000000
0.999997 0.002606 0.000042 0.000000 -0.002606 0.999485 0.031989 3.459800 0.000042 -0.031989 0.999488 0.000000 0.000000 0.000000 0.000000 1.000000
0.999997 0.002609 0.000042 -0.000000 -0.002609 0.999484 0.032030 3.459800 0.000042 -0.032030 0.999487 -0.000000 0.000000 0.000000 0.000000 1.000000
0.999997 0.002619 0.000042 0.000000 -0.002619 0.999480 0.032146 3.459800 0.000042 -0.032146 0.999483 0.000000 0.000000 0.000000 0.000000 1.000000
0.999997 0.002619 0.000042 -0.000000 -0.002619 0.999480 0.032144 3.459800 0.000042 -0.032144 0.999483 0.000000 0.000000 0.000000 0.000000 1.000000
0.999997 0.002595 0.000041 0.000000 -0.002595 0.999489 0.031853 3.459800 0.000041 -0.031853 0.999493 0.000000 0.000000 0.000000 0.000000 1.000000
0.999997 0.002575 0.000041 0.000000 -0.002575 0.999497 0.031605 3.459800 0.000041 -0.031605 0.999500 0.000000 0.000000 0.000000 0.000000 1.000000
0.999997 0.002615 0.000042 -0.000000 -0.002615 0.999481 0.032104 3.459800 0.000042 -0.032104 0.999485 0.000000 0.000000 0.000000 0.000000 1.000000
0.999996 0.002699 0.000045 0.000000 -0.002699 0.999447 0.033133 3.459800 0.000045 -0.033133 0.999451 -0.000000 0.000000 0.000000 0.000000 1.000000
0.999997 0.002634 0.000043 -0.000000 -0.002634 0.999474 0.032327 3.459800 0.000043 -0.032327 0.999477 0.000000 0.000000 0.000000 0.000000 1.000000
0.999998 0.002127 0.000028 0.000000 -0.002127 0.999657 0.026113 3.459800 0.000028 -0.026113 0.999659 -0.000000 0.000000 0.000000 0.000000 1.000000
0.999999 0.001704 0.000018 0.000000 -0.001704 0.999780 0.020918 3.459800 0.000018 -0.020918 0.999781 0.000000 0.000000 0.000000 0.000000 1.000000
0.999979 0.006415 0.000253 0.000000 -0.006415 0.996874 0.078747 3.459800 0.000253 -0.078747 0.996895 -0.000000 0.000000 0.000000 0.000000 1.000000
0.999895 0.014449 0.001292 0.000000 -0.014449 0.984038 0.177370 3.459800 0.001292 -0.177370 0.984143 0.000000 0.000000 0.000000 0.000000 1.000000
0.999792 0.020241 0.002555 0.000000 -0.020241 0.968428 0.248469 3.459800 0.002555 -0.248469 0.968636 0.000000 0.000000 0.000000 0.000000 1.000000
0.999798 0.019969 0.002486 0.000000 -0.019969 0.969284 0.245133 3.459800 0.002486 -0.245133 0.969486 0.000000 0.000000 0.000000 0.000000 1.000000
0.999876 0.015693 0.001526 -0.000000 -0.015693 0.981143 0.192643 3.459800 0.001526 -0.192643 0.981268 -0.000000 0.000000 0.000000 0.000000 1.000000
0.999938 0.011074 0.000756 0.000000 -0.011074 0.990655 0.135939 3.459800 0.000756 -0.135939 0.990717 0.000000 0.000000 0.000000 0.000000 1.000000
0.999966 0.008285 0.000422 0.000000 -0.008285 0.994781 0.101700 3.459800 0.000422 -0.101700 0.994815 0.000000 0.000000 0.000000 0.000000 1.000000
0.999983 0.005800 0.000207 0.000000 -0.005800 0.997445 0.071200 3.459800 0.000207 -0.071200 0.997462 0.000000 0.000000 0.000000 0.000000 1.000000
0.999994 0.003367 0.000070 0.000000 -0.003367 0.999140 0.041330 3.459800 0.000069 -0.041330 0.999146 0.000000 0.000000 0.000000 0.000000 1.000000
1.000000 -0.000178 0.000000 0.000000 0.000178 0.999998 -0.002180 3.459800 -0.000000 0.002180 0.999998 0.000000 0.000000 0.000000 0.000000 1.000000
0.999888 -0.014896 0.001374 -0.000000 0.014896 0.983026 -0.182858 3.459800 0.001374 0.182858 0.983138 -0.000000 0.000000 0.000000 0.000000 1.000000
0.999671 -0.025325 0.004037 0.000000 0.025325 0.950112 -0.310879 3.459800 0.004037 0.310879 0.950441 0.000000 0.000000 0.000000 0.000000 1.000000
0.999628 -0.026883 0.004565 0.000000 0.026883 0.943596 -0.330005 3.459800 0.004564 0.330005 0.943968 0.000000 0.000000 0.000000 0.000000 1.000000
0.999590 -0.028195 0.005036 0.000000 0.028195 0.937771 -0.346107 3.459800 0.005036 0.346107 0.938182 0.000000 0.000000 0.000000 0.000000 1.000000
0.999555 -0.029330 0.005465 0.000000 0.029330 0.932473 -0.360048 3.459800 0.005464 0.360048 0.932918 -0.000000 0.000000 0.000000 0.000000 1.000000
0.999522 -0.030340 0.005862 0.000000 0.030340 0.927558 -0.372444 3.459800 0.005862 0.372444 0.928036 0.000000 0.000000 0.000000 0.000000 1.000000
0.999492 -0.031243 0.006231 0.000000 0.031243 0.923003 -0.383523 3.459800 0.006231 0.383523 0.923510 0.000000 0.000000 0.000000 0.000000 1.000000
0.999465 -0.032049 0.006572 0.000000 0.032049 0.918798 -0.393425 3.459800 0.006571 0.393425 0.919333 0.000000 0.000000 0.000000 0.000000 1.000000
0.999439 -0.032779 0.006889 0.000000 0.032779 0.914885 -0.402382 3.459800 0.006887 0.402382 0.915446 0.000000 0.000000 0.000000 0.000000 1.000000
0.999415 -0.033447 0.007186 -0.000000 0.033447 0.911209 -0.410585 3.459800 0.007185 0.410585 0.911794 0.000000 0.000000 0.000000 0.000000 1.000000
0.999392 -0.034055 0.007463 0.000000 0.034055 0.907785 -0.418052 3.459800 0.007462 0.418052 0.908392 0.000000 0.000000 0.000000 0.000000 1.000000
0.999372 -0.034594 0.007714 0.000000 0.034594 0.904689 -0.424666 3.459800 0.007713 0.424666 0.905317 0.000000 0.000000 0.000000 0.000000 1.000000
0.999354 -0.035053 0.007931 -0.000000 0.035053 0.902007 -0.430297 3.459800 0.007930 0.430297 0.902653 0.000000 0.000000 0.000000 0.000000 1.000000
0.999340 -0.035423 0.008108 0.000000 0.035424 0.899809 -0.434844 3.459800 0.008108 0.434844 0.900469 0.000000 0.000000 0.000000 0.000000 1.000000
0.999329 -0.035700 0.008243 -0.000000 0.035700 0.898149 -0.438239 3.459800 0.008242 0.438239 0.898820 0.000000 0.000000 0.000000 0.000000 1.000000
0.999321 -0.035885 0.008333 -0.000000 0.035885 0.897030 -0.440510 3.459800 0.008332 0.440510 0.897709 -0.000000 0.000000 0.000000 0.000000 1.000000
0.999317 -0.035986 0.008383 0.000000 0.035986 0.896418 -0.441747 3.459800 0.008382 0.441747 0.897100 0.000000 0.000000 0.000000 0.000000 1.000000</float_array>
        <technique_common>
          <accessor source="#mixamorig_RightHandMiddle3-Matrix-animation-output-transform-array" count="51" stride="16">
            <param type="float4x4"/>
          </accessor>
        </technique_common>
      </source>
      <source id="mixamorig_RightHandMiddle3-Interpolations">
        <Name_array id="mixamorig_RightHandMiddle3-Interpolations-array" count="51">
 LINEAR LINEAR LINEAR LINEAR LINEAR LINEAR LINEAR LINEAR LINEAR LINEAR LINEAR
LINEAR LINEAR LINEAR LINEAR LINEAR LINEAR LINEAR LINEAR LINEAR LINEAR LINEAR LINEAR
LINEAR LINEAR LINEAR LINEAR LINEAR LINEAR LINEAR LINEAR LINEAR LINEAR LINEAR LINEAR
LINEAR LINEAR LINEAR LINEAR LINEAR LINEAR LINEAR LINEAR LINEAR LINEAR LINEAR LINEAR
LINEAR LINEAR LINEAR LINEAR</Name_array>
        <technique_common>
          <accessor source="#mixamorig_RightHandMiddle3-Interpolations-array" count="51">
            <param type="name"/>
          </accessor>
        </technique_common>
      </source>
      <sampler id="mixamorig_RightHandMiddle3-Matrix-animation-transform">
        <input semantic="INPUT" source="#mixamorig_RightHandMiddle3-Matrix-animation-input"/>
        <input semantic="OUTPUT" source="#mixamorig_RightHandMiddle3-Matrix-animation-output-transform"/>
        <input semantic="INTERPOLATION" source="#mixamorig_RightHandMiddle3-Interpolations"/>
      </sampler>
      <channel source="#mixamorig_RightHandMiddle3-Matrix-animation-transform" target="mixamorig_RightHandMiddle3/matrix"/>
    </animation>
    <animation id="mixamorig_RightHandRing1-anim" name="mixamorig_RightHandRing1">
      <source id="mixamorig_RightHandRing1-Matrix-animation-input">
        <float_array id="mixamorig_RightHandRing1-Matrix-animation-input-array" count="51">

0.000000 0.033333 0.066667 0.100000 0.133333 0.166667 0.200000 0.233333 0.266667 0.300000 0.333333 0.366667 0.400000 0.433333 0.466667 0.500000
0.533333 0.566667 0.600000 0.633333 0.666667 0.700000 0.733333 0.766667 0.800000 0.833333 0.866667 0.900000 0.933333 0.966667 1.000000 1.033333
1.066667 1.100000 1.133333 1.166667 1.200000 1.233333 1.266667 1.300000 1.333333 1.366667 1.400000 1.433333 1.466667 1.500000 1.533333 1.566667
1.600000 1.633333 1.666667</float_array>
        <technique_common>
          <accessor source="#mixamorig_RightHandRing1-Matrix-animation-input-array" count="51">
            <param name="TIME" type="float"/>
          </accessor>
        </technique_common>
      </source>
      <source id="mixamorig_RightHandRing1-Matrix-animation-output-transform">
        <float_array id="mixamorig_RightHandRing1-Matrix-animation-output-transform-array" count="816">

0.997764 -0.066828 0.000290 -2.216600 0.066810 0.997369 -0.028127 12.147000 0.001590 0.028083 0.999604 -0.010000 0.000000 0.000000 0.000000 1.000000
0.997764 -0.066828 0.000290 -2.216600 0.066810 0.997369 -0.028127 12.147000 0.001590 0.028083 0.999604 -0.010000 0.000000 0.000000 0.000000 1.000000
0.997764 -0.066828 0.000290 -2.216600 0.066810 0.997369 -0.028127 12.147000 0.001590 0.028083 0.999604 -0.010000 0.000000 0.000000 0.000000 1.000000
0.997764 -0.066828 0.000290 -2.216600 0.066810 0.997369 -0.028127 12.147000 0.001590 0.028083 0.999604 -0.010000 0.000000 0.000000 0.000000 1.000000
0.997764 -0.066829 0.000290 -2.216600 0.066810 0.997369 -0.028127 12.147000 0.001590 0.028083 0.999604 -0.010000 0.000000 0.000000 0.000000 1.000000
0.997764 -0.066828 0.000290 -2.216600 0.066810 0.997369 -0.028126 12.147000 0.001590 0.028083 0.999604 -0.010000 0.000000 0.000000 0.000000 1.000000
0.997764 -0.066828 0.000290 -2.216600 0.066810 0.997369 -0.028126 12.147000 0.001590 0.028083 0.999604 -0.010000 0.000000 0.000000 0.000000 1.000000
0.997764 -0.066829 0.000290 -2.216600 0.066810 0.997369 -0.028127 12.147000 0.001590 0.028084 0.999604 -0.010000 0.000000 0.000000 0.000000 1.000000
0.997764 -0.066830 0.000290 -2.216600 0.066811 0.997369 -0.028128 12.147000 0.001590 0.028085 0.999604 -0.010000 0.000000 0.000000 0.000000 1.000000
0.997764 -0.066829 0.000290 -2.216600 0.066811 0.997369 -0.028126 12.147000 0.001590 0.028083 0.999604 -0.010000 0.000000 0.000000 0.000000 1.000000
0.997765 -0.066825 0.000290 -2.216600 0.066807 0.997370 -0.028122 12.147000 0.001590 0.028078 0.999604 -0.010000 0.000000 0.000000 0.000000 1.000000
0.997765 -0.066824 0.000290 -2.216600 0.066805 0.997370 -0.028124 12.147000 0.001590 0.028081 0.999604 -0.010000 0.000000 0.000000 0.000000 1.000000
0.997764 -0.066832 0.000290 -2.216600 0.066814 0.997369 -0.028136 12.147000 0.001591 0.028093 0.999604 -0.010000 0.000000 0.000000 0.000000 1.000000
0.997763 -0.066844 0.000291 -2.216600 0.066826 0.997368 -0.028141 12.147000 0.001591 0.028098 0.999604 -0.010000 0.000000 0.000000 0.000000 1.000000
0.997764 -0.066831 0.000290 -2.216600 0.066813 0.997369 -0.028113 12.147000 0.001590 0.028069 0.999605 -0.010000 0.000000 0.000000 0.000000 1.000000
0.997767 -0.066791 0.000288 -2.216600 0.066773 0.997373 -0.028077 12.147000 0.001588 0.028034 0.999606 -0.010000 0.000000 0.000000 0.000000 1.000000
0.997767 -0.066786 0.000290 -2.216600 0.066768 0.997372 -0.028117 12.147000 0.001589 0.028074 0.999605 -0.010000 0.000000 0.000000 0.000000 1.000000
0.997761 -0.066884 0.000295 -2.216600 0.066865 0.997362 -0.028241 12.147000 0.001595 0.028197 0.999601 -0.010000 0.000000 0.000000 0.000000 1.000000
0.997754 -0.066980 0.000295 -2.216600 0.066961 0.997356 -0.028249 12.147000 0.001598 0.028205 0.999601 -0.010000 0.000000 0.000000 0.000000 1.000000
0.997765 -0.066823 0.000283 -2.216600 0.066805 0.997374 -0.027951 12.147000 0.001586 0.027908 0.999609 -0.010000 0.000000 0.000000 0.000000 1.000000
0.997789 -0.066458 0.000272 -2.216600 0.066440 0.997406 -0.027679 12.147000 0.001568 0.027636 0.999617 -0.010000 0.000000 0.000000 0.000000 1.000000
0.997774 -0.066684 0.000300 -2.216600 0.066666 0.997372 -0.028357 12.147000 0.001592 0.028314 0.999598 -0.010000 0.000000 0.000000 0.000000 1.000000
0.997630 -0.068812 0.000392 -2.216600 0.068792 0.997161 -0.030636 12.147000 0.001717 0.030591 0.999531 -0.010000 0.000000 0.000000 0.000000 1.000000
0.997280 -0.073706 0.000523 -2.216600 0.073681 0.996703 -0.033977 12.147000 0.001983 0.033923 0.999422 -0.010000 0.000000 0.000000 0.000000 1.000000
0.996701 -0.081164 0.000632 -2.216600 0.081132 0.996016 -0.037013 12.147000 0.002374 0.036942 0.999315 -0.010000 0.000000 0.000000 0.000000 1.000000
0.995915 -0.090299 0.000683 -2.216600 0.090257 0.995158 -0.038916 12.147000 0.002834 0.038819 0.999242 -0.010000 0.000000 0.000000 0.000000 1.000000
0.994953 -0.100336 0.000691 -2.216600 0.100283 0.994151 -0.040088 12.147000 0.003335 0.039955 0.999196 -0.010000 0.000000 0.000000 0.000000 1.000000
0.993827 -0.110942 0.000703 -2.216600 0.110875 0.992963 -0.041596 12.147000 0.003917 0.041417 0.999134 -0.010000 0.000000 0.000000 0.000000 1.000000
0.992534 -0.121969 0.000764 -2.216600 0.121882 0.991546 -0.044522 12.147000 0.004673 0.044283 0.999008 -0.010000 0.000000 0.000000 0.000000 1.000000
0.991098 -0.133131 0.000932 -2.216600 0.133011 0.989849 -0.050068 12.147000 0.005743 0.049746 0.998745 -0.010000 0.000000 0.000000 0.000000 1.000000
0.989586 -0.143938 0.001275 -2.216600 0.143758 0.987819 -0.059558 12.147000 0.007314 0.059121 0.998224 -0.010000 0.000000 0.000000 0.000000 1.000000
0.988081 -0.153923 0.001830 -2.216600 0.153640 0.985390 -0.073489 12.147000 0.009508 0.072894 0.997294 -0.010000 0.000000 0.000000 0.000000 1.000000
0.986634 -0.162934 0.002581 -2.216600 0.162489 0.982496 -0.091094 12.147000 0.012306 0.090296 0.995839 -0.010000 0.000000 0.000000 0.000000 1.000000
0.985261 -0.171019 0.003563 -2.216600 0.170326 0.978918 -0.112729 12.147000 0.015791 0.111674 0.993619 -0.010000 0.000000 0.000000 0.000000 1.000000
0.984077 -0.177670 0.005047 -2.216600 0.176557 0.973854 -0.142957 12.147000 0.020485 0.141572 0.989716 -0.010000 0.000000 0.000000 0.000000 1.000000
0.983400 -0.181300 0.007449 -2.216600 0.179459 0.965707 -0.187628 12.147000 0.026824 0.185850 0.982212 -0.010000 0.000000 0.000000 0.000000 1.000000
0.983549 -0.180320 0.010778 -2.216600 0.177470 0.953423 -0.243905 12.147000 0.033705 0.241806 0.969739 -0.010000 0.000000 0.000000 0.000000 1.000000
0.984378 -0.175503 0.014110 -2.216600 0.171785 0.939762 -0.295528 12.147000 0.038606 0.293335 0.955230 -0.010000 0.000000 0.000000 0.000000 1.000000
0.985184 -0.170748 0.016079 -2.216600 0.166680 0.931183 -0.324216 12.147000 0.040386 0.322092 0.945847 -0.010000 0.000000 0.000000 0.000000 1.000000
0.985266 -0.170255 0.016233 -2.216600 0.166171 0.930515 -0.326387 12.147000 0.040464 0.324276 0.945097 -0.010000 0.000000 0.000000 0.000000 1.000000
0.984468 -0.174882 0.015435 -2.216600 0.170770 0.933491 -0.315329 12.147000 0.040737 0.313067 0.948857 -0.010000 0.000000 0.000000 0.000000 1.000000
0.983209 -0.181884 0.014797 -2.216600 0.177590 0.935030 -0.306890 12.147000 0.041983 0.304364 0.951630 -0.010000 0.000000 0.000000 0.000000 1.000000
0.982068 -0.187959 0.014663 -2.216600 0.183375 0.934264 -0.305816 12.147000 0.043782 0.303021 0.951978 -0.010000 0.000000 0.000000 0.000000 1.000000
0.981257 -0.192144 0.014700 -2.216600 0.187312 0.933089 -0.307018 12.147000 0.045276 0.304017 0.951590 -0.010000 0.000000 0.000000 0.000000 1.000000
0.980537 -0.195791 0.014570 -2.216600 0.190805 0.932820 -0.305679 12.147000 0.046258 0.302509 0.952023 -0.010000 0.000000 0.000000 0.000000 1.000000
0.979697 -0.199971 0.014299 -2.216600 0.194867 0.933072 -0.302330 12.147000 0.047116 0.298979 0.953096 -0.010000 0.000000 0.000000 0.000000 1.000000
0.978950 -0.203611 0.014092 -2.216600 0.198396 0.933123 -0.299867 12.147000 0.047907 0.296351 0.953877 -0.010000 0.000000 0.000000 0.000000 1.000000
0.978733 -0.204657 0.014024 -2.216600 0.199415 0.933173 -0.299036 12.147000 0.048113 0.295473 0.954139 -0.010000 0.000000 0.000000 0.000000 1.000000
0.979162 -0.202599 0.013979 -2.216600 0.197492 0.933916 -0.297991 12.147000 0.047318 0.294542 0.954466 -0.010000 0.000000 0.000000 0.000000 1.000000
0.979896 -0.199028 0.013828 -2.216600 0.194181 0.935530 -0.295089 12.147000 0.045795 0.291842 0.955370 -0.010000 0.000000 0.000000 0.000000 1.000000
0.980500 -0.196054 0.013545 -2.216600 0.191483 0.937587 -0.290285 12.147000 0.044212 0.287218 0.956844 -0.010000 0.000000 0.000000 0.000000 1.000000</float_array>
        <technique_common>
          <accessor source="#mixamorig_RightHandRing1-Matrix-animation-output-transform-array" count="51" stride="16">
            <param type="float4x4"/>
          </accessor>
        </technique_common>
      </source>
      <source id="mixamorig_RightHandRing1-Interpolations">
        <Name_array id="mixamorig_RightHandRing1-Interpolations-array" count="51">
 LINEAR LINEAR LINEAR LINEAR LINEAR LINEAR LINEAR LINEAR LINEAR LINEAR LINEAR
LINEAR LINEAR LINEAR LINEAR LINEAR LINEAR LINEAR LINEAR LINEAR LINEAR LINEAR LINEAR
LINEAR LINEAR LINEAR LINEAR LINEAR LINEAR LINEAR LINEAR LINEAR LINEAR LINEAR LINEAR
LINEAR LINEAR LINEAR LINEAR LINEAR LINEAR LINEAR LINEAR LINEAR LINEAR LINEAR LINEAR
LINEAR LINEAR LINEAR LINEAR</Name_array>
        <technique_common>
          <accessor source="#mixamorig_RightHandRing1-Interpolations-array" count="51">
            <param type="name"/>
          </accessor>
        </technique_common>
      </source>
      <sampler id="mixamorig_RightHandRing1-Matrix-animation-transform">
        <input semantic="INPUT" source="#mixamorig_RightHandRing1-Matrix-animation-input"/>
        <input semantic="OUTPUT" source="#mixamorig_RightHandRing1-Matrix-animation-output-transform"/>
        <input semantic="INTERPOLATION" source="#mixamorig_RightHandRing1-Interpolations"/>
      </sampler>
      <channel source="#mixamorig_RightHandRing1-Matrix-animation-transform" target="mixamorig_RightHandRing1/matrix"/>
    </animation>
    <animation id="mixamorig_RightHandRing2-anim" name="mixamorig_RightHandRing2">
      <source id="mixamorig_RightHandRing2-Matrix-animation-input">
        <float_array id="mixamorig_RightHandRing2-Matrix-animation-input-array" count="51">

0.000000 0.033333 0.066667 0.100000 0.133333 0.166667 0.200000 0.233333 0.266667 0.300000 0.333333 0.366667 0.400000 0.433333 0.466667 0.500000
0.533333 0.566667 0.600000 0.633333 0.666667 0.700000 0.733333 0.766667 0.800000 0.833333 0.866667 0.900000 0.933333 0.966667 1.000000 1.033333
1.066667 1.100000 1.133333 1.166667 1.200000 1.233333 1.266667 1.300000 1.333333 1.366667 1.400000 1.433333 1.466667 1.500000 1.533333 1.566667
1.600000 1.633333 1.666667</float_array>
        <technique_common>
          <accessor source="#mixamorig_RightHandRing2-Matrix-animation-input-array" count="51">
            <param name="TIME" type="float"/>
          </accessor>
        </technique_common>
      </source>
      <source id="mixamorig_RightHandRing2-Matrix-animation-output-transform">
        <float_array id="mixamorig_RightHandRing2-Matrix-animation-output-transform-array" count="816">

0.999969 -0.007821 0.000376 0.000000 0.007821 0.995350 -0.096008 3.601200 0.000376 0.096008 0.995380 0.000000 0.000000 0.000000 0.000000 1.000000
0.999969 -0.007821 0.000376 0.000000 0.007821 0.995350 -0.096008 3.601200 0.000376 0.096008 0.995381 0.000000 0.000000 0.000000 0.000000 1.000000
0.999969 -0.007821 0.000376 0.000000 0.007821 0.995350 -0.096008 3.601200 0.000376 0.096008 0.995381 0.000000 0.000000 0.000000 0.000000 1.000000
0.999969 -0.007821 0.000376 0.000000 0.007821 0.995350 -0.096009 3.601200 0.000376 0.096009 0.995380 -0.000000 0.000000 0.000000 0.000000 1.000000
0.999969 -0.007821 0.000376 0.000000 0.007821 0.995350 -0.096009 3.601200 0.000376 0.096009 0.995380 0.000000 0.000000 0.000000 0.000000 1.000000
0.999969 -0.007821 0.000376 0.000000 0.007821 0.995350 -0.096007 3.601200 0.000376 0.096007 0.995381 0.000000 0.000000 0.000000 0.000000 1.000000
0.999969 -0.007821 0.000376 0.000000 0.007821 0.995350 -0.096006 3.601200 0.000376 0.096006 0.995381 -0.000000 0.000000 0.000000 0.000000 1.000000
0.999969 -0.007821 0.000377 0.000000 0.007821 0.995350 -0.096009 3.601200 0.000376 0.096009 0.995380 0.000000 0.000000 0.000000 0.000000 1.000000
0.999969 -0.007822 0.000376 0.000000 0.007822 0.995349 -0.096016 3.601200 0.000376 0.096016 0.995380 0.000000 0.000000 0.000000 0.000000 1.000000
0.999969 -0.007821 0.000376 0.000000 0.007821 0.995349 -0.096012 3.601200 0.000376 0.096012 0.995380 0.000000 0.000000 0.000000 0.000000 1.000000
0.999969 -0.007820 0.000376 -0.000000 0.007820 0.995351 -0.095992 3.601200 0.000376 0.095992 0.995382 0.000000 0.000000 0.000000 0.000000 1.000000
0.999969 -0.007819 0.000376 0.000000 0.007819 0.995352 -0.095984 3.601200 0.000376 0.095984 0.995383 0.000000 0.000000 0.000000 0.000000 1.000000
0.999969 -0.007823 0.000376 0.000000 0.007823 0.995348 -0.096031 3.601200 0.000377 0.096031 0.995378 0.000000 0.000000 0.000000 0.000000 1.000000
0.999969 -0.007828 0.000377 -0.000000 0.007828 0.995342 -0.096089 3.601200 0.000377 0.096089 0.995373 -0.000000 0.000000 0.000000 0.000000 1.000000
0.999969 -0.007822 0.000376 0.000000 0.007822 0.995349 -0.096016 3.601200 0.000376 0.096016 0.995380 0.000000 0.000000 0.000000 0.000000 1.000000
0.999969 -0.007805 0.000375 -0.000000 0.007805 0.995370 -0.095804 3.601200 0.000375 0.095804 0.995400 -0.000000 0.000000 0.000000 0.000000 1.000000
0.999969 -0.007804 0.000375 0.000000 0.007804 0.995370 -0.095804 3.601200 0.000375 0.095804 0.995400 0.000000 0.000000 0.000000 0.000000 1.000000
0.999969 -0.007847 0.000379 -0.000000 0.007847 0.995319 -0.096330 3.601200 0.000379 0.096330 0.995349 0.000000 0.000000 0.000000 0.000000 1.000000
0.999969 -0.007885 0.000383 -0.000000 0.007885 0.995274 -0.096788 3.601200 0.000382 0.096788 0.995305 0.000000 0.000000 0.000000 0.000000 1.000000
0.999969 -0.007812 0.000375 -0.000000 0.007812 0.995361 -0.095894 3.601200 0.000375 0.095894 0.995391 0.000000 0.000000 0.000000 0.000000 1.000000
0.999971 -0.007659 0.000361 0.000000 0.007659 0.995541 -0.094020 3.601200 0.000361 0.094020 0.995570 0.000000 0.000000 0.000000 0.000000 1.000000
0.999970 -0.007775 0.000372 0.000000 0.007775 0.995405 -0.095442 3.601200 0.000372 0.095442 0.995435 0.000000 0.000000 0.000000 0.000000 1.000000
0.999962 -0.008692 0.000465 0.000000 0.008692 0.994253 -0.106701 3.601200 0.000465 0.106701 0.994291 0.000000 0.000000 0.000000 0.000000 1.000000
0.999944 -0.010549 0.000686 0.000000 0.010549 0.991524 -0.129492 3.601200 0.000686 0.129492 0.991580 0.000000 0.000000 0.000000 0.000000 1.000000
0.999929 -0.011870 0.000870 -0.000000 0.011870 0.989256 -0.145710 3.601200 0.000869 0.145710 0.989327 -0.000000 0.000000 0.000000 0.000000 1.000000
0.999923 -0.012358 0.000943 -0.000000 0.012358 0.988349 -0.151699 3.601200 0.000943 0.151699 0.988426 0.000000 0.000000 0.000000 0.000000 1.000000
0.999919 -0.012663 0.000990 -0.000000 0.012663 0.987763 -0.155447 3.601200 0.000990 0.155447 0.987844 0.000000 0.000000 0.000000 0.000000 1.000000
0.999921 -0.012497 0.000964 0.000000 0.012497 0.988085 -0.153403 3.601200 0.000964 0.153403 0.988163 0.000000 0.000000 0.000000 0.000000 1.000000
0.999934 -0.011496 0.000816 0.000000 0.011496 0.989925 -0.141122 3.601200 0.000815 0.141122 0.989992 0.000000 0.000000 0.000000 0.000000 1.000000
0.999921 -0.012504 0.000966 0.000000 0.012504 0.988071 -0.153490 3.601200 0.000965 0.153490 0.988150 0.000000 0.000000 0.000000 0.000000 1.000000
0.999860 -0.016644 0.001719 0.000000 0.016644 0.978764 -0.204315 3.601200 0.001718 0.204315 0.978904 0.000000 0.000000 0.000000 0.000000 1.000000
0.999775 -0.021037 0.002764 -0.000000 0.021037 0.965850 -0.258247 3.601200 0.002764 0.258247 0.966075 0.000000 0.000000 0.000000 0.000000 1.000000
0.999675 -0.025187 0.003992 -0.000000 0.025187 0.950670 -0.309180 3.601200 0.003992 0.309180 0.950995 0.000000 0.000000 0.000000 0.000000 1.000000
0.999528 -0.030180 0.005799 0.000000 0.030180 0.928350 -0.370479 3.601200 0.005798 0.370479 0.928823 0.000000 0.000000 0.000000 0.000000 1.000000
0.998914 -0.044651 0.013336 0.000000 0.044651 0.835211 -0.548114 3.601200 0.013335 0.548114 0.836297 0.000000 0.000000 0.000000 0.000000 1.000000
0.998313 -0.054242 0.020709 0.000000 0.054243 0.744104 -0.665858 3.601200 0.020708 0.665858 0.745791 0.000000 0.000000 0.000000 0.000000 1.000000
0.998180 -0.056009 0.022337 -0.000000 0.056009 0.723980 -0.687544 3.601200 0.022337 0.687544 0.725799 -0.000000 0.000000 0.000000 0.000000 1.000000
0.998123 -0.056743 0.023044 0.000000 0.056743 0.715253 -0.696558 3.601200 0.023043 0.696558 0.717130 0.000000 0.000000 0.000000 0.000000 1.000000
0.998135 -0.056583 0.022888 0.000000 0.056584 0.717170 -0.694598 3.601200 0.022888 0.694598 0.719034 0.000000 0.000000 0.000000 0.000000 1.000000
0.998174 -0.056087 0.022412 0.000000 0.056087 0.723059 -0.688506 3.601200 0.022411 0.688506 0.724884 0.000000 0.000000 0.000000 0.000000 1.000000
0.998190 -0.055884 0.022219 0.000000 0.055884 0.725442 -0.686011 3.601200 0.022218 0.686011 0.727252 0.000000 0.000000 0.000000 0.000000 1.000000
0.998167 -0.056184 0.022504 0.000000 0.056184 0.721923 -0.689688 3.601200 0.022503 0.689688 0.723757 0.000000 0.000000 0.000000 0.000000 1.000000
0.998127 -0.056694 0.022996 0.000000 0.056694 0.715847 -0.695952 3.601200 0.022995 0.695952 0.717720 0.000000 0.000000 0.000000 0.000000 1.000000
0.998097 -0.057068 0.023361 0.000000 0.057068 0.711324 -0.700543 3.601200 0.023361 0.700543 0.713227 0.000000 0.000000 0.000000 0.000000 1.000000
0.998078 -0.057303 0.023594 -0.000000 0.057303 0.708453 -0.703428 3.601200 0.023593 0.703428 0.710375 0.000000 0.000000 0.000000 0.000000 1.000000
0.998052 -0.057621 0.023912 0.000000 0.057621 0.704525 -0.707337 3.601200 0.023911 0.707337 0.706472 0.000000 0.000000 0.000000 0.000000 1.000000
0.998015 -0.058068 0.024364 0.000000 0.058068 0.698940 -0.712819 3.601200 0.024363 0.712819 0.700925 0.000000 0.000000 0.000000 0.000000 1.000000
0.997988 -0.058400 0.024704 0.000000 0.058400 0.694733 -0.716893 3.601200 0.024703 0.716893 0.696745 0.000000 0.000000 0.000000 0.000000 1.000000
0.997988 -0.058389 0.024693 0.000000 0.058389 0.694872 -0.716759 3.601200 0.024692 0.716759 0.696884 0.000000 0.000000 0.000000 0.000000 1.000000
0.998014 -0.058084 0.024381 0.000000 0.058084 0.698735 -0.713019 3.601200 0.024379 0.713019 0.700721 0.000000 0.000000 0.000000 0.000000 1.000000
0.998044 -0.057725 0.024017 0.000000 0.057726 0.703229 -0.708616 3.601200 0.024016 0.708617 0.705185 0.000000 0.000000 0.000000 0.000000 1.000000</float_array>
        <technique_common>
          <accessor source="#mixamorig_RightHandRing2-Matrix-animation-output-transform-array" count="51" stride="16">
            <param type="float4x4"/>
          </accessor>
        </technique_common>
      </source>
      <source id="mixamorig_RightHandRing2-Interpolations">
        <Name_array id="mixamorig_RightHandRing2-Interpolations-array" count="51">
 LINEAR LINEAR LINEAR LINEAR LINEAR LINEAR LINEAR LINEAR LINEAR LINEAR LINEAR
LINEAR LINEAR LINEAR LINEAR LINEAR LINEAR LINEAR LINEAR LINEAR LINEAR LINEAR LINEAR
LINEAR LINEAR LINEAR LINEAR LINEAR LINEAR LINEAR LINEAR LINEAR LINEAR LINEAR LINEAR
LINEAR LINEAR LINEAR LINEAR LINEAR LINEAR LINEAR LINEAR LINEAR LINEAR LINEAR LINEAR
LINEAR LINEAR LINEAR LINEAR</Name_array>
        <technique_common>
          <accessor source="#mixamorig_RightHandRing2-Interpolations-array" count="51">
            <param type="name"/>
          </accessor>
        </technique_common>
      </source>
      <sampler id="mixamorig_RightHandRing2-Matrix-animation-transform">
        <input semantic="INPUT" source="#mixamorig_RightHandRing2-Matrix-animation-input"/>
        <input semantic="OUTPUT" source="#mixamorig_RightHandRing2-Matrix-animation-output-transform"/>
        <input semantic="INTERPOLATION" source="#mixamorig_RightHandRing2-Interpolations"/>
      </sampler>
      <channel source="#mixamorig_RightHandRing2-Matrix-animation-transform" target="mixamorig_RightHandRing2/matrix"/>
    </animation>
    <animation id="mixamorig_RightHandRing3-anim" name="mixamorig_RightHandRing3">
      <source id="mixamorig_RightHandRing3-Matrix-animation-input">
        <float_array id="mixamorig_RightHandRing3-Matrix-animation-input-array" count="51">

0.000000 0.033333 0.066667 0.100000 0.133333 0.166667 0.200000 0.233333 0.266667 0.300000 0.333333 0.366667 0.400000 0.433333 0.466667 0.500000
0.533333 0.566667 0.600000 0.633333 0.666667 0.700000 0.733333 0.766667 0.800000 0.833333 0.866667 0.900000 0.933333 0.966667 1.000000 1.033333
1.066667 1.100000 1.133333 1.166667 1.200000 1.233333 1.266667 1.300000 1.333333 1.366667 1.400000 1.433333 1.466667 1.500000 1.533333 1.566667
1.600000 1.633333 1.666667</float_array>
        <technique_common>
          <accessor source="#mixamorig_RightHandRing3-Matrix-animation-input-array" count="51">
            <param name="TIME" type="float"/>
          </accessor>
        </technique_common>
      </source>
      <source id="mixamorig_RightHandRing3-Matrix-animation-output-transform">
        <float_array id="mixamorig_RightHandRing3-Matrix-animation-output-transform-array" count="816">

0.999998 -0.001835 0.000021 -0.000000 0.001835 0.999745 -0.022518 3.307300 0.000021 0.022518 0.999746 0.000000 0.000000 0.000000 0.000000 1.000000
0.999998 -0.001834 0.000021 0.000000 0.001834 0.999745 -0.022518 3.307300 0.000021 0.022518 0.999746 0.000000 0.000000 0.000000 0.000000 1.000000
0.999998 -0.001834 0.000021 -0.000000 0.001834 0.999745 -0.022518 3.307300 0.000021 0.022518 0.999746 0.000000 0.000000 0.000000 0.000000 1.000000
0.999998 -0.001834 0.000021 0.000000 0.001834 0.999745 -0.022518 3.307300 0.000021 0.022518 0.999746 0.000000 0.000000 0.000000 0.000000 1.000000
0.999998 -0.001834 0.000021 0.000000 0.001834 0.999745 -0.022518 3.307300 0.000021 0.022518 0.999746 0.000000 0.000000 0.000000 0.000000 1.000000
0.999998 -0.001834 0.000021 0.000000 0.001834 0.999745 -0.022517 3.307300 0.000021 0.022517 0.999746 0.000000 0.000000 0.000000 0.000000 1.000000
0.999998 -0.001834 0.000021 0.000000 0.001834 0.999745 -0.022517 3.307300 0.000021 0.022517 0.999746 -0.000000 0.000000 0.000000 0.000000 1.000000
0.999998 -0.001835 0.000021 0.000000 0.001835 0.999745 -0.022518 3.307300 0.000021 0.022518 0.999746 0.000000 0.000000 0.000000 0.000000 1.000000
0.999998 -0.001835 0.000021 -0.000000 0.001835 0.999745 -0.022521 3.307300 0.000021 0.022521 0.999746 0.000000 0.000000 0.000000 0.000000 1.000000
0.999998 -0.001834 0.000021 0.000000 0.001834 0.999745 -0.022520 3.307300 0.000021 0.022520 0.999746 0.000000 0.000000 0.000000 0.000000 1.000000
0.999998 -0.001834 0.000021 0.000000 0.001834 0.999745 -0.022510 3.307300 0.000021 0.022510 0.999747 -0.000000 0.000000 0.000000 0.000000 1.000000
0.999998 -0.001833 0.000021 0.000000 0.001833 0.999745 -0.022506 3.307300 0.000021 0.022506 0.999747 0.000000 0.000000 0.000000 0.000000 1.000000
0.999998 -0.001835 0.000021 0.000000 0.001835 0.999745 -0.022529 3.307300 0.000021 0.022529 0.999746 -0.000000 0.000000 0.000000 0.000000 1.000000
0.999998 -0.001838 0.000021 -0.000000 0.001838 0.999744 -0.022557 3.307300 0.000021 0.022557 0.999746 0.000000 0.000000 0.000000 0.000000 1.000000
0.999998 -0.001835 0.000021 0.000000 0.001835 0.999745 -0.022522 3.307300 0.000021 0.022522 0.999746 0.000000 0.000000 0.000000 0.000000 1.000000
0.999998 -0.001826 0.000021 0.000000 0.001826 0.999747 -0.022419 3.307300 0.000020 0.022419 0.999749 0.000000 0.000000 0.000000 0.000000 1.000000
0.999998 -0.001826 0.000021 0.000000 0.001826 0.999747 -0.022419 3.307300 0.000020 0.022419 0.999749 0.000000 0.000000 0.000000 0.000000 1.000000
0.999998 -0.001847 0.000021 -0.000000 0.001847 0.999741 -0.022674 3.307300 0.000021 0.022674 0.999743 -0.000000 0.000000 0.000000 0.000000 1.000000
0.999998 -0.001865 0.000021 -0.000000 0.001865 0.999736 -0.022896 3.307300 0.000021 0.022896 0.999738 -0.000000 0.000000 0.000000 0.000000 1.000000
0.999998 -0.001830 0.000021 0.000000 0.001830 0.999746 -0.022462 3.307300 0.000021 0.022462 0.999748 -0.000000 0.000000 0.000000 0.000000 1.000000
0.999998 -0.001756 0.000019 0.000000 0.001756 0.999766 -0.021555 3.307300 0.000019 0.021555 0.999768 0.000000 0.000000 0.000000 0.000000 1.000000
0.999998 -0.001812 0.000020 0.000000 0.001812 0.999751 -0.022245 3.307300 0.000020 0.022245 0.999753 0.000000 0.000000 0.000000 0.000000 1.000000
0.999997 -0.002256 0.000031 0.000000 0.002256 0.999614 -0.027698 3.307300 0.000031 0.027698 0.999616 0.000000 0.000000 0.000000 0.000000 1.000000
0.999996 -0.002668 0.000044 0.000000 0.002668 0.999460 -0.032750 3.307300 0.000044 0.032750 0.999464 0.000000 0.000000 0.000000 0.000000 1.000000
0.999999 0.001221 0.000009 0.000000 -0.001221 0.999887 0.014990 3.307300 0.000009 -0.014990 0.999888 0.000000 0.000000 0.000000 0.000000 1.000000
0.999966 0.008264 0.000420 -0.000000 -0.008264 0.994807 0.101445 3.307300 0.000420 -0.101445 0.994841 0.000000 0.000000 0.000000 0.000000 1.000000
0.999898 0.014195 0.001246 0.000000 -0.014195 0.984598 0.174258 3.307300 0.001247 -0.174258 0.984699 0.000000 0.000000 0.000000 0.000000 1.000000
0.999860 0.016648 0.001719 0.000000 -0.016648 0.978753 0.204365 3.307300 0.001720 -0.204365 0.978893 -0.000000 0.000000 0.000000 0.000000 1.000000
0.999849 0.017264 0.001850 0.000000 -0.017264 0.977135 0.211918 3.307300 0.001851 -0.211918 0.977286 0.000000 0.000000 0.000000 0.000000 1.000000
0.999865 0.016321 0.001652 0.000000 -0.016321 0.979588 0.200353 3.307300 0.001652 -0.200353 0.979722 0.000000 0.000000 0.000000 0.000000 1.000000
0.999898 0.014261 0.001258 0.000000 -0.014261 0.984453 0.175067 3.307300 0.001258 -0.175067 0.984556 0.000000 0.000000 0.000000 0.000000 1.000000
0.999926 0.012104 0.000904 0.000000 -0.012104 0.988826 0.148583 3.307300 0.000904 -0.148583 0.988900 0.000000 0.000000 0.000000 0.000000 1.000000
0.999950 0.010001 0.000616 0.000000 -0.010001 0.992385 0.122767 3.307300 0.000616 -0.122767 0.992435 0.000000 0.000000 0.000000 0.000000 1.000000
0.999980 0.006360 0.000248 0.000000 -0.006360 0.996927 0.078075 3.307300 0.000249 -0.078075 0.996947 0.000000 0.000000 0.000000 0.000000 1.000000
0.999918 -0.012772 0.001008 -0.000000 0.012772 0.987550 -0.156785 3.307300 0.001007 0.156785 0.987632 -0.000000 0.000000 0.000000 0.000000 1.000000
0.999650 -0.026104 0.004297 0.000000 0.026104 0.946908 -0.320444 3.307300 0.004296 0.320444 0.947258 -0.000000 0.000000 0.000000 0.000000 1.000000
0.999613 -0.027406 0.004750 -0.000000 0.027406 0.941311 -0.336427 3.307300 0.004749 0.336427 0.941698 -0.000000 0.000000 0.000000 0.000000 1.000000
0.999579 -0.028564 0.005173 -0.000000 0.028564 0.936075 -0.350640 3.307300 0.005173 0.350640 0.936496 0.000000 0.000000 0.000000 0.000000 1.000000
0.999547 -0.029564 0.005556 0.000000 0.029564 0.931353 -0.362915 3.307300 0.005555 0.362915 0.931806 -0.000000 0.000000 0.000000 0.000000 1.000000
0.999522 -0.030353 0.005868 -0.000000 0.030353 0.927496 -0.372599 3.307300 0.005867 0.372599 0.927974 0.000000 0.000000 0.000000 0.000000 1.000000
0.999503 -0.030934 0.006104 -0.000000 0.030934 0.924577 -0.379736 3.307300 0.006103 0.379736 0.925075 0.000000 0.000000 0.000000 0.000000 1.000000
0.999487 -0.031399 0.006296 0.000000 0.031399 0.922198 -0.385441 3.307300 0.006296 0.385441 0.922711 -0.000000 0.000000 0.000000 0.000000 1.000000
0.999472 -0.031846 0.006485 0.000000 0.031846 0.919870 -0.390928 3.307300 0.006484 0.390928 0.920398 0.000000 0.000000 0.000000 0.000000 1.000000
0.999456 -0.032297 0.006678 0.000000 0.032297 0.917483 -0.396462 3.307300 0.006678 0.396462 0.918027 0.000000 0.000000 0.000000 0.000000 1.000000
0.999442 -0.032701 0.006854 0.000000 0.032701 0.915309 -0.401422 3.307300 0.006853 0.401422 0.915867 0.000000 0.000000 0.000000 0.000000 1.000000
0.999430 -0.033020 0.006995 0.000000 0.033020 0.913570 -0.405338 3.307300 0.006994 0.405338 0.914140 0.000000 0.000000 0.000000 0.000000 1.000000
0.999421 -0.033282 0.007112 -0.000000 0.033282 0.912124 -0.408561 3.307300 0.007111 0.408561 0.912703 0.000000 0.000000 0.000000 0.000000 1.000000
0.999411 -0.033537 0.007227 0.000000 0.033538 0.910705 -0.411695 3.307300 0.007226 0.411695 0.911293 0.000000 0.000000 0.000000 0.000000 1.000000
0.999403 -0.033772 0.007333 -0.000000 0.033772 0.909390 -0.414571 3.307300 0.007332 0.414571 0.909987 0.000000 0.000000 0.000000 0.000000 1.000000
0.999397 -0.033912 0.007397 0.000000 0.033913 0.908597 -0.416294 3.307300 0.007397 0.416294 0.909200 -0.000000 0.000000 0.000000 0.000000 1.000000
0.999398 -0.033887 0.007385 -0.000000 0.033887 0.908741 -0.415982 3.307300 0.007385 0.415982 0.909343 0.000000 0.000000 0.000000 0.000000 1.000000</float_array>
        <technique_common>
          <accessor source="#mixamorig_RightHandRing3-Matrix-animation-output-transform-array" count="51" stride="16">
            <param type="float4x4"/>
          </accessor>
        </technique_common>
      </source>
      <source id="mixamorig_RightHandRing3-Interpolations">
        <Name_array id="mixamorig_RightHandRing3-Interpolations-array" count="51">
 LINEAR LINEAR LINEAR LINEAR LINEAR LINEAR LINEAR LINEAR LINEAR LINEAR LINEAR
LINEAR LINEAR LINEAR LINEAR LINEAR LINEAR LINEAR LINEAR LINEAR LINEAR LINEAR LINEAR
LINEAR LINEAR LINEAR LINEAR LINEAR LINEAR LINEAR LINEAR LINEAR LINEAR LINEAR LINEAR
LINEAR LINEAR LINEAR LINEAR LINEAR LINEAR LINEAR LINEAR LINEAR LINEAR LINEAR LINEAR
LINEAR LINEAR LINEAR LINEAR</Name_array>
        <technique_common>
          <accessor source="#mixamorig_RightHandRing3-Interpolations-array" count="51">
            <param type="name"/>
          </accessor>
        </technique_common>
      </source>
      <sampler id="mixamorig_RightHandRing3-Matrix-animation-transform">
        <input semantic="INPUT" source="#mixamorig_RightHandRing3-Matrix-animation-input"/>
        <input semantic="OUTPUT" source="#mixamorig_RightHandRing3-Matrix-animation-output-transform"/>
        <input semantic="INTERPOLATION" source="#mixamorig_RightHandRing3-Interpolations"/>
      </sampler>
      <channel source="#mixamorig_RightHandRing3-Matrix-animation-transform" target="mixamorig_RightHandRing3/matrix"/>
    </animation>
    <animation id="mixamorig_RightHandPinky1-anim" name="mixamorig_RightHandPinky1">
      <source id="mixamorig_RightHandPinky1-Matrix-animation-input">
        <float_array id="mixamorig_RightHandPinky1-Matrix-animation-input-array" count="51">

0.000000 0.033333 0.066667 0.100000 0.133333 0.166667 0.200000 0.233333 0.266667 0.300000 0.333333 0.366667 0.400000 0.433333 0.466667 0.500000
0.533333 0.566667 0.600000 0.633333 0.666667 0.700000 0.733333 0.766667 0.800000 0.833333 0.866667 0.900000 0.933333 0.966667 1.000000 1.033333
1.066667 1.100000 1.133333 1.166667 1.200000 1.233333 1.266667 1.300000 1.333333 1.366667 1.400000 1.433333 1.466667 1.500000 1.533333 1.566667
1.600000 1.633333 1.666667</float_array>
        <technique_common>
          <accessor source="#mixamorig_RightHandPinky1-Matrix-animation-input-array" count="51">
            <param name="TIME" type="float"/>
          </accessor>
        </technique_common>
      </source>
      <source id="mixamorig_RightHandPinky1-Matrix-animation-output-transform">
        <float_array id="mixamorig_RightHandPinky1-Matrix-animation-output-transform-array" count="816">

0.993357 -0.114973 0.004826 -4.725800 0.114903 0.993294 0.012855 10.908200 -0.006272 -0.012215 0.999906 0.226100 0.000000 0.000000 0.000000 1.000000
0.993357 -0.114972 0.004826 -4.725800 0.114903 0.993294 0.012856 10.908200 -0.006272 -0.012216 0.999906 0.226100 0.000000 0.000000 0.000000 1.000000
0.993357 -0.114973 0.004826 -4.725800 0.114903 0.993294 0.012855 10.908200 -0.006272 -0.012215 0.999906 0.226100 0.000000 0.000000 0.000000 1.000000
0.993357 -0.114973 0.004826 -4.725800 0.114903 0.993294 0.012855 10.908200 -0.006272 -0.012215 0.999906 0.226100 0.000000 0.000000 0.000000 1.000000
0.993357 -0.114973 0.004827 -4.725800 0.114903 0.993294 0.012855 10.908200 -0.006272 -0.012215 0.999906 0.226100 0.000000 0.000000 0.000000 1.000000
0.993357 -0.114972 0.004826 -4.725800 0.114902 0.993294 0.012856 10.908200 -0.006272 -0.012216 0.999906 0.226100 0.000000 0.000000 0.000000 1.000000
0.993357 -0.114972 0.004826 -4.725800 0.114902 0.993294 0.012856 10.908200 -0.006272 -0.012216 0.999906 0.226100 0.000000 0.000000 0.000000 1.000000
0.993357 -0.114972 0.004827 -4.725800 0.114903 0.993294 0.012855 10.908200 -0.006272 -0.012215 0.999906 0.226100 0.000000 0.000000 0.000000 1.000000
0.993357 -0.114975 0.004827 -4.725800 0.114905 0.993293 0.012853 10.908200 -0.006273 -0.012213 0.999906 0.226100 0.000000 0.000000 0.000000 1.000000
0.993357 -0.114974 0.004827 -4.725800 0.114904 0.993293 0.012856 10.908200 -0.006273 -0.012216 0.999906 0.226100 0.000000 0.000000 0.000000 1.000000
0.993358 -0.114968 0.004824 -4.725800 0.114898 0.993294 0.012863 10.908200 -0.006271 -0.012223 0.999906 0.226100 0.000000 0.000000 0.000000 1.000000
0.993358 -0.114964 0.004823 -4.725800 0.114894 0.993294 0.012860 10.908200 -0.006269 -0.012220 0.999906 0.226100 0.000000 0.000000 0.000000 1.000000
0.993356 -0.114978 0.004830 -4.725800 0.114909 0.993293 0.012840 10.908200 -0.006274 -0.012199 0.999906 0.226100 0.000000 0.000000 0.000000 1.000000
0.993354 -0.115000 0.004838 -4.725800 0.114930 0.993291 0.012831 10.908200 -0.006281 -0.012190 0.999906 0.226100 0.000000 0.000000 0.000000 1.000000
0.993356 -0.114980 0.004827 -4.725800 0.114910 0.993292 0.012877 10.908200 -0.006275 -0.012237 0.999905 0.226100 0.000000 0.000000 0.000000 1.000000
0.993365 -0.114907 0.004797 -4.725800 0.114837 0.993300 0.012937 10.908200 -0.006251 -0.012300 0.999905 0.226100 0.000000 0.000000 0.000000 1.000000
0.993366 -0.114895 0.004799 -4.725800 0.114826 0.993302 0.012872 10.908200 -0.006246 -0.012235 0.999906 0.226100 0.000000 0.000000 0.000000 1.000000
0.993346 -0.115065 0.004875 -4.725800 0.114995 0.993285 0.012668 10.908200 -0.006300 -0.012023 0.999908 0.226100 0.000000 0.000000 0.000000 1.000000
0.993325 -0.115242 0.004936 -4.725800 0.115172 0.993265 0.012652 10.908200 -0.006361 -0.011999 0.999908 0.226100 0.000000 0.000000 0.000000 1.000000
0.993356 -0.114980 0.004801 -4.725800 0.114909 0.993289 0.013141 10.908200 -0.006279 -0.012502 0.999902 0.226100 0.000000 0.000000 0.000000 1.000000
0.993433 -0.114325 0.004540 -4.725800 0.114255 0.993358 0.013595 10.908200 -0.006064 -0.012987 0.999897 0.226100 0.000000 0.000000 0.000000 1.000000
0.993391 -0.114682 0.004767 -4.725800 0.114615 0.993331 0.012489 10.908200 -0.006167 -0.011860 0.999911 0.226100 0.000000 0.000000 0.000000 1.000000
0.992943 -0.118420 0.006373 -4.725800 0.118362 0.992932 0.008742 10.908200 -0.007364 -0.007926 0.999941 0.226100 0.000000 0.000000 0.000000 1.000000
0.991830 -0.127188 0.009813 -4.725800 0.127162 0.991877 0.003295 10.908200 -0.010153 -0.002020 0.999946 0.226100 0.000000 0.000000 0.000000 1.000000
0.989940 -0.140717 0.014758 -4.725800 0.140754 0.990043 -0.001480 10.908200 -0.014403 0.003542 0.999890 0.226100 0.000000 0.000000 0.000000 1.000000
0.987318 -0.157420 0.020527 -4.725800 0.157536 0.987504 -0.004163 10.908200 -0.019615 0.007344 0.999781 0.226100 0.000000 0.000000 0.000000 1.000000
0.984057 -0.175837 0.026693 -4.725800 0.176042 0.984367 -0.005525 10.908200 -0.025304 0.010136 0.999628 0.226100 0.000000 0.000000 0.000000 1.000000
0.980190 -0.195260 0.033186 -4.725800 0.195602 0.980656 -0.007355 10.908200 -0.031108 0.013700 0.999422 0.226100 0.000000 0.000000 0.000000 1.000000
0.975735 -0.215269 0.040009 -4.725800 0.215860 0.976362 -0.011020 10.908200 -0.036691 0.019389 0.999139 0.226100 0.000000 0.000000 0.000000 1.000000
0.970822 -0.235129 0.047098 -4.725800 0.236176 0.971544 -0.017969 10.908200 -0.041532 0.028568 0.998729 0.226100 0.000000 0.000000 0.000000 1.000000
0.965713 -0.253844 0.054416 -4.725800 0.255729 0.966253 -0.030949 10.908200 -0.044723 0.043803 0.998039 0.226100 0.000000 0.000000 0.000000 1.000000
0.960648 -0.270762 0.061998 -4.725800 0.274051 0.960276 -0.052591 10.908200 -0.045295 0.067512 0.996690 0.226100 0.000000 0.000000 0.000000 1.000000
0.955741 -0.285823 0.069747 -4.725800 0.291037 0.953205 -0.081839 10.908200 -0.043092 0.098516 0.994202 0.226100 0.000000 0.000000 0.000000 1.000000
0.951230 -0.298620 0.077378 -4.725800 0.306039 0.945033 -0.115120 10.908200 -0.038748 0.133186 0.990333 0.226100 0.000000 0.000000 0.000000 1.000000
0.947878 -0.307092 0.084986 -4.725800 0.317066 0.935475 -0.156063 10.908200 -0.031576 0.174875 0.984084 0.226100 0.000000 0.000000 0.000000 1.000000
0.946669 -0.308272 0.093738 -4.725800 0.321704 0.920572 -0.221481 10.908200 -0.018016 0.239825 0.970649 0.226100 0.000000 0.000000 0.000000 1.000000
0.947598 -0.301648 0.105196 -4.725800 0.319435 0.890138 -0.324985 10.908200 0.004392 0.341559 0.939850 0.226100 0.000000 0.000000 0.000000 1.000000
0.949090 -0.291717 0.118867 -4.725800 0.313466 0.837376 -0.447819 10.908200 0.031100 0.462281 0.886188 0.226100 0.000000 0.000000 0.000000 1.000000
0.949233 -0.286218 0.130523 -4.725800 0.310071 0.781339 -0.541632 10.908200 0.053042 0.554606 0.830421 0.226100 0.000000 0.000000 0.000000 1.000000
0.947350 -0.290253 0.135211 -4.725800 0.313883 0.758334 -0.571321 10.908200 0.063293 0.583681 0.809513 0.226100 0.000000 0.000000 0.000000 1.000000
0.944128 -0.301758 0.132532 -4.725800 0.324006 0.776174 -0.540901 10.908200 0.060353 0.553621 0.830579 0.226100 0.000000 0.000000 0.000000 1.000000
0.940406 -0.315481 0.126915 -4.725800 0.336250 0.807041 -0.485408 10.908200 0.050712 0.499156 0.865027 0.226100 0.000000 0.000000 0.000000 1.000000
0.936048 -0.329786 0.122697 -4.725800 0.348939 0.825064 -0.444423 10.908200 0.045332 0.458815 0.887375 0.226100 0.000000 0.000000 0.000000 1.000000
0.930488 -0.345798 0.120897 -4.725800 0.362925 0.825367 -0.432497 10.908200 0.049772 0.446310 0.893493 0.226100 0.000000 0.000000 0.000000 1.000000
0.924265 -0.362292 0.120330 -4.725800 0.376964 0.816380 -0.437518 10.908200 0.060275 0.449743 0.891122 0.226100 0.000000 0.000000 0.000000 1.000000
0.919210 -0.375072 0.119893 -4.725800 0.387682 0.808703 -0.442383 10.908200 0.068968 0.453123 0.888776 0.226100 0.000000 0.000000 0.000000 1.000000
0.916716 -0.381285 0.119389 -4.725800 0.393125 0.807454 -0.439852 10.908200 0.071308 0.450155 0.890099 0.226100 0.000000 0.000000 0.000000 1.000000
0.916365 -0.382300 0.118834 -4.725800 0.394508 0.811815 -0.430488 10.908200 0.068104 0.441365 0.894740 0.226100 0.000000 0.000000 0.000000 1.000000
0.916777 -0.381604 0.117894 -4.725800 0.394601 0.819775 -0.415040 10.908200 0.061734 0.427021 0.902132 0.226100 0.000000 0.000000 0.000000 1.000000
0.917166 -0.381173 0.116249 -4.725800 0.394945 0.830531 -0.392730 10.908200 0.053149 0.406110 0.912277 0.226100 0.000000 0.000000 0.000000 1.000000
0.917619 -0.380784 0.113922 -4.725800 0.395222 0.843785 -0.363080 10.908200 0.042129 0.378193 0.924767 0.226100 0.000000 0.000000 0.000000 1.000000</float_array>
        <technique_common>
          <accessor source="#mixamorig_RightHandPinky1-Matrix-animation-output-transform-array" count="51" stride="16">
            <param type="float4x4"/>
          </accessor>
        </technique_common>
      </source>
      <source id="mixamorig_RightHandPinky1-Interpolations">
        <Name_array id="mixamorig_RightHandPinky1-Interpolations-array" count="51">
 LINEAR LINEAR LINEAR LINEAR LINEAR LINEAR LINEAR LINEAR LINEAR LINEAR LINEAR
LINEAR LINEAR LINEAR LINEAR LINEAR LINEAR LINEAR LINEAR LINEAR LINEAR LINEAR LINEAR
LINEAR LINEAR LINEAR LINEAR LINEAR LINEAR LINEAR LINEAR LINEAR LINEAR LINEAR LINEAR
LINEAR LINEAR LINEAR LINEAR LINEAR LINEAR LINEAR LINEAR LINEAR LINEAR LINEAR LINEAR
LINEAR LINEAR LINEAR LINEAR</Name_array>
        <technique_common>
          <accessor source="#mixamorig_RightHandPinky1-Interpolations-array" count="51">
            <param type="name"/>
          </accessor>
        </technique_common>
      </source>
      <sampler id="mixamorig_RightHandPinky1-Matrix-animation-transform">
        <input semantic="INPUT" source="#mixamorig_RightHandPinky1-Matrix-animation-input"/>
        <input semantic="OUTPUT" source="#mixamorig_RightHandPinky1-Matrix-animation-output-transform"/>
        <input semantic="INTERPOLATION" source="#mixamorig_RightHandPinky1-Interpolations"/>
      </sampler>
      <channel source="#mixamorig_RightHandPinky1-Matrix-animation-transform" target="mixamorig_RightHandPinky1/matrix"/>
    </animation>
    <animation id="mixamorig_RightHandPinky2-anim" name="mixamorig_RightHandPinky2">
      <source id="mixamorig_RightHandPinky2-Matrix-animation-input">
        <float_array id="mixamorig_RightHandPinky2-Matrix-animation-input-array" count="51">

0.000000 0.033333 0.066667 0.100000 0.133333 0.166667 0.200000 0.233333 0.266667 0.300000 0.333333 0.366667 0.400000 0.433333 0.466667 0.500000
0.533333 0.566667 0.600000 0.633333 0.666667 0.700000 0.733333 0.766667 0.800000 0.833333 0.866667 0.900000 0.933333 0.966667 1.000000 1.033333
1.066667 1.100000 1.133333 1.166667 1.200000 1.233333 1.266667 1.300000 1.333333 1.366667 1.400000 1.433333 1.466667 1.500000 1.533333 1.566667
1.600000 1.633333 1.666667</float_array>
        <technique_common>
          <accessor source="#mixamorig_RightHandPinky2-Matrix-animation-input-array" count="51">
            <param name="TIME" type="float"/>
          </accessor>
        </technique_common>
      </source>
      <source id="mixamorig_RightHandPinky2-Matrix-animation-output-transform">
        <float_array id="mixamorig_RightHandPinky2-Matrix-animation-output-transform-array" count="816">

1.000000 0.000000 -0.000000 0.000000 -0.000000 1.000000 0.000000 4.136700 0.000000 -0.000000 1.000000 0.000000 0.000000 0.000000 0.000000 1.000000
1.000000 0.000000 0.000000 0.000000 -0.000000 1.000000 -0.000000 4.136700 -0.000000 0.000000 1.000000 0.000000 0.000000 0.000000 0.000000 1.000000
1.000000 0.000000 0.000000 -0.000000 -0.000000 1.000000 0.000000 4.136700 -0.000000 -0.000000 1.000000 0.000000 0.000000 0.000000 0.000000 1.000000
1.000000 -0.000000 0.000000 0.000000 0.000000 1.000000 -0.000000 4.136700 -0.000000 0.000000 1.000000 -0.000000 0.000000 0.000000 0.000000 1.000000
1.000000 0.000000 -0.000000 -0.000000 -0.000000 1.000000 -0.000000 4.136700 0.000000 0.000000 1.000000 -0.000000 0.000000 0.000000 0.000000 1.000000
1.000000 0.000000 -0.000000 -0.000000 -0.000000 1.000000 -0.000000 4.136700 0.000000 0.000000 1.000000 0.000000 0.000000 0.000000 0.000000 1.000000
1.000000 0.000000 0.000000 0.000000 -0.000000 1.000000 -0.000000 4.136700 -0.000000 0.000000 1.000000 0.000000 0.000000 0.000000 0.000000 1.000000
1.000000 -0.000000 0.000000 0.000000 0.000000 1.000000 -0.000000 4.136700 -0.000000 0.000000 1.000000 0.000000 0.000000 0.000000 0.000000 1.000000
1.000000 -0.000269 0.000000 0.000000 0.000269 0.999994 -0.003307 4.136700 0.000001 0.003307 0.999995 -0.000000 0.000000 0.000000 0.000000 1.000000
0.999998 -0.002199 0.000030 -0.000000 0.002199 0.999633 -0.026991 4.136700 0.000030 0.026991 0.999636 0.000000 0.000000 0.000000 0.000000 1.000000
0.999987 -0.005134 0.000162 0.000000 0.005134 0.997999 -0.063020 4.136700 0.000162 0.063020 0.998012 0.000000 0.000000 0.000000 0.000000 1.000000
0.999969 -0.007878 0.000382 0.000000 0.007878 0.995281 -0.096714 4.136700 0.000382 0.096714 0.995312 0.000000 0.000000 0.000000 0.000000 1.000000
0.999957 -0.009248 0.000527 0.000000 0.009248 0.993492 -0.113526 4.136700 0.000527 0.113526 0.993535 0.000000 0.000000 0.000000 0.000000 1.000000
0.999956 -0.009327 0.000536 0.000000 0.009327 0.993380 -0.114494 4.136700 0.000536 0.114494 0.993424 0.000000 0.000000 0.000000 0.000000 1.000000
0.999956 -0.009326 0.000536 -0.000000 0.009326 0.993382 -0.114480 4.136700 0.000536 0.114480 0.993425 0.000000 0.000000 0.000000 0.000000 1.000000
0.999956 -0.009319 0.000535 -0.000000 0.009320 0.993391 -0.114402 4.136700 0.000535 0.114402 0.993434 -0.000000 0.000000 0.000000 0.000000 1.000000
0.999956 -0.009319 0.000535 0.000000 0.009319 0.993392 -0.114389 4.136700 0.000535 0.114389 0.993436 0.000000 0.000000 0.000000 0.000000 1.000000
0.999956 -0.009338 0.000537 -0.000000 0.009338 0.993365 -0.114626 4.136700 0.000537 0.114626 0.993409 -0.000000 0.000000 0.000000 0.000000 1.000000
0.999956 -0.009363 0.000540 0.000000 0.009363 0.993329 -0.114931 4.136700 0.000540 0.114931 0.993373 -0.000000 0.000000 0.000000 0.000000 1.000000
0.999956 -0.009342 0.000537 0.000000 0.009342 0.993359 -0.114672 4.136700 0.000537 0.114672 0.993403 0.000000 0.000000 0.000000 0.000000 1.000000
0.999957 -0.009274 0.000530 0.000000 0.009274 0.993456 -0.113838 4.136700 0.000530 0.113838 0.993499 0.000000 0.000000 0.000000 0.000000 1.000000
0.999956 -0.009338 0.000537 0.000000 0.009338 0.993364 -0.114632 4.136700 0.000537 0.114632 0.993408 -0.000000 0.000000 0.000000 0.000000 1.000000
0.999951 -0.009866 0.000600 0.000000 0.009866 0.992589 -0.121116 4.136700 0.000600 0.121116 0.992638 0.000000 0.000000 0.000000 0.000000 1.000000
0.999940 -0.010969 0.000742 0.000000 0.010969 0.990833 -0.134648 4.136700 0.000742 0.134648 0.990893 0.000000 0.000000 0.000000 0.000000 1.000000
0.999931 -0.011752 0.000852 -0.000000 0.011752 0.989470 -0.144261 4.136700 0.000852 0.144261 0.989539 -0.000000 0.000000 0.000000 0.000000 1.000000
0.999926 -0.012140 0.000910 -0.000000 0.012140 0.988758 -0.149033 4.136700 0.000910 0.149033 0.988832 -0.000000 0.000000 0.000000 0.000000 1.000000
0.999919 -0.012687 0.000994 -0.000000 0.012687 0.987716 -0.155744 4.136700 0.000994 0.155744 0.987797 0.000000 0.000000 0.000000 0.000000 1.000000
0.999907 -0.013566 0.001138 -0.000000 0.013566 0.985943 -0.166532 4.136700 0.001137 0.166532 0.986035 -0.000000 0.000000 0.000000 0.000000 1.000000
0.999894 -0.014503 0.001302 0.000000 0.014503 0.983918 -0.178028 4.136700 0.001301 0.178028 0.984025 0.000000 0.000000 0.000000 0.000000 1.000000
0.999868 -0.016179 0.001623 0.000000 0.016179 0.979946 -0.198605 4.136700 0.001623 0.198605 0.980078 -0.000000 0.000000 0.000000 0.000000 1.000000
0.999821 -0.018792 0.002197 0.000000 0.018792 0.972848 -0.230681 4.136700 0.002197 0.230681 0.973027 0.000000 0.000000 0.000000 0.000000 1.000000
0.999766 -0.021454 0.002876 -0.000000 0.021454 0.964457 -0.263366 4.136700 0.002876 0.263366 0.964692 0.000000 0.000000 0.000000 0.000000 1.000000
0.999705 -0.024014 0.003621 -0.000000 0.024014 0.955261 -0.294786 4.136700 0.003620 0.294786 0.955556 0.000000 0.000000 0.000000 0.000000 1.000000
0.999641 -0.026444 0.004413 -0.000000 0.026444 0.945479 -0.324609 4.136700 0.004412 0.324609 0.945838 -0.000000 0.000000 0.000000 0.000000 1.000000
0.999575 -0.028669 0.005213 0.000000 0.028669 0.935587 -0.351931 4.136700 0.005212 0.351931 0.936011 0.000000 0.000000 0.000000 0.000000 1.000000
0.999515 -0.030561 0.005952 0.000000 0.030561 0.926458 -0.375156 4.136700 0.005951 0.375156 0.926943 0.000000 0.000000 0.000000 0.000000 1.000000
0.999466 -0.032017 0.006558 -0.000000 0.032017 0.918970 -0.393024 4.136700 0.006557 0.393024 0.919505 0.000000 0.000000 0.000000 0.000000 1.000000
0.999428 -0.033069 0.007016 0.000000 0.033069 0.913300 -0.405944 4.136700 0.007016 0.405944 0.913871 0.000000 0.000000 0.000000 0.000000 1.000000
0.999399 -0.033882 0.007383 0.000000 0.033882 0.908768 -0.415924 4.136700 0.007382 0.415924 0.909370 -0.000000 0.000000 0.000000 0.000000 1.000000
0.999371 -0.034622 0.007727 0.000000 0.034622 0.904528 -0.425007 4.136700 0.007726 0.425007 0.905157 0.000000 0.000000 0.000000 0.000000 1.000000
0.999342 -0.035352 0.008074 0.000000 0.035352 0.900235 -0.433966 4.136700 0.008073 0.433966 0.900893 0.000000 0.000000 0.000000 0.000000 1.000000
0.999315 -0.036047 0.008413 -0.000000 0.036047 0.896044 -0.442500 4.136700 0.008412 0.442500 0.896729 0.000000 0.000000 0.000000 0.000000 1.000000
0.999289 -0.036673 0.008726 -0.000000 0.036673 0.892181 -0.450186 4.136700 0.008725 0.450186 0.892892 -0.000000 0.000000 0.000000 0.000000 1.000000
0.999266 -0.037225 0.009007 0.000000 0.037225 0.888710 -0.456957 4.136700 0.009006 0.456957 0.889443 0.000000 0.000000 0.000000 0.000000 1.000000
0.999246 -0.037711 0.009259 0.000000 0.037711 0.885594 -0.462927 4.136700 0.009258 0.462927 0.886348 0.000000 0.000000 0.000000 0.000000 1.000000
0.999228 -0.038136 0.009483 0.000000 0.038136 0.882830 -0.468142 4.136700 0.009482 0.468142 0.883602 0.000000 0.000000 0.000000 0.000000 1.000000
0.999212 -0.038494 0.009673 -0.000000 0.038494 0.880469 -0.472538 4.136700 0.009673 0.472538 0.881257 -0.000000 0.000000 0.000000 0.000000 1.000000
0.999200 -0.038776 0.009826 0.000000 0.038776 0.878589 -0.476001 4.136700 0.009825 0.476001 0.879390 0.000000 0.000000 0.000000 0.000000 1.000000
0.999191 -0.038975 0.009933 0.000000 0.038975 0.877255 -0.478441 4.136700 0.009933 0.478441 0.878064 0.000000 0.000000 0.000000 0.000000 1.000000
0.999186 -0.039094 0.009999 -0.000000 0.039094 0.876452 -0.479900 4.136700 0.009998 0.479900 0.877266 0.000000 0.000000 0.000000 0.000000 1.000000
0.999183 -0.039145 0.010026 -0.000000 0.039145 0.876107 -0.480526 4.136700 0.010026 0.480526 0.876923 0.000000 0.000000 0.000000 0.000000 1.000000</float_array>
        <technique_common>
          <accessor source="#mixamorig_RightHandPinky2-Matrix-animation-output-transform-array" count="51" stride="16">
            <param type="float4x4"/>
          </accessor>
        </technique_common>
      </source>
      <source id="mixamorig_RightHandPinky2-Interpolations">
        <Name_array id="mixamorig_RightHandPinky2-Interpolations-array" count="51">
 LINEAR LINEAR LINEAR LINEAR LINEAR LINEAR LINEAR LINEAR LINEAR LINEAR LINEAR
LINEAR LINEAR LINEAR LINEAR LINEAR LINEAR LINEAR LINEAR LINEAR LINEAR LINEAR LINEAR
LINEAR LINEAR LINEAR LINEAR LINEAR LINEAR LINEAR LINEAR LINEAR LINEAR LINEAR LINEAR
LINEAR LINEAR LINEAR LINEAR LINEAR LINEAR LINEAR LINEAR LINEAR LINEAR LINEAR LINEAR
LINEAR LINEAR LINEAR LINEAR</Name_array>
        <technique_common>
          <accessor source="#mixamorig_RightHandPinky2-Interpolations-array" count="51">
            <param type="name"/>
          </accessor>
        </technique_common>
      </source>
      <sampler id="mixamorig_RightHandPinky2-Matrix-animation-transform">
        <input semantic="INPUT" source="#mixamorig_RightHandPinky2-Matrix-animation-input"/>
        <input semantic="OUTPUT" source="#mixamorig_RightHandPinky2-Matrix-animation-output-transform"/>
        <input semantic="INTERPOLATION" source="#mixamorig_RightHandPinky2-Interpolations"/>
      </sampler>
      <channel source="#mixamorig_RightHandPinky2-Matrix-animation-transform" target="mixamorig_RightHandPinky2/matrix"/>
    </animation>
    <animation id="mixamorig_RightHandPinky3-anim" name="mixamorig_RightHandPinky3">
      <source id="mixamorig_RightHandPinky3-Matrix-animation-input">
        <float_array id="mixamorig_RightHandPinky3-Matrix-animation-input-array" count="51">

0.000000 0.033333 0.066667 0.100000 0.133333 0.166667 0.200000 0.233333 0.266667 0.300000 0.333333 0.366667 0.400000 0.433333 0.466667 0.500000
0.533333 0.566667 0.600000 0.633333 0.666667 0.700000 0.733333 0.766667 0.800000 0.833333 0.866667 0.900000 0.933333 0.966667 1.000000 1.033333
1.066667 1.100000 1.133333 1.166667 1.200000 1.233333 1.266667 1.300000 1.333333 1.366667 1.400000 1.433333 1.466667 1.500000 1.533333 1.566667
1.600000 1.633333 1.666667</float_array>
        <technique_common>
          <accessor source="#mixamorig_RightHandPinky3-Matrix-animation-input-array" count="51">
            <param name="TIME" type="float"/>
          </accessor>
        </technique_common>
      </source>
      <source id="mixamorig_RightHandPinky3-Matrix-animation-output-transform">
        <float_array id="mixamorig_RightHandPinky3-Matrix-animation-output-transform-array" count="816">

1.000000 0.000148 0.000000 0.000000 -0.000148 0.999998 0.001810 2.594800 0.000000 -0.001810 0.999998 0.000000 0.000000 0.000000 0.000000 1.000000
1.000000 0.000147 0.000000 -0.000000 -0.000147 0.999998 0.001810 2.594800 0.000000 -0.001810 0.999998 0.000000 0.000000 0.000000 0.000000 1.000000
1.000000 0.000147 0.000000 0.000000 -0.000147 0.999998 0.001810 2.594800 0.000000 -0.001810 0.999998 0.000000 0.000000 0.000000 0.000000 1.000000
1.000000 0.000147 0.000000 0.000000 -0.000147 0.999998 0.001809 2.594800 0.000000 -0.001809 0.999998 0.000000 0.000000 0.000000 0.000000 1.000000
1.000000 0.000147 0.000000 0.000000 -0.000147 0.999998 0.001809 2.594800 0.000000 -0.001809 0.999998 0.000000 0.000000 0.000000 0.000000 1.000000
1.000000 0.000147 0.000000 -0.000000 -0.000147 0.999998 0.001810 2.594800 -0.000000 -0.001810 0.999998 0.000000 0.000000 0.000000 0.000000 1.000000
1.000000 0.000148 0.000000 0.000000 -0.000148 0.999998 0.001812 2.594800 0.000000 -0.001812 0.999998 0.000000 0.000000 0.000000 0.000000 1.000000
1.000000 0.000148 0.000000 0.000000 -0.000148 0.999998 0.001809 2.594800 0.000000 -0.001809 0.999998 0.000000 0.000000 0.000000 0.000000 1.000000
1.000000 0.000180 0.000000 0.000000 -0.000180 0.999998 0.002206 2.594800 0.000000 -0.002206 0.999998 0.000000 0.000000 0.000000 0.000000 1.000000
1.000000 0.000415 0.000001 0.000000 -0.000415 0.999987 0.005093 2.594800 0.000001 -0.005093 0.999987 0.000000 0.000000 0.000000 0.000000 1.000000
1.000000 0.000774 0.000004 -0.000000 -0.000774 0.999955 0.009503 2.594800 0.000004 -0.009503 0.999955 -0.000000 0.000000 0.000000 0.000000 1.000000
0.999999 0.001110 0.000008 0.000000 -0.001110 0.999907 0.013626 2.594800 0.000008 -0.013626 0.999907 -0.000000 0.000000 0.000000 0.000000 1.000000
0.999999 0.001274 0.000010 0.000000 -0.001274 0.999877 0.015645 2.594800 0.000010 -0.015645 0.999878 0.000000 0.000000 0.000000 0.000000 1.000000
0.999999 0.001280 0.000010 0.000000 -0.001280 0.999876 0.015712 2.594800 0.000010 -0.015712 0.999877 -0.000000 0.000000 0.000000 0.000000 1.000000
0.999999 0.001285 0.000010 0.000000 -0.001285 0.999875 0.015772 2.594800 0.000010 -0.015772 0.999876 0.000000 0.000000 0.000000 0.000000 1.000000
0.999999 0.001299 0.000010 0.000000 -0.001299 0.999872 0.015945 2.594800 0.000010 -0.015945 0.999873 0.000000 0.000000 0.000000 0.000000 1.000000
0.999999 0.001299 0.000010 0.000000 -0.001299 0.999872 0.015946 2.594800 0.000010 -0.015946 0.999873 0.000000 0.000000 0.000000 0.000000 1.000000
0.999999 0.001264 0.000010 0.000000 -0.001264 0.999879 0.015516 2.594800 0.000010 -0.015516 0.999880 0.000000 0.000000 0.000000 0.000000 1.000000
0.999999 0.001233 0.000009 0.000000 -0.001233 0.999885 0.015141 2.594800 0.000009 -0.015141 0.999885 -0.000000 0.000000 0.000000 0.000000 1.000000
0.999999 0.001293 0.000010 0.000000 -0.001293 0.999873 0.015870 2.594800 0.000010 -0.015870 0.999874 0.000000 0.000000 0.000000 0.000000 1.000000
0.999999 0.001418 0.000012 0.000000 -0.001418 0.999848 0.017403 2.594800 0.000012 -0.017403 0.999849 0.000000 0.000000 0.000000 0.000000 1.000000
0.999999 0.001323 0.000011 0.000000 -0.001323 0.999867 0.016246 2.594800 0.000011 -0.016246 0.999868 0.000000 0.000000 0.000000 0.000000 1.000000
1.000000 0.000574 0.000002 0.000000 -0.000574 0.999975 0.007043 2.594800 0.000002 -0.007043 0.999975 0.000000 0.000000 0.000000 0.000000 1.000000
0.999999 -0.001100 0.000007 0.000000 0.001100 0.999908 -0.013504 2.594800 0.000007 0.013504 0.999909 -0.000000 0.000000 0.000000 0.000000 1.000000
0.999993 -0.003687 0.000083 0.000000 0.003687 0.998969 -0.045255 2.594800 0.000083 0.045255 0.998975 0.000000 0.000000 0.000000 0.000000 1.000000
0.999976 -0.006853 0.000289 0.000000 0.006853 0.996432 -0.084122 2.594800 0.000289 0.084122 0.996455 0.000000 0.000000 0.000000 0.000000 1.000000
0.999947 -0.010276 0.000651 0.000000 0.010276 0.991959 -0.126142 2.594800 0.000651 0.126142 0.992012 0.000000 0.000000 0.000000 0.000000 1.000000
0.999903 -0.013855 0.001187 0.000000 0.013855 0.985334 -0.170073 2.594800 0.001187 0.170073 0.985431 0.000000 0.000000 0.000000 0.000000 1.000000
0.999843 -0.017597 0.001924 0.000000 0.017597 0.976232 -0.216015 2.594800 0.001923 0.216015 0.976388 0.000000 0.000000 0.000000 0.000000 1.000000
0.999768 -0.021342 0.002846 0.000000 0.021342 0.964834 -0.261993 2.594800 0.002846 0.261993 0.965065 0.000000 0.000000 0.000000 0.000000 1.000000
0.999681 -0.024946 0.003915 0.000000 0.024946 0.951631 -0.306228 2.594800 0.003914 0.306228 0.951950 -0.000000 0.000000 0.000000 0.000000 1.000000
0.999583 -0.028410 0.005116 0.000000 0.028410 0.936786 -0.348748 2.594800 0.005115 0.348748 0.937203 0.000000 0.000000 0.000000 0.000000 1.000000
0.999477 -0.031699 0.006423 -0.000000 0.031699 0.920639 -0.389126 2.594800 0.006422 0.389126 0.921162 0.000000 0.000000 0.000000 0.000000 1.000000
0.999365 -0.034778 0.007800 -0.000000 0.034778 0.903622 -0.426918 2.594800 0.007799 0.426918 0.904257 -0.000000 0.000000 0.000000 0.000000 1.000000
0.999253 -0.037550 0.009175 0.000000 0.037550 0.886632 -0.460949 2.594800 0.009174 0.460949 0.887379 0.000000 0.000000 0.000000 0.000000 1.000000
0.999151 -0.039848 0.010417 0.000000 0.039848 0.871286 -0.489155 2.594800 0.010416 0.489155 0.872135 0.000000 0.000000 0.000000 0.000000 1.000000
0.999072 -0.041544 0.011396 0.000000 0.041544 0.859187 -0.509973 2.594800 0.011395 0.509973 0.860115 0.000000 0.000000 0.000000 0.000000 1.000000
0.999015 -0.042697 0.012093 0.000000 0.042697 0.850566 -0.524132 2.594800 0.012093 0.524132 0.851551 -0.000000 0.000000 0.000000 0.000000 1.000000
0.998971 -0.043554 0.012629 0.000000 0.043554 0.843948 -0.534655 2.594800 0.012628 0.534655 0.844976 0.000000 0.000000 0.000000 0.000000 1.000000
0.998928 -0.044378 0.013158 -0.000000 0.044379 0.837410 -0.544771 2.594800 0.013157 0.544771 0.838482 0.000000 0.000000 0.000000 0.000000 1.000000
0.998880 -0.045282 0.013754 -0.000000 0.045282 0.830040 -0.555863 2.594800 0.013754 0.555863 0.831160 0.000000 0.000000 0.000000 0.000000 1.000000
0.998828 -0.046215 0.014389 0.000000 0.046216 0.822198 -0.567323 2.594800 0.014388 0.567323 0.823370 0.000000 0.000000 0.000000 0.000000 1.000000
0.998779 -0.047078 0.014992 -0.000000 0.047078 0.814746 -0.577904 2.594800 0.014992 0.577904 0.815967 0.000000 0.000000 0.000000 0.000000 1.000000
0.998736 -0.047814 0.015521 0.000000 0.047814 0.808210 -0.586950 2.594800 0.015520 0.586950 0.809475 0.000000 0.000000 0.000000 0.000000 1.000000
0.998699 -0.048435 0.015977 0.000000 0.048435 0.802583 -0.594571 2.594800 0.015976 0.594571 0.803884 0.000000 0.000000 0.000000 0.000000 1.000000
0.998666 -0.048968 0.016375 -0.000000 0.048968 0.797663 -0.601112 2.594800 0.016374 0.601112 0.798997 0.000000 0.000000 0.000000 0.000000 1.000000
0.998638 -0.049425 0.016721 0.000000 0.049425 0.793378 -0.606719 2.594800 0.016721 0.606719 0.794740 0.000000 0.000000 0.000000 0.000000 1.000000
0.998614 -0.049801 0.017011 -0.000000 0.049801 0.789801 -0.611338 2.594800 0.017010 0.611338 0.791186 0.000000 0.000000 0.000000 0.000000 1.000000
0.998596 -0.050087 0.017234 0.000000 0.050088 0.787047 -0.614856 2.594800 0.017233 0.614856 0.788451 -0.000000 0.000000 0.000000 0.000000 1.000000
0.998584 -0.050282 0.017386 0.000000 0.050282 0.785168 -0.617238 2.594800 0.017385 0.617238 0.786585 0.000000 0.000000 0.000000 0.000000 1.000000
0.998577 -0.050386 0.017468 0.000000 0.050386 0.784153 -0.618518 2.594800 0.017467 0.618518 0.785576 -0.000000 0.000000 0.000000 0.000000 1.000000</float_array>
        <technique_common>
          <accessor source="#mixamorig_RightHandPinky3-Matrix-animation-output-transform-array" count="51" stride="16">
            <param type="float4x4"/>
          </accessor>
        </technique_common>
      </source>
      <source id="mixamorig_RightHandPinky3-Interpolations">
        <Name_array id="mixamorig_RightHandPinky3-Interpolations-array" count="51">
 LINEAR LINEAR LINEAR LINEAR LINEAR LINEAR LINEAR LINEAR LINEAR LINEAR LINEAR
LINEAR LINEAR LINEAR LINEAR LINEAR LINEAR LINEAR LINEAR LINEAR LINEAR LINEAR LINEAR
LINEAR LINEAR LINEAR LINEAR LINEAR LINEAR LINEAR LINEAR LINEAR LINEAR LINEAR LINEAR
LINEAR LINEAR LINEAR LINEAR LINEAR LINEAR LINEAR LINEAR LINEAR LINEAR LINEAR LINEAR
LINEAR LINEAR LINEAR LINEAR</Name_array>
        <technique_common>
          <accessor source="#mixamorig_RightHandPinky3-Interpolations-array" count="51">
            <param type="name"/>
          </accessor>
        </technique_common>
      </source>
      <sampler id="mixamorig_RightHandPinky3-Matrix-animation-transform">
        <input semantic="INPUT" source="#mixamorig_RightHandPinky3-Matrix-animation-input"/>
        <input semantic="OUTPUT" source="#mixamorig_RightHandPinky3-Matrix-animation-output-transform"/>
        <input semantic="INTERPOLATION" source="#mixamorig_RightHandPinky3-Interpolations"/>
      </sampler>
      <channel source="#mixamorig_RightHandPinky3-Matrix-animation-transform" target="mixamorig_RightHandPinky3/matrix"/>
    </animation>
    <animation id="mixamorig_LeftUpLeg-anim" name="mixamorig_LeftUpLeg">
      <source id="mixamorig_LeftUpLeg-Matrix-animation-input">
        <float_array id="mixamorig_LeftUpLeg-Matrix-animation-input-array" count="51">

0.000000 0.033333 0.066667 0.100000 0.133333 0.166667 0.200000 0.233333 0.266667 0.300000 0.333333 0.366667 0.400000 0.433333 0.466667 0.500000
0.533333 0.566667 0.600000 0.633333 0.666667 0.700000 0.733333 0.766667 0.800000 0.833333 0.866667 0.900000 0.933333 0.966667 1.000000 1.033333
1.066667 1.100000 1.133333 1.166667 1.200000 1.233333 1.266667 1.300000 1.333333 1.366667 1.400000 1.433333 1.466667 1.500000 1.533333 1.566667
1.600000 1.633333 1.666667</float_array>
        <technique_common>
          <accessor source="#mixamorig_LeftUpLeg-Matrix-animation-input-array" count="51">
            <param name="TIME" type="float"/>
          </accessor>
        </technique_common>
      </source>
      <source id="mixamorig_LeftUpLeg-Matrix-animation-output-transform">
        <float_array id="mixamorig_LeftUpLeg-Matrix-animation-output-transform-array" count="816">

-0.959781 0.278530 -0.035241 9.123900 -0.145934 -0.387712 0.910155 -6.657200 0.239842 0.878692 0.412766 -0.055400 0.000000 0.000000 0.000000 1.000000
-0.957801 0.278556 -0.070875 9.123900 -0.160408 -0.313407 0.935973 -6.657200 0.238509 0.907845 0.344864 -0.055400 0.000000 0.000000 0.000000 1.000000
-0.953626 0.280056 -0.110302 9.123900 -0.180911 -0.240419 0.953661 -6.657200 0.240560 0.929391 0.279935 -0.055400 0.000000 0.000000 0.000000 1.000000
-0.945610 0.287096 -0.152965 9.123900 -0.208549 -0.174140 0.962384 -6.657200 0.249659 0.941940 0.224542 -0.055400 0.000000 0.000000 0.000000 1.000000
-0.932732 0.302384 -0.196404 9.123900 -0.241432 -0.119191 0.963070 -6.657200 0.267807 0.945705 0.184178 -0.055400 0.000000 0.000000 0.000000 1.000000
-0.915783 0.325481 -0.235381 9.123900 -0.274147 -0.078176 0.958505 -6.657200 0.293574 0.942311 0.160822 -0.055400 0.000000 0.000000 0.000000 1.000000
-0.897454 0.354204 -0.262901 9.123900 -0.300494 -0.054602 0.952220 -6.657200 0.322925 0.933573 0.155438 -0.055400 0.000000 0.000000 0.000000 1.000000
-0.880391 0.387202 -0.273837 9.123900 -0.318263 -0.054297 0.946446 -6.657200 0.351597 0.920395 0.171035 -0.055400 0.000000 0.000000 0.000000 1.000000
-0.870143 0.417872 -0.261216 9.123900 -0.321562 -0.079792 0.943520 -6.657200 0.373428 0.904995 0.203803 -0.055400 0.000000 0.000000 0.000000 1.000000
-0.874182 0.433907 -0.218013 9.123900 -0.298250 -0.125465 0.946206 -6.657200 0.383213 0.892179 0.239092 -0.055400 0.000000 0.000000 0.000000 1.000000
-0.886513 0.435283 -0.156916 9.123900 -0.256823 -0.180805 0.949395 -6.657200 0.384885 0.881951 0.272077 -0.055400 0.000000 0.000000 0.000000 1.000000
-0.901345 0.424606 -0.085361 9.123900 -0.202735 -0.239479 0.949499 -6.657200 0.382721 0.873132 0.301936 -0.055400 0.000000 0.000000 0.000000 1.000000
-0.915259 0.402858 -0.002476 9.123900 -0.135486 -0.302014 0.943627 -6.657200 0.379400 0.863998 0.331003 -0.055400 0.000000 0.000000 0.000000 1.000000
-0.924119 0.372725 0.084138 9.123900 -0.064052 -0.368188 0.927542 -6.657200 0.376697 0.851771 0.364124 -0.055400 0.000000 0.000000 0.000000 1.000000
-0.927178 0.337989 0.161570 9.123900 0.001501 -0.427934 0.903809 -6.657200 0.374619 0.838234 0.396263 -0.055400 0.000000 0.000000 0.000000 1.000000
-0.925315 0.313790 0.212904 9.123900 0.047048 -0.462115 0.885571 -6.657200 0.376270 0.829449 0.412839 -0.055400 0.000000 0.000000 0.000000 1.000000
-0.919271 0.318566 0.231207 9.123900 0.064356 -0.457837 0.886704 -6.657200 0.388329 0.830001 0.400375 -0.055400 0.000000 0.000000 0.000000 1.000000
-0.908126 0.358891 0.215647 9.123900 0.057467 -0.403331 0.913248 -6.657200 0.414734 0.841737 0.345651 -0.055400 0.000000 0.000000 0.000000 1.000000
-0.890908 0.423590 0.163871 9.123900 0.043653 -0.279274 0.959219 -6.657200 0.452081 0.861729 0.230317 -0.055400 0.000000 0.000000 0.000000 1.000000
-0.871026 0.483226 0.088355 9.123900 0.053339 -0.085763 0.994887 -6.657200 0.488333 0.871285 0.048927 -0.055400 0.000000 0.000000 0.000000 1.000000
-0.858554 0.512410 0.017939 9.123900 0.115220 0.158726 0.980577 -6.657200 0.499610 0.843945 -0.195314 -0.055400 0.000000 0.000000 0.000000 1.000000
-0.863960 0.503439 -0.011025 9.123900 0.228843 0.412037 0.881962 -6.657200 0.448557 0.759457 -0.471192 -0.055400 0.000000 0.000000 0.000000 1.000000
-0.880585 0.472946 0.029869 9.123900 0.348083 0.602756 0.717999 -6.657200 0.321571 0.642656 -0.695403 -0.055400 0.000000 0.000000 0.000000 1.000000
-0.885350 0.445333 0.133543 9.123900 0.434441 0.690141 0.578762 -6.657200 0.165578 0.570424 -0.804488 -0.055400 0.000000 0.000000 0.000000 1.000000
-0.869593 0.424884 0.251560 9.123900 0.491660 0.698031 0.520599 -6.657200 0.045597 0.576391 -0.815901 -0.055400 0.000000 0.000000 0.000000 1.000000
-0.847449 0.392977 0.356931 9.123900 0.530361 0.656353 0.536580 -6.657200 -0.023409 0.644026 -0.764645 -0.055400 0.000000 0.000000 0.000000 1.000000
-0.833241 0.344524 0.432450 9.123900 0.549366 0.604288 0.577090 -6.657200 -0.062503 0.718429 -0.692787 -0.055400 0.000000 0.000000 0.000000 1.000000
-0.833632 0.294475 0.467271 9.123900 0.546097 0.566092 0.617510 -6.657200 -0.082677 0.769951 -0.632724 -0.055400 0.000000 0.000000 0.000000 1.000000
-0.851370 0.258449 0.456480 9.123900 0.520652 0.522435 0.675265 -6.657200 -0.063959 0.812567 -0.579348 -0.055400 0.000000 0.000000 0.000000 1.000000
-0.877793 0.264943 0.399104 9.123900 0.479040 0.485158 0.731535 -6.657200 0.000186 0.833323 -0.552786 -0.055400 0.000000 0.000000 0.000000 1.000000
-0.900365 0.302971 0.312333 9.123900 0.425076 0.458955 0.780174 -6.657200 0.093023 0.835206 -0.542012 -0.055400 0.000000 0.000000 0.000000 1.000000
-0.916586 0.327304 0.229659 9.123900 0.361377 0.432336 0.826131 -6.657200 0.171106 0.840213 -0.514553 -0.055400 0.000000 0.000000 0.000000 1.000000
-0.927275 0.344234 0.147187 9.123900 0.289464 0.409891 0.864985 -6.657200 0.237427 0.844685 -0.479726 -0.055400 0.000000 0.000000 0.000000 1.000000
-0.929327 0.363881 0.062775 9.123900 0.212928 0.389194 0.896209 -6.657200 0.301682 0.846238 -0.439169 -0.055400 0.000000 0.000000 0.000000 1.000000
-0.916897 0.398725 -0.017851 9.123900 0.141970 0.367618 0.919077 -6.657200 0.373022 0.840164 -0.393674 -0.055400 0.000000 0.000000 0.000000 1.000000
-0.892514 0.444531 -0.076223 9.123900 0.083914 0.329718 0.940343 -6.657200 0.443144 0.832873 -0.331580 -0.055400 0.000000 0.000000 0.000000 1.000000
-0.867233 0.486290 -0.106903 9.123900 0.035957 0.275315 0.960681 -6.657200 0.496602 0.829291 -0.256248 -0.055400 0.000000 0.000000 0.000000 1.000000
-0.853661 0.508154 -0.114204 9.123900 -0.008221 0.206098 0.978497 -6.657200 0.520765 0.836243 -0.171760 -0.055400 0.000000 0.000000 0.000000 1.000000
-0.855601 0.506621 -0.106221 9.123900 -0.049333 0.124462 0.990997 -6.657200 0.515280 0.853138 -0.081497 -0.055400 0.000000 0.000000 0.000000 1.000000
-0.867894 0.488602 -0.089600 9.123900 -0.084134 0.033185 0.995902 -6.657200 0.489573 0.871876 0.012307 -0.055400 0.000000 0.000000 0.000000 1.000000
-0.882692 0.464712 -0.069983 9.123900 -0.112977 -0.065286 0.991450 -6.657200 0.456170 0.883052 0.110129 -0.055400 0.000000 0.000000 0.000000 1.000000
-0.894821 0.443587 -0.050262 9.123900 -0.137979 -0.167734 0.976129 -6.657200 0.424567 0.880395 0.211298 -0.055400 0.000000 0.000000 0.000000 1.000000
-0.901391 0.432252 -0.025523 9.123900 -0.158155 -0.273789 0.948697 -6.657200 0.403089 0.859184 0.315154 -0.055400 0.000000 0.000000 0.000000 1.000000
-0.899612 0.436557 0.010776 9.123900 -0.173407 -0.379769 0.908683 -6.657200 0.400784 0.815594 0.417347 -0.055400 0.000000 0.000000 0.000000 1.000000
-0.891514 0.449015 0.059907 9.123900 -0.184425 -0.480561 0.857350 -6.657200 0.413752 0.753291 0.511237 -0.055400 0.000000 0.000000 0.000000 1.000000
-0.884709 0.453843 0.106380 9.123900 -0.195516 -0.568453 0.799146 -6.657200 0.423159 0.686213 0.591649 -0.055400 0.000000 0.000000 0.000000 1.000000
-0.889320 0.439014 0.127970 9.123900 -0.207985 -0.637550 0.741803 -6.657200 0.407249 0.633085 0.658295 -0.055400 0.000000 0.000000 0.000000 1.000000
-0.905980 0.406997 0.116420 9.123900 -0.220585 -0.688615 0.690762 -6.657200 0.361307 0.600136 0.713648 -0.055400 0.000000 0.000000 0.000000 1.000000
-0.925588 0.369215 0.083475 9.123900 -0.228019 -0.719849 0.655610 -6.657200 0.302150 0.587791 0.750471 -0.055400 0.000000 0.000000 0.000000 1.000000
-0.940161 0.336862 0.051196 9.123900 -0.226927 -0.731122 0.643401 -6.657200 0.254168 0.593283 0.763815 -0.055400 0.000000 0.000000 0.000000 1.000000
-0.945966 0.322158 0.036912 9.123900 -0.222227 -0.726977 0.649707 -6.657200 0.236143 0.606398 0.759288 -0.055400 0.000000 0.000000 0.000000 1.000000</float_array>
        <technique_common>
          <accessor source="#mixamorig_LeftUpLeg-Matrix-animation-output-transform-array" count="51" stride="16">
            <param type="float4x4"/>
          </accessor>
        </technique_common>
      </source>
      <source id="mixamorig_LeftUpLeg-Interpolations">
        <Name_array id="mixamorig_LeftUpLeg-Interpolations-array" count="51">
 LINEAR LINEAR LINEAR LINEAR LINEAR LINEAR LINEAR LINEAR LINEAR LINEAR LINEAR
LINEAR LINEAR LINEAR LINEAR LINEAR LINEAR LINEAR LINEAR LINEAR LINEAR LINEAR LINEAR
LINEAR LINEAR LINEAR LINEAR LINEAR LINEAR LINEAR LINEAR LINEAR LINEAR LINEAR LINEAR
LINEAR LINEAR LINEAR LINEAR LINEAR LINEAR LINEAR LINEAR LINEAR LINEAR LINEAR LINEAR
LINEAR LINEAR LINEAR LINEAR</Name_array>
        <technique_common>
          <accessor source="#mixamorig_LeftUpLeg-Interpolations-array" count="51">
            <param type="name"/>
          </accessor>
        </technique_common>
      </source>
      <sampler id="mixamorig_LeftUpLeg-Matrix-animation-transform">
        <input semantic="INPUT" source="#mixamorig_LeftUpLeg-Matrix-animation-input"/>
        <input semantic="OUTPUT" source="#mixamorig_LeftUpLeg-Matrix-animation-output-transform"/>
        <input semantic="INTERPOLATION" source="#mixamorig_LeftUpLeg-Interpolations"/>
      </sampler>
      <channel source="#mixamorig_LeftUpLeg-Matrix-animation-transform" target="mixamorig_LeftUpLeg/matrix"/>
    </animation>
    <animation id="mixamorig_LeftLeg-anim" name="mixamorig_LeftLeg">
      <source id="mixamorig_LeftLeg-Matrix-animation-input">
        <float_array id="mixamorig_LeftLeg-Matrix-animation-input-array" count="51">

0.000000 0.033333 0.066667 0.100000 0.133333 0.166667 0.200000 0.233333 0.266667 0.300000 0.333333 0.366667 0.400000 0.433333 0.466667 0.500000
0.533333 0.566667 0.600000 0.633333 0.666667 0.700000 0.733333 0.766667 0.800000 0.833333 0.866667 0.900000 0.933333 0.966667 1.000000 1.033333
1.066667 1.100000 1.133333 1.166667 1.200000 1.233333 1.266667 1.300000 1.333333 1.366667 1.400000 1.433333 1.466667 1.500000 1.533333 1.566667
1.600000 1.633333 1.666667</float_array>
        <technique_common>
          <accessor source="#mixamorig_LeftLeg-Matrix-animation-input-array" count="51">
            <param name="TIME" type="float"/>
          </accessor>
        </technique_common>
      </source>
      <source id="mixamorig_LeftLeg-Matrix-animation-output-transform">
        <float_array id="mixamorig_LeftLeg-Matrix-animation-output-transform-array" count="816">

0.976915 -0.104277 -0.186451 0.000000 0.138328 -0.356336 0.924062 40.599400 -0.162798 -0.928521 -0.333686 0.000000 0.000000 0.000000 0.000000 1.000000
0.974505 -0.101028 -0.200333 0.000000 0.147685 -0.383342 0.911723 40.599400 -0.168906 -0.918065 -0.358648 0.000000 0.000000 0.000000 0.000000 1.000000
0.973099 -0.096866 -0.209036 0.000000 0.150610 -0.419141 0.895342 40.599400 -0.174344 -0.902739 -0.393277 -0.000000 0.000000 0.000000 0.000000 1.000000
0.974699 -0.092351 -0.203553 0.000000 0.140259 -0.456361 0.878671 40.599400 -0.174040 -0.884989 -0.431861 -0.000000 0.000000 0.000000 0.000000 1.000000
0.978939 -0.088703 -0.183874 0.000000 0.118466 -0.486700 0.865499 40.599400 -0.166263 -0.869054 -0.465942 0.000000 0.000000 0.000000 0.000000 1.000000
0.983229 -0.086991 -0.160294 0.000000 0.094509 -0.508669 0.855760 40.599400 -0.155980 -0.856556 -0.491916 0.000000 0.000000 0.000000 0.000000 1.000000
0.985442 -0.087339 -0.145865 0.000000 0.078652 -0.526430 0.846572 40.599400 -0.150726 -0.845720 -0.511897 -0.000000 0.000000 0.000000 0.000000 1.000000
0.984697 -0.088813 -0.149947 -0.000000 0.079098 -0.538916 0.838638 40.599400 -0.155291 -0.837664 -0.523644 -0.000000 0.000000 0.000000 0.000000 1.000000
0.982089 -0.090971 -0.165003 0.000000 0.090170 -0.542018 0.835515 40.599400 -0.165443 -0.835428 -0.524107 0.000000 0.000000 0.000000 0.000000 1.000000
0.978307 -0.094050 -0.184579 -0.000000 0.107735 -0.530045 0.841098 40.599400 -0.176940 -0.842738 -0.508414 -0.000000 0.000000 0.000000 0.000000 1.000000
0.977218 -0.096017 -0.189276 0.000000 0.115480 -0.507694 0.853763 40.599400 -0.178070 -0.856170 -0.485040 0.000000 0.000000 0.000000 0.000000 1.000000
0.979491 -0.095737 -0.177290 -0.000000 0.111539 -0.475145 0.872809 40.599400 -0.167799 -0.874684 -0.454722 0.000000 0.000000 0.000000 0.000000 1.000000
0.981085 -0.092291 -0.170160 0.000000 0.115604 -0.425725 0.897438 40.599400 -0.155267 -0.900134 -0.407003 0.000000 0.000000 0.000000 0.000000 1.000000
0.983577 -0.086731 -0.158283 0.000000 0.118358 -0.352141 0.928433 40.599400 -0.136262 -0.931920 -0.336093 0.000000 0.000000 0.000000 0.000000 1.000000
0.985948 -0.079896 -0.146710 0.000000 0.122922 -0.247734 0.960999 40.599400 -0.113125 -0.965528 -0.234431 0.000000 0.000000 0.000000 0.000000 1.000000
0.986078 -0.068352 -0.151583 0.000000 0.143407 -0.111841 0.983324 40.599400 -0.084165 -0.991373 -0.100482 0.000000 0.000000 0.000000 0.000000 1.000000
0.986696 -0.045561 -0.156063 0.000000 0.157911 0.040244 0.986633 40.599400 -0.038671 -0.998151 0.046903 0.000000 0.000000 0.000000 0.000000 1.000000
0.988919 -0.007862 -0.148251 0.000000 0.147749 0.149674 0.977634 40.599400 0.014503 -0.988704 0.149177 0.000000 0.000000 0.000000 0.000000 1.000000
0.984742 0.034188 -0.170628 0.000000 0.163205 0.158826 0.973724 40.599400 0.060390 -0.986715 0.150823 -0.000000 0.000000 0.000000 0.000000 1.000000
0.987004 0.052040 -0.152037 0.000000 0.148219 0.070717 0.986423 40.599400 0.062085 -0.996138 0.062085 0.000000 0.000000 0.000000 0.000000 1.000000
0.984467 0.029489 -0.173075 -0.000000 0.174847 -0.075361 0.981707 40.599400 0.015906 -0.996720 -0.079347 0.000000 0.000000 0.000000 0.000000 1.000000
0.981187 -0.019286 -0.192091 0.000000 0.183370 -0.218131 0.958538 40.599400 -0.060388 -0.975729 -0.210491 0.000000 0.000000 0.000000 0.000000 1.000000
0.980602 -0.047889 -0.190071 -0.000000 0.165326 -0.318855 0.933273 40.599400 -0.105299 -0.946593 -0.304753 -0.000000 0.000000 0.000000 0.000000 1.000000
0.980426 -0.017313 -0.196125 -0.000000 0.175771 -0.371839 0.911504 40.599400 -0.088708 -0.928136 -0.361518 0.000000 0.000000 0.000000 0.000000 1.000000
0.984052 0.060350 -0.167329 -0.000000 0.177874 -0.341015 0.923076 40.599400 -0.001354 -0.938119 -0.346312 0.000000 0.000000 0.000000 0.000000 1.000000
0.990287 0.133121 -0.040143 0.000000 0.066531 -0.200155 0.977503 40.599400 0.122091 -0.970679 -0.207067 0.000000 0.000000 0.000000 0.000000 1.000000
0.983269 0.170114 0.065143 0.000000 -0.067742 0.009516 0.997657 40.599400 0.169095 -0.985378 0.020881 -0.000000 0.000000 0.000000 0.000000 1.000000
0.980903 0.176326 0.082082 -0.000000 -0.111165 0.161966 0.980515 40.599400 0.159596 -0.970915 0.178474 0.000000 0.000000 0.000000 0.000000 1.000000
0.983344 0.178768 0.032808 0.000000 -0.073875 0.228197 0.970808 40.599400 0.166062 -0.957062 0.237603 0.000000 0.000000 0.000000 0.000000 1.000000
0.980196 0.181817 -0.078477 0.000000 0.029818 0.256264 0.966147 40.599400 0.195773 -0.949353 0.245768 0.000000 0.000000 0.000000 0.000000 1.000000
0.971132 0.183992 -0.151823 -0.000000 0.106413 0.235478 0.966036 40.599400 0.213494 -0.954305 0.209101 0.000000 0.000000 0.000000 0.000000 1.000000
0.971484 0.169118 -0.166189 0.000000 0.127067 0.220418 0.967094 40.599400 0.200184 -0.960633 0.192643 0.000000 0.000000 0.000000 0.000000 1.000000
0.976479 0.138778 -0.165013 0.000000 0.135287 0.201566 0.970087 40.599400 0.167888 -0.969594 0.178050 0.000000 0.000000 0.000000 0.000000 1.000000
0.981504 0.106365 -0.159175 0.000000 0.137489 0.186941 0.972702 40.599400 0.133218 -0.976596 0.168859 0.000000 0.000000 0.000000 0.000000 1.000000
0.983251 0.084270 -0.161607 0.000000 0.145221 0.173558 0.974058 40.599400 0.110132 -0.981212 0.158413 0.000000 0.000000 0.000000 0.000000 1.000000
0.983319 0.076338 -0.165093 -0.000000 0.150151 0.171577 0.973661 40.599400 0.102654 -0.982209 0.157253 -0.000000 0.000000 0.000000 0.000000 1.000000
0.983276 0.076884 -0.165096 0.000000 0.149461 0.177326 0.972737 40.599400 0.104064 -0.981144 0.162870 0.000000 0.000000 0.000000 0.000000 1.000000
0.988645 0.078129 -0.128361 0.000000 0.111635 0.189936 0.975429 40.599400 0.100590 -0.978683 0.179058 -0.000000 0.000000 0.000000 0.000000 1.000000
0.994812 0.078066 -0.065233 0.000000 0.047200 0.213849 0.975726 40.599400 0.090121 -0.973742 0.209055 -0.000000 0.000000 0.000000 0.000000 1.000000
0.996952 0.077666 -0.007424 0.000000 -0.012485 0.252740 0.967454 40.599400 0.077015 -0.964412 0.252940 0.000000 0.000000 0.000000 0.000000 1.000000
0.996565 0.076365 0.032041 -0.000000 -0.054219 0.309179 0.949457 40.599400 0.062599 -0.947933 0.312258 -0.000000 0.000000 0.000000 0.000000 1.000000
0.996145 0.073485 0.047916 0.000000 -0.072410 0.380397 0.921984 40.599400 0.049525 -0.921899 0.384251 0.000000 0.000000 0.000000 0.000000 1.000000
0.996471 0.070156 0.046094 -0.000000 -0.073502 0.463993 0.882784 40.599400 0.040545 -0.883057 0.467512 0.000000 0.000000 0.000000 0.000000 1.000000
0.996443 0.067901 0.049907 0.000000 -0.079216 0.552768 0.829561 40.599400 0.028741 -0.830564 0.556181 0.000000 0.000000 0.000000 0.000000 1.000000
0.995653 0.063925 0.067743 0.000000 -0.092968 0.637543 0.764785 40.599400 0.005700 -0.767758 0.640714 -0.000000 0.000000 0.000000 0.000000 1.000000
0.995035 0.050765 0.085600 0.000000 -0.096239 0.709890 0.697706 40.599400 -0.025347 -0.702481 0.711251 0.000000 0.000000 0.000000 0.000000 1.000000
0.996584 0.023433 0.079191 0.000000 -0.068907 0.764485 0.640948 40.599400 -0.045521 -0.644215 0.763489 0.000000 0.000000 0.000000 0.000000 1.000000
0.999403 -0.010778 0.032812 -0.000000 -0.010650 0.807601 0.589633 40.599400 -0.032854 -0.589631 0.807004 0.000000 0.000000 0.000000 0.000000 1.000000
0.999271 -0.038114 0.002157 -0.000000 0.030546 0.832174 0.553673 40.599400 -0.022898 -0.553203 0.832732 0.000000 0.000000 0.000000 0.000000 1.000000
0.998817 -0.048618 0.000603 0.000000 0.040179 0.832289 0.552883 40.599400 -0.027382 -0.552205 0.833258 0.000000 0.000000 0.000000 0.000000 1.000000
0.998315 -0.041243 0.040807 0.000000 0.010386 0.819018 0.573674 40.599400 -0.057082 -0.572284 0.818066 0.000000 0.000000 0.000000 0.000000 1.000000</float_array>
        <technique_common>
          <accessor source="#mixamorig_LeftLeg-Matrix-animation-output-transform-array" count="51" stride="16">
            <param type="float4x4"/>
          </accessor>
        </technique_common>
      </source>
      <source id="mixamorig_LeftLeg-Interpolations">
        <Name_array id="mixamorig_LeftLeg-Interpolations-array" count="51">
 LINEAR LINEAR LINEAR LINEAR LINEAR LINEAR LINEAR LINEAR LINEAR LINEAR LINEAR
LINEAR LINEAR LINEAR LINEAR LINEAR LINEAR LINEAR LINEAR LINEAR LINEAR LINEAR LINEAR
LINEAR LINEAR LINEAR LINEAR LINEAR LINEAR LINEAR LINEAR LINEAR LINEAR LINEAR LINEAR
LINEAR LINEAR LINEAR LINEAR LINEAR LINEAR LINEAR LINEAR LINEAR LINEAR LINEAR LINEAR
LINEAR LINEAR LINEAR LINEAR</Name_array>
        <technique_common>
          <accessor source="#mixamorig_LeftLeg-Interpolations-array" count="51">
            <param type="name"/>
          </accessor>
        </technique_common>
      </source>
      <sampler id="mixamorig_LeftLeg-Matrix-animation-transform">
        <input semantic="INPUT" source="#mixamorig_LeftLeg-Matrix-animation-input"/>
        <input semantic="OUTPUT" source="#mixamorig_LeftLeg-Matrix-animation-output-transform"/>
        <input semantic="INTERPOLATION" source="#mixamorig_LeftLeg-Interpolations"/>
      </sampler>
      <channel source="#mixamorig_LeftLeg-Matrix-animation-transform" target="mixamorig_LeftLeg/matrix"/>
    </animation>
    <animation id="mixamorig_LeftFoot-anim" name="mixamorig_LeftFoot">
      <source id="mixamorig_LeftFoot-Matrix-animation-input">
        <float_array id="mixamorig_LeftFoot-Matrix-animation-input-array" count="51">

0.000000 0.033333 0.066667 0.100000 0.133333 0.166667 0.200000 0.233333 0.266667 0.300000 0.333333 0.366667 0.400000 0.433333 0.466667 0.500000
0.533333 0.566667 0.600000 0.633333 0.666667 0.700000 0.733333 0.766667 0.800000 0.833333 0.866667 0.900000 0.933333 0.966667 1.000000 1.033333
1.066667 1.100000 1.133333 1.166667 1.200000 1.233333 1.266667 1.300000 1.333333 1.366667 1.400000 1.433333 1.466667 1.500000 1.533333 1.566667
1.600000 1.633333 1.666667</float_array>
        <technique_common>
          <accessor source="#mixamorig_LeftFoot-Matrix-animation-input-array" count="51">
            <param name="TIME" type="float"/>
          </accessor>
        </technique_common>
      </source>
      <source id="mixamorig_LeftFoot-Matrix-animation-output-transform">
        <float_array id="mixamorig_LeftFoot-Matrix-animation-output-transform-array" count="816">

0.894964 0.086475 -0.437678 0.000000 -0.419941 0.494514 -0.760990 42.098999 0.150631 0.864857 0.478886 0.000000 0.000000 0.000000 0.000000 1.000000
0.897423 0.100023 -0.429682 -0.000000 -0.420622 0.487774 -0.764953 42.098999 0.133075 0.867221 0.479812 -0.000000 0.000000 0.000000 0.000000 1.000000
0.896265 0.109997 -0.429662 0.000000 -0.427264 0.474000 -0.769915 42.098999 0.118971 0.873627 0.471828 0.000000 0.000000 0.000000 0.000000 1.000000
0.894390 0.104289 -0.434961 0.000000 -0.431024 0.460798 -0.775811 42.098999 0.119520 0.881356 0.457084 -0.000000 0.000000 0.000000 0.000000 1.000000
0.893576 0.081431 -0.441465 0.000000 -0.427821 0.452368 -0.782517 42.098999 0.135984 0.888106 0.439063 0.000000 0.000000 0.000000 0.000000 1.000000
0.893235 0.050611 -0.446733 0.000000 -0.420674 0.444688 -0.790750 42.098999 0.158636 0.894254 0.418502 -0.000000 0.000000 0.000000 0.000000 1.000000
0.889008 0.027329 -0.457075 0.000000 -0.423652 0.427837 -0.798420 42.098999 0.173733 0.903443 0.391929 0.000000 0.000000 0.000000 0.000000 1.000000
0.872115 0.032223 -0.488239 0.000000 -0.459921 0.394545 -0.795492 42.098999 0.166999 0.918312 0.358908 0.000000 0.000000 0.000000 0.000000 1.000000
0.843597 0.051118 -0.534539 0.000000 -0.516842 0.347340 -0.782451 42.098999 0.145669 0.936345 0.319435 0.000000 0.000000 0.000000 0.000000 1.000000
0.854026 0.027156 -0.519521 0.000000 -0.499325 0.323036 -0.803942 42.098999 0.145992 0.945997 0.289441 -0.000000 0.000000 0.000000 0.000000 1.000000
0.856545 -0.015029 -0.515854 0.000000 -0.489259 0.294358 -0.820962 42.098999 0.164184 0.955577 0.244778 0.000000 0.000000 0.000000 0.000000 1.000000
0.842816 -0.061178 -0.534714 0.000000 -0.503204 0.262849 -0.823223 42.098999 0.190912 0.962896 0.190748 0.000000 0.000000 0.000000 0.000000 1.000000
0.827869 -0.106732 -0.550673 0.000000 -0.516010 0.239998 -0.822274 42.098999 0.219923 0.964888 0.143612 0.000000 0.000000 0.000000 0.000000 1.000000
0.813435 -0.142406 -0.563954 0.000000 -0.527299 0.228715 -0.818319 42.098999 0.245518 0.963021 0.110954 -0.000000 0.000000 0.000000 0.000000 1.000000
0.808803 -0.155213 -0.567227 -0.000000 -0.518309 0.267555 -0.812263 42.098999 0.277838 0.950959 0.135951 0.000000 0.000000 0.000000 0.000000 1.000000
0.830273 -0.120085 -0.544267 0.000000 -0.450648 0.429979 -0.782327 42.098999 0.327969 0.894817 0.302884 -0.000000 0.000000 0.000000 0.000000 1.000000
0.869286 -0.028251 -0.493501 0.000000 -0.345986 0.678261 -0.648271 42.098999 0.353036 0.734278 0.579828 0.000000 0.000000 0.000000 0.000000 1.000000
0.892800 0.104140 -0.438250 0.000000 -0.312028 0.844666 -0.434946 42.098999 0.324880 0.525066 0.786612 0.000000 0.000000 0.000000 0.000000 1.000000
0.920332 0.186147 -0.344004 0.000000 -0.302634 0.896066 -0.324775 42.098999 0.247794 0.403008 0.881012 0.000000 0.000000 0.000000 0.000000 1.000000
0.951652 0.193904 -0.238244 0.000000 -0.270939 0.895311 -0.353567 42.098999 0.144745 0.401022 0.904561 0.000000 0.000000 0.000000 0.000000 1.000000
0.944455 0.235351 -0.229380 0.000000 -0.309790 0.870547 -0.382331 42.098999 0.109704 0.432154 0.895102 0.000000 0.000000 0.000000 0.000000 1.000000
0.927069 0.281988 -0.247034 0.000000 -0.360027 0.853393 -0.376962 42.098999 0.104518 0.438409 0.892678 -0.000000 0.000000 0.000000 0.000000 1.000000
0.917412 0.328096 -0.225187 0.000000 -0.395103 0.818451 -0.417171 42.098999 0.047432 0.471690 0.880488 0.000000 0.000000 0.000000 0.000000 1.000000
0.915030 0.363521 -0.174853 0.000000 -0.390694 0.690775 -0.608431 42.098999 -0.100393 0.625046 0.774105 -0.000000 0.000000 0.000000 0.000000 1.000000
0.914477 0.383881 -0.127935 -0.000000 -0.311639 0.466503 -0.827802 42.098999 -0.258095 0.796875 0.546239 0.000000 0.000000 0.000000 0.000000 1.000000
0.923591 0.363687 -0.121291 0.000000 -0.238953 0.298686 -0.923952 42.098999 -0.299801 0.882337 0.362768 0.000000 0.000000 0.000000 0.000000 1.000000
0.939999 0.306130 -0.150623 0.000000 -0.253746 0.332171 -0.908447 42.098999 -0.228070 0.892158 0.389920 0.000000 0.000000 0.000000 0.000000 1.000000
0.983744 0.159458 -0.082595 0.000000 -0.135426 0.356698 -0.924352 42.098999 -0.117934 0.920510 0.372494 -0.000000 0.000000 0.000000 0.000000 1.000000
0.987989 -0.022836 0.152828 0.000000 0.154107 0.218286 -0.963640 42.098999 -0.011355 0.975618 0.219183 0.000000 0.000000 0.000000 0.000000 1.000000
0.960713 -0.091280 0.262104 0.000000 0.271087 0.106098 -0.956690 42.098999 0.059518 0.990157 0.126674 0.000000 0.000000 0.000000 0.000000 1.000000
0.977066 -0.079543 0.197521 0.000000 0.198952 0.010403 -0.979954 42.098999 0.075894 0.996777 0.025989 0.000000 0.000000 0.000000 0.000000 1.000000
0.984116 -0.093508 0.150903 -0.000000 0.145681 -0.060395 -0.987486 42.098999 0.101451 0.993785 -0.045813 0.000000 0.000000 0.000000 0.000000 1.000000
0.987368 -0.124130 0.098467 -0.000000 0.087357 -0.091980 -0.991922 42.098999 0.132184 0.987994 -0.079975 -0.000000 0.000000 0.000000 0.000000 1.000000
0.986295 -0.159601 0.041834 0.000000 0.027467 -0.091187 -0.995455 42.098999 0.162690 0.982961 -0.085554 -0.000000 0.000000 0.000000 0.000000 1.000000
0.989205 -0.146529 -0.001401 0.000000 -0.010271 -0.059800 -0.998158 42.098999 0.146175 0.987397 -0.060660 0.000000 0.000000 0.000000 0.000000 1.000000
0.994784 -0.098677 -0.025840 -0.000000 -0.029274 -0.033519 -0.999009 42.098999 0.097713 0.994555 -0.036233 0.000000 0.000000 0.000000 0.000000 1.000000
0.998946 -0.030125 -0.034619 0.000000 -0.034979 -0.011479 -0.999322 42.098999 0.029707 0.999480 -0.012520 0.000000 0.000000 0.000000 0.000000 1.000000
0.999230 0.007256 -0.038567 0.000000 -0.038641 0.010222 -0.999201 42.098999 -0.006856 0.999921 0.010494 -0.000000 0.000000 0.000000 0.000000 1.000000
0.998861 0.010610 -0.046516 0.000000 -0.046859 0.034798 -0.998295 42.098999 -0.008974 0.999338 0.035255 0.000000 0.000000 0.000000 0.000000 1.000000
0.998138 0.007670 -0.060518 -0.000000 -0.060880 0.062522 -0.996185 42.098999 -0.003857 0.998014 0.062873 0.000000 0.000000 0.000000 0.000000 1.000000
0.996883 0.010444 -0.078194 0.000000 -0.078830 0.093763 -0.992469 42.098999 -0.003033 0.995540 0.094294 0.000000 0.000000 0.000000 0.000000 1.000000
0.995516 0.022220 -0.091952 0.000000 -0.094021 0.125220 -0.987664 42.098999 -0.010432 0.991880 0.126748 0.000000 0.000000 0.000000 0.000000 1.000000
0.995264 0.033741 -0.091162 0.000000 -0.095227 0.150177 -0.984062 42.098999 -0.019513 0.988083 0.152679 -0.000000 0.000000 0.000000 0.000000 1.000000
0.995681 0.030274 -0.087764 -0.000000 -0.091848 0.183488 -0.978722 42.098999 -0.013527 0.982556 0.185476 -0.000000 0.000000 0.000000 0.000000 1.000000
0.997083 -0.006800 -0.076022 0.000000 -0.072508 0.226661 -0.971271 42.098999 0.023836 0.973950 0.225506 -0.000000 0.000000 0.000000 0.000000 1.000000
0.995973 -0.055970 -0.070037 0.000000 -0.053151 0.260487 -0.964013 42.098999 0.072199 0.963854 0.256463 -0.000000 0.000000 0.000000 0.000000 1.000000
0.994292 -0.071927 -0.078809 0.000000 -0.055530 0.281874 -0.957843 42.098999 0.091109 0.956752 0.276271 -0.000000 0.000000 0.000000 0.000000 1.000000
0.991530 0.021009 -0.128166 0.000000 -0.128576 0.298082 -0.945841 42.098999 0.018333 0.954309 0.298258 0.000000 0.000000 0.000000 0.000000 1.000000
0.972851 0.138398 -0.185490 0.000000 -0.219808 0.301745 -0.927704 42.098999 -0.072421 0.943290 0.323974 -0.000000 0.000000 0.000000 0.000000 1.000000
0.958777 0.203900 -0.197917 -0.000000 -0.249414 0.270119 -0.929961 42.098999 -0.136158 0.940989 0.309840 0.000000 0.000000 0.000000 0.000000 1.000000
0.965149 0.196788 -0.172519 0.000000 -0.220017 0.253193 -0.942065 42.098999 -0.141706 0.947189 0.287666 0.000000 0.000000 0.000000 0.000000 1.000000</float_array>
        <technique_common>
          <accessor source="#mixamorig_LeftFoot-Matrix-animation-output-transform-array" count="51" stride="16">
            <param type="float4x4"/>
          </accessor>
        </technique_common>
      </source>
      <source id="mixamorig_LeftFoot-Interpolations">
        <Name_array id="mixamorig_LeftFoot-Interpolations-array" count="51">
 LINEAR LINEAR LINEAR LINEAR LINEAR LINEAR LINEAR LINEAR LINEAR LINEAR LINEAR
LINEAR LINEAR LINEAR LINEAR LINEAR LINEAR LINEAR LINEAR LINEAR LINEAR LINEAR LINEAR
LINEAR LINEAR LINEAR LINEAR LINEAR LINEAR LINEAR LINEAR LINEAR LINEAR LINEAR LINEAR
LINEAR LINEAR LINEAR LINEAR LINEAR LINEAR LINEAR LINEAR LINEAR LINEAR LINEAR LINEAR
LINEAR LINEAR LINEAR LINEAR</Name_array>
        <technique_common>
          <accessor source="#mixamorig_LeftFoot-Interpolations-array" count="51">
            <param type="name"/>
          </accessor>
        </technique_common>
      </source>
      <sampler id="mixamorig_LeftFoot-Matrix-animation-transform">
        <input semantic="INPUT" source="#mixamorig_LeftFoot-Matrix-animation-input"/>
        <input semantic="OUTPUT" source="#mixamorig_LeftFoot-Matrix-animation-output-transform"/>
        <input semantic="INTERPOLATION" source="#mixamorig_LeftFoot-Interpolations"/>
      </sampler>
      <channel source="#mixamorig_LeftFoot-Matrix-animation-transform" target="mixamorig_LeftFoot/matrix"/>
    </animation>
    <animation id="mixamorig_LeftToeBase-anim" name="mixamorig_LeftToeBase">
      <source id="mixamorig_LeftToeBase-Matrix-animation-input">
        <float_array id="mixamorig_LeftToeBase-Matrix-animation-input-array" count="51">

0.000000 0.033333 0.066667 0.100000 0.133333 0.166667 0.200000 0.233333 0.266667 0.300000 0.333333 0.366667 0.400000 0.433333 0.466667 0.500000
0.533333 0.566667 0.600000 0.633333 0.666667 0.700000 0.733333 0.766667 0.800000 0.833333 0.866667 0.900000 0.933333 0.966667 1.000000 1.033333
1.066667 1.100000 1.133333 1.166667 1.200000 1.233333 1.266667 1.300000 1.333333 1.366667 1.400000 1.433333 1.466667 1.500000 1.533333 1.566667
1.600000 1.633333 1.666667</float_array>
        <technique_common>
          <accessor source="#mixamorig_LeftToeBase-Matrix-animation-input-array" count="51">
            <param name="TIME" type="float"/>
          </accessor>
        </technique_common>
      </source>
      <source id="mixamorig_LeftToeBase-Matrix-animation-output-transform">
        <float_array id="mixamorig_LeftToeBase-Matrix-animation-output-transform-array" count="816">

0.997521 0.007964 -0.069922 0.000000 -0.045940 0.826354 -0.561275 15.721600 0.053311 0.563095 0.824671 0.000000 0.000000 0.000000 0.000000 1.000000
0.997516 0.008221 -0.069953 -0.000000 -0.045903 0.829162 -0.557121 15.721600 0.053422 0.558948 0.827480 -0.000000 0.000000 0.000000 0.000000 1.000000
0.997519 0.008062 -0.069934 0.000000 -0.045926 0.827426 -0.559694 15.721600 0.053353 0.561517 0.825744 -0.000000 0.000000 0.000000 0.000000 1.000000
0.997524 0.007751 -0.069896 0.000000 -0.045971 0.824015 -0.564700 15.721600 0.053219 0.566515 0.822331 0.000000 0.000000 0.000000 0.000000 1.000000
0.997529 0.007472 -0.069861 0.000000 -0.046010 0.820941 -0.569156 15.721600 0.053099 0.570964 0.819256 -0.000000 0.000000 0.000000 0.000000 1.000000
0.997534 0.007181 -0.069822 0.000000 -0.046051 0.817688 -0.573817 15.721600 0.052972 0.575617 0.816002 0.000000 0.000000 0.000000 0.000000 1.000000
0.997539 0.006842 -0.069774 0.000000 -0.046097 0.813862 -0.579226 15.721600 0.052824 0.581017 0.812175 0.000000 0.000000 0.000000 0.000000 1.000000
0.997543 0.006630 -0.069744 0.000000 -0.046125 0.811462 -0.582582 15.721600 0.052732 0.584368 0.809774 -0.000000 0.000000 0.000000 0.000000 1.000000
0.997542 0.006692 -0.069753 0.000000 -0.046117 0.812165 -0.581602 15.721600 0.052758 0.583390 0.810477 -0.000000 0.000000 0.000000 0.000000 1.000000
0.997537 0.006985 -0.069795 0.000000 -0.046077 0.815480 -0.576948 15.721600 0.052886 0.578742 0.813794 0.000000 0.000000 0.000000 0.000000 1.000000
0.997531 0.007324 -0.069840 0.000000 -0.046030 0.819281 -0.571541 15.721600 0.053033 0.573345 0.817596 -0.000000 0.000000 0.000000 0.000000 1.000000
0.997533 0.007207 -0.069825 0.000000 -0.046047 0.817984 -0.573396 15.721600 0.052983 0.575196 0.816298 -0.000000 0.000000 0.000000 0.000000 1.000000
0.997550 0.006193 -0.069677 0.000000 -0.046182 0.806450 -0.589497 15.721600 0.052540 0.591270 0.804760 0.000000 0.000000 0.000000 0.000000 1.000000
0.997593 0.003765 -0.069239 0.000000 -0.046472 0.777389 -0.627301 15.721600 0.051464 0.629008 0.775693 -0.000000 0.000000 0.000000 0.000000 1.000000
0.997649 0.000744 -0.068523 0.000000 -0.046763 0.738325 -0.672822 15.721600 0.050092 0.674444 0.736625 -0.000000 0.000000 0.000000 0.000000 1.000000
0.997065 -0.001390 -0.076547 0.000000 -0.052563 0.714518 -0.697640 15.721600 0.055664 0.699616 0.712348 0.000000 0.000000 0.000000 0.000000 1.000000
0.992407 -0.020728 -0.121240 0.000000 -0.081141 0.630461 -0.771968 15.721600 0.092438 0.775944 0.623992 0.000000 0.000000 0.000000 0.000000 1.000000
0.992263 -0.037205 -0.118450 -0.000000 -0.076208 0.570656 -0.817645 15.721600 0.098015 0.820346 0.563406 0.000000 0.000000 0.000000 0.000000 1.000000
0.999132 -0.001566 -0.041629 0.000000 -0.027298 0.730245 -0.682640 15.721600 0.031468 0.683184 0.729568 -0.000000 0.000000 0.000000 0.000000 1.000000
0.997521 0.007923 -0.069918 0.000000 -0.045947 0.825903 -0.561937 15.721600 0.053293 0.563757 0.824220 -0.000000 0.000000 0.000000 0.000000 1.000000
0.997500 0.009213 -0.070058 -0.000000 -0.045755 0.839763 -0.541022 15.721600 0.053848 0.542875 0.838086 -0.000000 0.000000 0.000000 0.000000 1.000000
0.997514 0.008395 -0.069973 0.000000 -0.045878 0.831044 -0.554311 15.721600 0.053497 0.556143 0.829363 -0.000000 0.000000 0.000000 0.000000 1.000000
0.997514 0.008349 -0.069967 0.000000 -0.045884 0.830541 -0.555064 15.721600 0.053477 0.556894 0.828860 0.000000 0.000000 0.000000 0.000000 1.000000
0.997468 0.011280 -0.070216 0.000000 -0.045420 0.860784 -0.506940 15.721600 0.054722 0.508846 0.859117 0.000000 0.000000 0.000000 0.000000 1.000000
0.997401 0.015964 -0.070265 0.000000 -0.044536 0.903166 -0.426976 15.721600 0.056645 0.428996 0.901529 0.000000 0.000000 0.000000 0.000000 1.000000
0.997380 0.017532 -0.070187 0.000000 -0.044201 0.915721 -0.399376 15.721600 0.057270 0.401432 0.914096 0.000000 0.000000 0.000000 0.000000 1.000000
0.992397 0.035443 0.117862 0.000000 0.050731 0.754702 -0.654103 15.721600 -0.112134 0.655110 0.747166 0.000000 0.000000 0.000000 0.000000 1.000000
0.997546 0.009202 0.069412 0.000000 0.052616 0.555568 -0.829805 15.721600 -0.046199 0.831420 0.553720 -0.000000 0.000000 0.000000 0.000000 1.000000
0.997913 -0.011349 -0.063564 -0.000000 -0.047072 0.545967 -0.836483 15.721600 0.044197 0.837730 0.544294 -0.000000 0.000000 0.000000 0.000000 1.000000
0.997851 -0.008744 -0.064944 0.000000 -0.047133 0.592770 -0.803992 15.721600 0.045527 0.805324 0.591084 0.000000 0.000000 0.000000 0.000000 1.000000
0.997695 -0.001591 -0.067836 0.000000 -0.046933 0.705833 -0.706821 15.721600 0.049006 0.708376 0.704132 -0.000000 0.000000 0.000000 0.000000 1.000000
0.997550 0.006189 -0.069677 0.000000 -0.046183 0.806402 -0.589562 15.721600 0.052539 0.591335 0.804713 -0.000000 0.000000 0.000000 0.000000 1.000000
0.997472 0.011054 -0.070202 -0.000000 -0.045458 0.858557 -0.510699 15.721600 0.054627 0.512599 0.856889 0.000000 0.000000 0.000000 0.000000 1.000000
0.997436 0.013426 -0.070291 0.000000 -0.045036 0.881102 -0.470778 15.721600 0.055613 0.472737 0.879447 0.000000 0.000000 0.000000 0.000000 1.000000
0.997439 0.013250 -0.070288 0.000000 -0.045069 0.879496 -0.473767 15.721600 0.055541 0.475722 0.877841 -0.000000 0.000000 0.000000 0.000000 1.000000
0.997441 0.013103 -0.070285 0.000000 -0.045096 0.878145 -0.476264 15.721600 0.055480 0.478215 0.876489 0.000000 0.000000 0.000000 0.000000 1.000000
0.997444 0.012904 -0.070281 0.000000 -0.045133 0.876299 -0.479649 15.721600 0.055398 0.481595 0.874641 0.000000 0.000000 0.000000 0.000000 1.000000
0.997446 0.012725 -0.070276 0.000000 -0.045165 0.874638 -0.482668 15.721600 0.055324 0.484610 0.872979 0.000000 0.000000 0.000000 0.000000 1.000000
0.997448 0.012644 -0.070274 0.000000 -0.045180 0.873880 -0.484038 15.721600 0.055290 0.485978 0.872220 0.000000 0.000000 0.000000 0.000000 1.000000
0.997446 0.012737 -0.070276 -0.000000 -0.045163 0.874745 -0.482474 15.721600 0.055329 0.484415 0.873087 0.000000 0.000000 0.000000 0.000000 1.000000
0.997441 0.013075 -0.070285 0.000000 -0.045102 0.877881 -0.476750 15.721600 0.055468 0.478700 0.876224 0.000000 0.000000 0.000000 0.000000 1.000000
0.997432 0.013703 -0.070294 -0.000000 -0.044984 0.883615 -0.466048 15.721600 0.055727 0.468013 0.881963 0.000000 0.000000 0.000000 0.000000 1.000000
0.997420 0.014571 -0.070295 0.000000 -0.044817 0.891318 -0.451158 15.721600 0.056081 0.453144 0.889671 0.000000 0.000000 0.000000 0.000000 1.000000
0.997418 0.014724 -0.070293 0.000000 -0.044787 0.892649 -0.448521 15.721600 0.056144 0.450511 0.891004 0.000000 0.000000 0.000000 0.000000 1.000000
0.997427 0.014083 -0.070296 0.000000 -0.044912 0.887019 -0.459544 15.721600 0.055882 0.461519 0.885369 0.000000 0.000000 0.000000 0.000000 1.000000
0.997427 0.014098 -0.070296 0.000000 -0.044909 0.887158 -0.459276 15.721600 0.055889 0.461251 0.885508 -0.000000 0.000000 0.000000 0.000000 1.000000
0.997424 0.014298 -0.070296 -0.000000 -0.044870 0.888922 -0.455855 15.721600 0.055970 0.457835 0.887274 0.000000 0.000000 0.000000 0.000000 1.000000
0.997430 0.013832 -0.070295 -0.000000 -0.044960 0.884774 -0.463846 15.721600 0.055780 0.465815 0.883122 0.000000 0.000000 0.000000 0.000000 1.000000
0.997451 0.012418 -0.070267 0.000000 -0.045221 0.871753 -0.487854 15.721600 0.055197 0.489787 0.870093 -0.000000 0.000000 0.000000 0.000000 1.000000
0.997472 0.011001 -0.070199 0.000000 -0.045467 0.858032 -0.511581 15.721600 0.054605 0.513479 0.856363 0.000000 0.000000 0.000000 0.000000 1.000000
0.997483 0.010304 -0.070152 0.000000 -0.045582 0.851033 -0.523130 15.721600 0.054311 0.525011 0.849361 0.000000 0.000000 0.000000 0.000000 1.000000</float_array>
        <technique_common>
          <accessor source="#mixamorig_LeftToeBase-Matrix-animation-output-transform-array" count="51" stride="16">
            <param type="float4x4"/>
          </accessor>
        </technique_common>
      </source>
      <source id="mixamorig_LeftToeBase-Interpolations">
        <Name_array id="mixamorig_LeftToeBase-Interpolations-array" count="51">
 LINEAR LINEAR LINEAR LINEAR LINEAR LINEAR LINEAR LINEAR LINEAR LINEAR LINEAR
LINEAR LINEAR LINEAR LINEAR LINEAR LINEAR LINEAR LINEAR LINEAR LINEAR LINEAR LINEAR
LINEAR LINEAR LINEAR LINEAR LINEAR LINEAR LINEAR LINEAR LINEAR LINEAR LINEAR LINEAR
LINEAR LINEAR LINEAR LINEAR LINEAR LINEAR LINEAR LINEAR LINEAR LINEAR LINEAR LINEAR
LINEAR LINEAR LINEAR LINEAR</Name_array>
        <technique_common>
          <accessor source="#mixamorig_LeftToeBase-Interpolations-array" count="51">
            <param type="name"/>
          </accessor>
        </technique_common>
      </source>
      <sampler id="mixamorig_LeftToeBase-Matrix-animation-transform">
        <input semantic="INPUT" source="#mixamorig_LeftToeBase-Matrix-animation-input"/>
        <input semantic="OUTPUT" source="#mixamorig_LeftToeBase-Matrix-animation-output-transform"/>
        <input semantic="INTERPOLATION" source="#mixamorig_LeftToeBase-Interpolations"/>
      </sampler>
      <channel source="#mixamorig_LeftToeBase-Matrix-animation-transform" target="mixamorig_LeftToeBase/matrix"/>
    </animation>
    <animation id="mixamorig_RightUpLeg-anim" name="mixamorig_RightUpLeg">
      <source id="mixamorig_RightUpLeg-Matrix-animation-input">
        <float_array id="mixamorig_RightUpLeg-Matrix-animation-input-array" count="51">

0.000000 0.033333 0.066667 0.100000 0.133333 0.166667 0.200000 0.233333 0.266667 0.300000 0.333333 0.366667 0.400000 0.433333 0.466667 0.500000
0.533333 0.566667 0.600000 0.633333 0.666667 0.700000 0.733333 0.766667 0.800000 0.833333 0.866667 0.900000 0.933333 0.966667 1.000000 1.033333
1.066667 1.100000 1.133333 1.166667 1.200000 1.233333 1.266667 1.300000 1.333333 1.366667 1.400000 1.433333 1.466667 1.500000 1.533333 1.566667
1.600000 1.633333 1.666667</float_array>
        <technique_common>
          <accessor source="#mixamorig_RightUpLeg-Matrix-animation-input-array" count="51">
            <param name="TIME" type="float"/>
          </accessor>
        </technique_common>
      </source>
      <source id="mixamorig_RightUpLeg-Matrix-animation-output-transform">
        <float_array id="mixamorig_RightUpLeg-Matrix-animation-output-transform-array" count="816">

-0.912624 0.400625 -0.081339 -9.125000 -0.198052 -0.259242 0.945288 -6.655600 0.357620 0.878802 0.315935 -0.055400 0.000000 0.000000 0.000000 1.000000
-0.910045 0.390562 -0.138850 -9.125000 -0.211142 -0.148517 0.966107 -6.655600 0.356703 0.908518 0.217621 -0.055400 0.000000 0.000000 0.000000 1.000000
-0.903630 0.377091 -0.203115 -9.125000 -0.229798 -0.026644 0.972874 -6.655600 0.361450 0.925793 0.110731 -0.055400 0.000000 0.000000 0.000000 1.000000
-0.894916 0.353959 -0.271732 -9.125000 -0.254277 0.095913 0.962364 -6.655600 0.366700 0.930330 0.004169 -0.055400 0.000000 0.000000 0.000000 1.000000
-0.882472 0.323863 -0.341111 -9.125000 -0.289818 0.196805 0.936629 -6.655600 0.370472 0.925408 -0.079813 -0.055400 0.000000 0.000000 0.000000 1.000000
-0.861572 0.306683 -0.404523 -9.125000 -0.335820 0.253251 0.907243 -6.655600 0.380681 0.917502 -0.115204 -0.055400 0.000000 0.000000 0.000000 1.000000
-0.834763 0.319648 -0.448327 -9.125000 -0.376617 0.262500 0.888399 -6.655600 0.401661 0.910450 -0.098741 -0.055400 0.000000 0.000000 0.000000 1.000000
-0.807020 0.362770 -0.465958 -9.125000 -0.402802 0.238831 0.883578 -6.655600 0.431821 0.900754 -0.046616 -0.055400 0.000000 0.000000 0.000000 1.000000
-0.791840 0.415154 -0.447925 -9.125000 -0.399602 0.202450 0.894054 -6.655600 0.461852 0.886939 0.005588 -0.055400 0.000000 0.000000 0.000000 1.000000
-0.801221 0.450200 -0.394163 -9.125000 -0.357149 0.168716 0.918683 -6.655600 0.480093 0.876844 0.025609 -0.055400 0.000000 0.000000 0.000000 1.000000
-0.837340 0.458451 -0.297801 -9.125000 -0.265351 0.135434 0.954592 -6.655600 0.477966 0.878340 0.008246 -0.055400 0.000000 0.000000 0.000000 1.000000
-0.880888 0.447787 -0.153375 -9.125000 -0.128454 0.085714 0.988004 -6.655600 0.455562 0.890023 -0.017985 -0.055400 0.000000 0.000000 0.000000 1.000000
-0.902360 0.430752 0.014099 -9.125000 0.019502 0.008131 0.999777 -6.655600 0.430541 0.902434 -0.015737 -0.055400 0.000000 0.000000 0.000000 1.000000
-0.896363 0.407535 0.174494 -9.125000 0.152527 -0.086073 0.984544 -6.655600 0.416256 0.909124 0.014992 -0.055400 0.000000 0.000000 0.000000 1.000000
-0.874091 0.374776 0.309043 -9.125000 0.260814 -0.174635 0.949462 -6.655600 0.409805 0.910519 0.054900 -0.055400 0.000000 0.000000 0.000000 1.000000
-0.857603 0.345019 0.381418 -9.125000 0.323029 -0.215743 0.921470 -6.655600 0.400213 0.913464 0.073571 -0.055400 0.000000 0.000000 0.000000 1.000000
-0.857481 0.321262 0.401892 -9.125000 0.333934 -0.246747 0.909727 -6.655600 0.391427 0.914279 0.104300 -0.055400 0.000000 0.000000 0.000000 1.000000
-0.867907 0.300681 0.395384 -9.125000 0.312425 -0.288382 0.905112 -6.655600 0.386171 0.909080 0.156348 -0.055400 0.000000 0.000000 0.000000 1.000000
-0.878674 0.297190 0.373644 -9.125000 0.275228 -0.324171 0.905076 -6.655600 0.390104 0.898104 0.203046 -0.055400 0.000000 0.000000 0.000000 1.000000
-0.881454 0.311620 0.354868 -9.125000 0.239035 -0.353675 0.904310 -6.655600 0.407309 0.881934 0.237260 -0.055400 0.000000 0.000000 0.000000 1.000000
-0.878175 0.324711 0.351242 -9.125000 0.217519 -0.382897 0.897817 -6.655600 0.426021 0.864842 0.265620 -0.055400 0.000000 0.000000 0.000000 1.000000
-0.880368 0.316435 0.353300 -9.125000 0.211162 -0.405501 0.889370 -6.655600 0.424691 0.857577 0.290171 -0.055400 0.000000 0.000000 0.000000 1.000000
-0.896070 0.285744 0.339718 -9.125000 0.213321 -0.393949 0.894035 -6.655600 0.389297 0.873587 0.292051 -0.055400 0.000000 0.000000 0.000000 1.000000
-0.916342 0.252024 0.311128 -9.125000 0.204332 -0.373904 0.904679 -6.655600 0.344333 0.892569 0.291127 -0.055400 0.000000 0.000000 0.000000 1.000000
-0.929702 0.236366 0.282462 -9.125000 0.182318 -0.371016 0.910554 -6.655600 0.320022 0.898042 0.301840 -0.055400 0.000000 0.000000 0.000000 1.000000
-0.935398 0.245747 0.254242 -9.125000 0.155067 -0.361097 0.919545 -6.655600 0.317782 0.899565 0.299662 -0.055400 0.000000 0.000000 0.000000 1.000000
-0.938320 0.278406 0.205050 -9.125000 0.126142 -0.276530 0.952690 -6.655600 0.321937 0.919794 0.224355 -0.055400 0.000000 0.000000 0.000000 1.000000
-0.948008 0.282461 0.146615 -9.125000 0.116794 -0.119759 0.985909 -6.655600 0.296040 0.951774 0.080543 -0.055400 0.000000 0.000000 0.000000 1.000000
-0.962027 0.246137 0.117983 -9.125000 0.129314 0.030334 0.991140 -6.655600 0.240377 0.968760 -0.061011 -0.055400 0.000000 0.000000 0.000000 1.000000
-0.971285 0.199102 0.130241 -9.125000 0.161677 0.150753 0.975261 -6.655600 0.174543 0.968314 -0.178615 -0.055400 0.000000 0.000000 0.000000 1.000000
-0.969016 0.169123 0.180013 -9.125000 0.215182 0.220238 0.951416 -6.655600 0.121260 0.960673 -0.249806 -0.055400 0.000000 0.000000 0.000000 1.000000
-0.956431 0.155036 0.247395 -9.125000 0.279202 0.237939 0.930286 -6.655600 0.085363 0.958827 -0.270859 -0.055400 0.000000 0.000000 0.000000 1.000000
-0.938980 0.130391 0.318301 -9.125000 0.340613 0.223441 0.913267 -6.655600 0.047961 0.965957 -0.254219 -0.055400 0.000000 0.000000 0.000000 1.000000
-0.925001 0.091210 0.368856 -9.125000 0.379792 0.192578 0.904805 -6.655600 0.011494 0.977034 -0.212775 -0.055400 0.000000 0.000000 0.000000 1.000000
-0.921873 0.056781 0.383310 -9.125000 0.387487 0.140393 0.911122 -6.655600 -0.002079 0.988466 -0.151427 -0.055400 0.000000 0.000000 0.000000 1.000000
-0.927106 0.025452 0.373934 -9.125000 0.374780 0.072941 0.924240 -6.655600 -0.003752 0.997011 -0.077163 -0.055400 0.000000 0.000000 0.000000 1.000000
-0.938892 0.012472 0.343985 -9.125000 0.343738 -0.018378 0.938886 -6.655600 0.018032 0.999753 0.012968 -0.055400 0.000000 0.000000 0.000000 1.000000
-0.950913 0.010090 0.309294 -9.125000 0.305916 -0.120135 0.944448 -6.655600 0.046687 0.992706 0.111152 -0.055400 0.000000 0.000000 0.000000 1.000000
-0.958029 -0.005128 0.286626 -9.125000 0.280706 -0.219701 0.934310 -6.655600 0.058181 0.975554 0.211919 -0.055400 0.000000 0.000000 0.000000 1.000000
-0.958623 -0.038076 0.282121 -9.125000 0.281363 -0.277552 0.918586 -6.655600 0.043327 0.959956 0.276781 -0.055400 0.000000 0.000000 0.000000 1.000000
-0.959200 -0.084440 0.269823 -9.125000 0.282140 -0.347365 0.894279 -6.655600 0.018214 0.933921 0.357016 -0.055400 0.000000 0.000000 0.000000 1.000000
-0.964503 -0.120911 0.234764 -9.125000 0.263905 -0.409831 0.873151 -6.655600 -0.009360 0.904113 0.427192 -0.055400 0.000000 0.000000 0.000000 1.000000
-0.972572 -0.146263 0.180859 -9.125000 0.229407 -0.474767 0.849687 -6.655600 -0.038412 0.867873 0.495299 -0.055400 0.000000 0.000000 0.000000 1.000000
-0.978788 -0.160730 0.127042 -9.125000 0.195549 -0.547977 0.813315 -6.655600 -0.061108 0.820906 0.567784 -0.055400 0.000000 0.000000 0.000000 1.000000
-0.982699 -0.162101 0.089582 -9.125000 0.172372 -0.623562 0.762534 -6.655600 -0.067747 0.764783 0.640716 -0.055400 0.000000 0.000000 0.000000 1.000000
-0.986027 -0.151627 0.068987 -9.125000 0.155384 -0.687887 0.708991 -6.655600 -0.060047 0.709804 0.701835 -0.055400 0.000000 0.000000 0.000000 1.000000
-0.989025 -0.137942 0.052922 -9.125000 0.137882 -0.733074 0.666026 -6.655600 -0.053077 0.666014 0.744049 -0.055400 0.000000 0.000000 0.000000 1.000000
-0.990727 -0.132453 0.030268 -9.125000 0.121114 -0.759990 0.638551 -6.655600 -0.061574 0.636295 0.768984 -0.055400 0.000000 0.000000 0.000000 1.000000
-0.990009 -0.140991 0.001696 -9.125000 0.110479 -0.768171 0.630641 -6.655600 -0.087611 0.624528 0.776073 -0.055400 0.000000 0.000000 0.000000 1.000000
-0.986256 -0.163055 -0.026699 -9.125000 0.108788 -0.762456 0.637830 -6.655600 -0.124358 0.626158 0.769715 -0.055400 0.000000 0.000000 0.000000 1.000000
-0.979749 -0.194080 -0.049245 -9.125000 0.115403 -0.748320 0.653223 -6.655600 -0.163628 0.634311 0.755563 -0.055400 0.000000 0.000000 0.000000 1.000000</float_array>
        <technique_common>
          <accessor source="#mixamorig_RightUpLeg-Matrix-animation-output-transform-array" count="51" stride="16">
            <param type="float4x4"/>
          </accessor>
        </technique_common>
      </source>
      <source id="mixamorig_RightUpLeg-Interpolations">
        <Name_array id="mixamorig_RightUpLeg-Interpolations-array" count="51">
 LINEAR LINEAR LINEAR LINEAR LINEAR LINEAR LINEAR LINEAR LINEAR LINEAR LINEAR
LINEAR LINEAR LINEAR LINEAR LINEAR LINEAR LINEAR LINEAR LINEAR LINEAR LINEAR LINEAR
LINEAR LINEAR LINEAR LINEAR LINEAR LINEAR LINEAR LINEAR LINEAR LINEAR LINEAR LINEAR
LINEAR LINEAR LINEAR LINEAR LINEAR LINEAR LINEAR LINEAR LINEAR LINEAR LINEAR LINEAR
LINEAR LINEAR LINEAR LINEAR</Name_array>
        <technique_common>
          <accessor source="#mixamorig_RightUpLeg-Interpolations-array" count="51">
            <param type="name"/>
          </accessor>
        </technique_common>
      </source>
      <sampler id="mixamorig_RightUpLeg-Matrix-animation-transform">
        <input semantic="INPUT" source="#mixamorig_RightUpLeg-Matrix-animation-input"/>
        <input semantic="OUTPUT" source="#mixamorig_RightUpLeg-Matrix-animation-output-transform"/>
        <input semantic="INTERPOLATION" source="#mixamorig_RightUpLeg-Interpolations"/>
      </sampler>
      <channel source="#mixamorig_RightUpLeg-Matrix-animation-transform" target="mixamorig_RightUpLeg/matrix"/>
    </animation>
    <animation id="mixamorig_RightLeg-anim" name="mixamorig_RightLeg">
      <source id="mixamorig_RightLeg-Matrix-animation-input">
        <float_array id="mixamorig_RightLeg-Matrix-animation-input-array" count="51">

0.000000 0.033333 0.066667 0.100000 0.133333 0.166667 0.200000 0.233333 0.266667 0.300000 0.333333 0.366667 0.400000 0.433333 0.466667 0.500000
0.533333 0.566667 0.600000 0.633333 0.666667 0.700000 0.733333 0.766667 0.800000 0.833333 0.866667 0.900000 0.933333 0.966667 1.000000 1.033333
1.066667 1.100000 1.133333 1.166667 1.200000 1.233333 1.266667 1.300000 1.333333 1.366667 1.400000 1.433333 1.466667 1.500000 1.533333 1.566667
1.600000 1.633333 1.666667</float_array>
        <technique_common>
          <accessor source="#mixamorig_RightLeg-Matrix-animation-input-array" count="51">
            <param name="TIME" type="float"/>
          </accessor>
        </technique_common>
      </source>
      <source id="mixamorig_RightLeg-Matrix-animation-output-transform">
        <float_array id="mixamorig_RightLeg-Matrix-animation-output-transform-array" count="816">

0.992390 -0.101195 -0.070150 -0.000000 -0.045046 -0.828593 0.558037 40.599400 -0.114596 -0.550630 -0.826846 -0.000000 0.000000 0.000000 0.000000 1.000000
0.993289 -0.092119 -0.069936 0.000000 -0.040298 -0.842431 0.537296 40.599400 -0.108411 -0.530872 -0.840489 -0.000000 0.000000 0.000000 0.000000 1.000000
0.993805 -0.079752 -0.077398 0.000000 -0.029359 -0.860099 0.509282 40.599400 -0.107187 -0.503855 -0.857112 0.000000 0.000000 0.000000 0.000000 1.000000
0.993907 -0.066007 -0.088272 0.000000 -0.015645 -0.877235 0.479805 40.599400 -0.109106 -0.475501 -0.872923 0.000000 0.000000 0.000000 0.000000 1.000000
0.994251 -0.053603 -0.092695 0.000000 -0.004808 -0.887154 0.461448 40.599400 -0.106970 -0.458349 -0.882312 0.000000 0.000000 0.000000 0.000000 1.000000
0.996356 -0.043330 -0.073460 0.000000 -0.004645 -0.887621 0.460551 40.599400 -0.085160 -0.458532 -0.884588 0.000000 0.000000 0.000000 0.000000 1.000000
0.998694 -0.034538 -0.037637 0.000000 -0.013250 -0.886719 0.462119 40.599400 -0.049334 -0.461017 -0.886019 0.000000 0.000000 0.000000 0.000000 1.000000
0.999628 -0.026834 -0.004949 -0.000000 -0.021486 -0.885860 0.463455 40.599400 -0.016821 -0.463177 -0.886106 -0.000000 0.000000 0.000000 0.000000 1.000000
0.999556 -0.023214 0.018671 -0.000000 -0.029228 -0.885372 0.463963 40.599400 0.005760 -0.464303 -0.885658 0.000000 0.000000 0.000000 0.000000 1.000000
0.998990 -0.025691 0.036877 -0.000000 -0.039861 -0.885508 0.462910 40.599400 0.020762 -0.463912 -0.885638 -0.000000 0.000000 0.000000 0.000000 1.000000
0.998962 -0.033903 0.030424 -0.000000 -0.044124 -0.886134 0.461323 40.599400 0.011320 -0.462186 -0.886711 0.000000 0.000000 0.000000 0.000000 1.000000
0.998753 -0.045719 -0.020075 0.000000 -0.030819 -0.880765 0.472549 40.599400 -0.039286 -0.471341 -0.881076 -0.000000 0.000000 0.000000 0.000000 1.000000
0.992622 -0.061507 -0.104491 0.000000 -0.000771 -0.864968 0.501826 40.599400 -0.121247 -0.498043 -0.858634 0.000000 0.000000 0.000000 0.000000 1.000000
0.980859 -0.079050 -0.177951 -0.000000 0.032318 -0.835121 0.549115 40.599400 -0.192018 -0.544356 -0.816582 0.000000 0.000000 0.000000 0.000000 1.000000
0.970926 -0.093063 -0.220551 0.000000 0.067776 -0.776766 0.626131 40.599400 -0.229586 -0.622875 -0.747875 -0.000000 0.000000 0.000000 0.000000 1.000000
0.967478 -0.096178 -0.233956 -0.000000 0.105977 -0.685697 0.720131 40.599400 -0.229684 -0.721505 -0.653205 -0.000000 0.000000 0.000000 0.000000 1.000000
0.981781 -0.096678 -0.163584 0.000000 0.082147 -0.560336 0.824182 40.599400 -0.171343 -0.822604 -0.542185 0.000000 0.000000 0.000000 0.000000 1.000000
0.994253 -0.099945 -0.038359 -0.000000 -0.003137 -0.385367 0.922758 40.599400 -0.107008 -0.917335 -0.383465 0.000000 0.000000 0.000000 0.000000 1.000000
0.991728 -0.103055 0.076516 0.000000 -0.092176 -0.156964 0.983293 40.599400 -0.089323 -0.982213 -0.165165 -0.000000 0.000000 0.000000 0.000000 1.000000
0.987212 -0.097717 0.125953 -0.000000 -0.115814 0.103300 0.987885 40.599400 -0.109544 -0.989839 0.090662 0.000000 0.000000 0.000000 0.000000 1.000000
0.987242 -0.085166 0.134533 0.000000 -0.095008 0.362946 0.926954 40.599400 -0.127774 -0.927910 0.350225 -0.000000 0.000000 0.000000 0.000000 1.000000
0.986639 -0.078195 0.142933 0.000000 -0.071579 0.580053 0.811428 40.599400 -0.146358 -0.810817 0.566706 -0.000000 0.000000 0.000000 0.000000 1.000000
0.983868 -0.091993 0.153432 0.000000 -0.043202 0.710093 0.702781 40.599400 -0.173602 -0.698073 0.694663 0.000000 0.000000 0.000000 0.000000 1.000000
0.979798 -0.126138 0.155191 -0.000000 0.006131 0.794582 0.607126 40.599400 -0.199894 -0.593909 0.779304 -0.000000 0.000000 0.000000 0.000000 1.000000
0.974019 -0.166375 0.153646 -0.000000 0.065158 0.855635 0.513462 40.599400 -0.216892 -0.490110 0.844245 0.000000 0.000000 0.000000 0.000000 1.000000
0.969209 -0.192686 0.153315 0.000000 0.096192 0.869431 0.484600 40.599400 -0.226672 -0.454931 0.861195 0.000000 0.000000 0.000000 0.000000 1.000000
0.969646 -0.190197 0.153660 -0.000000 0.043304 0.752081 0.657647 40.599400 -0.240648 -0.631031 0.737488 0.000000 0.000000 0.000000 0.000000 1.000000
0.971066 -0.186956 0.148590 -0.000000 -0.047255 0.459472 0.886934 40.599400 -0.234091 -0.868293 0.437343 0.000000 0.000000 0.000000 0.000000 1.000000
0.974585 -0.167329 0.148945 -0.000000 -0.125277 0.144101 0.981601 40.599400 -0.185713 -0.975313 0.119476 0.000000 0.000000 0.000000 0.000000 1.000000
0.981881 -0.112045 0.152823 -0.000000 -0.161620 -0.074116 0.984066 40.599400 -0.098933 -0.990935 -0.090882 0.000000 0.000000 0.000000 0.000000 1.000000
0.986773 -0.029146 0.159467 0.000000 -0.161899 -0.127126 0.978585 40.599400 -0.008249 -0.991458 -0.130163 0.000000 0.000000 0.000000 0.000000 1.000000
0.984600 0.055040 0.165935 -0.000000 -0.163030 -0.053648 0.985161 40.599400 0.063125 -0.997042 -0.043848 0.000000 0.000000 0.000000 0.000000 1.000000
0.978623 0.115509 0.170161 -0.000000 -0.182148 0.102626 0.977901 40.599400 0.095493 -0.987991 0.121471 0.000000 0.000000 0.000000 0.000000 1.000000
0.974080 0.145627 0.173092 0.000000 -0.210689 0.305588 0.928561 40.599400 0.082329 -0.940962 0.328349 -0.000000 0.000000 0.000000 0.000000 1.000000
0.972268 0.154354 0.175698 -0.000000 -0.230994 0.516359 0.824630 40.599400 0.036562 -0.842347 0.537694 -0.000000 0.000000 0.000000 0.000000 1.000000
0.971734 0.155170 0.177918 0.000000 -0.235877 0.669221 0.704631 40.599400 -0.009729 -0.726681 0.686906 0.000000 0.000000 0.000000 0.000000 1.000000
0.971097 0.156339 0.180360 0.000000 -0.234683 0.763227 0.602004 40.599400 -0.043539 -0.626931 0.777857 0.000000 0.000000 0.000000 0.000000 1.000000
0.971110 0.157547 0.179231 0.000000 -0.232959 0.788685 0.568952 40.599400 -0.051721 -0.594269 0.802602 0.000000 0.000000 0.000000 0.000000 1.000000
0.971488 0.160294 0.174693 -0.000000 -0.233591 0.773247 0.589512 40.599400 -0.040586 -0.613510 0.788644 -0.000000 0.000000 0.000000 0.000000 1.000000
0.972149 0.157765 0.173312 0.000000 -0.233853 0.701840 0.672854 40.599400 -0.015485 -0.694644 0.719187 -0.000000 0.000000 0.000000 0.000000 1.000000
0.973196 0.155841 0.169122 0.000000 -0.229966 0.666034 0.709587 40.599400 -0.002059 -0.729460 0.684020 0.000000 0.000000 0.000000 0.000000 1.000000
0.973443 0.154401 0.169026 0.000000 -0.228893 0.643046 0.730821 40.599400 0.004148 -0.750101 0.661310 0.000000 0.000000 0.000000 0.000000 1.000000
0.974117 0.154145 0.165336 0.000000 -0.225980 0.646410 0.728757 40.599400 0.005460 -0.747257 0.664513 -0.000000 0.000000 0.000000 0.000000 1.000000
0.975442 0.154615 0.156869 0.000000 -0.220258 0.683840 0.695593 40.599400 0.000276 -0.713062 0.701101 0.000000 0.000000 0.000000 0.000000 1.000000
0.977041 0.154932 0.146239 0.000000 -0.212821 0.741491 0.636316 40.599400 -0.009849 -0.652830 0.757440 0.000000 0.000000 0.000000 0.000000 1.000000
0.977867 0.155018 0.140517 -0.000000 -0.207999 0.792904 0.572747 40.599400 -0.022630 -0.589298 0.807599 0.000000 0.000000 0.000000 0.000000 1.000000
0.977987 0.155411 0.139246 -0.000000 -0.206089 0.823960 0.527842 40.599400 -0.032701 -0.544919 0.837851 0.000000 0.000000 0.000000 0.000000 1.000000
0.978523 0.155899 0.134861 0.000000 -0.203371 0.836915 0.508147 40.599400 -0.033648 -0.524661 0.850646 -0.000000 0.000000 0.000000 0.000000 1.000000
0.980359 0.155524 0.121275 0.000000 -0.196219 0.831026 0.520475 40.599400 -0.019836 -0.534049 0.845221 -0.000000 0.000000 0.000000 0.000000 1.000000
0.983612 0.148653 0.102029 0.000000 -0.180299 0.811412 0.555971 40.599400 -0.000141 -0.565255 0.824916 -0.000000 0.000000 0.000000 0.000000 1.000000
0.987839 0.133410 0.079848 -0.000000 -0.154458 0.783284 0.602170 40.599400 0.017792 -0.607181 0.794365 0.000000 0.000000 0.000000 0.000000 1.000000</float_array>
        <technique_common>
          <accessor source="#mixamorig_RightLeg-Matrix-animation-output-transform-array" count="51" stride="16">
            <param type="float4x4"/>
          </accessor>
        </technique_common>
      </source>
      <source id="mixamorig_RightLeg-Interpolations">
        <Name_array id="mixamorig_RightLeg-Interpolations-array" count="51">
 LINEAR LINEAR LINEAR LINEAR LINEAR LINEAR LINEAR LINEAR LINEAR LINEAR LINEAR
LINEAR LINEAR LINEAR LINEAR LINEAR LINEAR LINEAR LINEAR LINEAR LINEAR LINEAR LINEAR
LINEAR LINEAR LINEAR LINEAR LINEAR LINEAR LINEAR LINEAR LINEAR LINEAR LINEAR LINEAR
LINEAR LINEAR LINEAR LINEAR LINEAR LINEAR LINEAR LINEAR LINEAR LINEAR LINEAR LINEAR
LINEAR LINEAR LINEAR LINEAR</Name_array>
        <technique_common>
          <accessor source="#mixamorig_RightLeg-Interpolations-array" count="51">
            <param type="name"/>
          </accessor>
        </technique_common>
      </source>
      <sampler id="mixamorig_RightLeg-Matrix-animation-transform">
        <input semantic="INPUT" source="#mixamorig_RightLeg-Matrix-animation-input"/>
        <input semantic="OUTPUT" source="#mixamorig_RightLeg-Matrix-animation-output-transform"/>
        <input semantic="INTERPOLATION" source="#mixamorig_RightLeg-Interpolations"/>
      </sampler>
      <channel source="#mixamorig_RightLeg-Matrix-animation-transform" target="mixamorig_RightLeg/matrix"/>
    </animation>
    <animation id="mixamorig_RightFoot-anim" name="mixamorig_RightFoot">
      <source id="mixamorig_RightFoot-Matrix-animation-input">
        <float_array id="mixamorig_RightFoot-Matrix-animation-input-array" count="51">

0.000000 0.033333 0.066667 0.100000 0.133333 0.166667 0.200000 0.233333 0.266667 0.300000 0.333333 0.366667 0.400000 0.433333 0.466667 0.500000
0.533333 0.566667 0.600000 0.633333 0.666667 0.700000 0.733333 0.766667 0.800000 0.833333 0.866667 0.900000 0.933333 0.966667 1.000000 1.033333
1.066667 1.100000 1.133333 1.166667 1.200000 1.233333 1.266667 1.300000 1.333333 1.366667 1.400000 1.433333 1.466667 1.500000 1.533333 1.566667
1.600000 1.633333 1.666667</float_array>
        <technique_common>
          <accessor source="#mixamorig_RightFoot-Matrix-animation-input-array" count="51">
            <param name="TIME" type="float"/>
          </accessor>
        </technique_common>
      </source>
      <source id="mixamorig_RightFoot-Matrix-animation-output-transform">
        <float_array id="mixamorig_RightFoot-Matrix-animation-output-transform-array" count="816">

0.974360 -0.206821 -0.088591 0.000000 0.013814 0.447989 -0.893932 42.098999 0.224571 0.869788 0.439360 -0.000000 0.000000 0.000000 0.000000 1.000000
0.973273 -0.220971 -0.062534 -0.000000 0.033720 0.406861 -0.912867 42.098999 0.227160 0.886361 0.403438 0.000000 0.000000 0.000000 0.000000 1.000000
0.970046 -0.241466 -0.026544 0.000000 0.066244 0.368074 -0.927434 42.098999 0.233714 0.897895 0.373045 -0.000000 0.000000 0.000000 0.000000 1.000000
0.965349 -0.260929 0.004262 0.000000 0.097325 0.344818 -0.933610 42.098999 0.242137 0.901674 0.358265 0.000000 0.000000 0.000000 0.000000 1.000000
0.962608 -0.270646 0.011724 0.000000 0.106468 0.338172 -0.935042 42.098999 0.249101 0.901327 0.354343 -0.000000 0.000000 0.000000 0.000000 1.000000
0.962341 -0.271556 -0.012506 0.000000 0.084237 0.341626 -0.936053 42.098999 0.258463 0.899749 0.351636 0.000000 0.000000 0.000000 0.000000 1.000000
0.959604 -0.275118 -0.058914 0.000000 0.035227 0.325232 -0.944978 42.098999 0.279142 0.904729 0.321785 0.000000 0.000000 0.000000 0.000000 1.000000
0.950206 -0.292172 -0.108366 -0.000000 -0.020972 0.287003 -0.957700 42.098999 0.310915 0.912285 0.266584 0.000000 0.000000 0.000000 0.000000 1.000000
0.935145 -0.321118 -0.149620 0.000000 -0.071151 0.243489 -0.967290 42.098999 0.347045 0.915203 0.204849 -0.000000 0.000000 0.000000 0.000000 1.000000
0.916911 -0.353953 -0.184367 0.000000 -0.111856 0.215528 -0.970070 42.098999 0.383095 0.910091 0.158029 0.000000 0.000000 0.000000 0.000000 1.000000
0.896936 -0.388449 -0.211217 0.000000 -0.140737 0.202041 -0.969212 42.098999 0.419164 0.899048 0.126548 0.000000 0.000000 0.000000 0.000000 1.000000
0.878057 -0.420960 -0.227614 0.000000 -0.164635 0.180877 -0.969628 42.098999 0.449345 0.888862 0.089515 -0.000000 0.000000 0.000000 0.000000 1.000000
0.861762 -0.431525 -0.266743 0.000000 -0.241682 0.113088 -0.963743 42.098999 0.446045 0.894984 -0.006837 0.000000 0.000000 0.000000 0.000000 1.000000
0.844595 -0.412344 -0.341515 -0.000000 -0.381276 -0.015400 -0.924333 42.098999 0.375884 0.910898 -0.170223 0.000000 0.000000 0.000000 0.000000 1.000000
0.824402 -0.396380 -0.404035 0.000000 -0.482937 -0.120326 -0.867349 42.098999 0.295184 0.910167 -0.290624 0.000000 0.000000 0.000000 0.000000 1.000000
0.813800 -0.382159 -0.437817 -0.000000 -0.507723 -0.101001 -0.855579 42.098999 0.282747 0.918560 -0.276226 0.000000 0.000000 0.000000 0.000000 1.000000
0.799869 -0.369452 -0.472985 0.000000 -0.531275 -0.069230 -0.844366 42.098999 0.279208 0.926667 -0.251656 0.000000 0.000000 0.000000 0.000000 1.000000
0.765719 -0.347457 -0.541247 0.000000 -0.602924 -0.094743 -0.792153 42.098999 0.223960 0.932897 -0.282037 -0.000000 0.000000 0.000000 0.000000 1.000000
0.741316 -0.298705 -0.601020 0.000000 -0.651472 -0.104969 -0.751376 42.098999 0.161352 0.948555 -0.272413 0.000000 0.000000 0.000000 0.000000 1.000000
0.738502 -0.208252 -0.641284 0.000000 -0.664479 -0.063453 -0.744608 42.098999 0.114375 0.976015 -0.185239 -0.000000 0.000000 0.000000 0.000000 1.000000
0.740448 -0.130240 -0.659374 0.000000 -0.661848 0.029525 -0.749057 42.098999 0.117025 0.991043 -0.064337 0.000000 0.000000 0.000000 0.000000 1.000000
0.753330 -0.127325 -0.645199 0.000000 -0.626553 0.159124 -0.762962 42.098999 0.199810 0.979014 0.040097 0.000000 0.000000 0.000000 0.000000 1.000000
0.776889 -0.189424 -0.600468 -0.000000 -0.553606 0.248800 -0.794745 42.098999 0.299940 0.949851 0.088424 0.000000 0.000000 0.000000 0.000000 1.000000
0.828766 -0.260868 -0.495071 -0.000000 -0.422384 0.288701 -0.859211 42.098999 0.367068 0.921195 0.129079 0.000000 0.000000 0.000000 0.000000 1.000000
0.897221 -0.261964 -0.355485 0.000000 -0.259678 0.338112 -0.904571 42.098999 0.357159 0.903911 0.235335 -0.000000 0.000000 0.000000 0.000000 1.000000
0.947859 -0.183727 -0.260401 0.000000 -0.164591 0.417472 -0.893659 42.098999 0.272899 0.889922 0.365465 0.000000 0.000000 0.000000 0.000000 1.000000
0.968847 -0.094826 -0.228786 -0.000000 -0.166161 0.436131 -0.884410 42.098999 0.183645 0.894873 0.406787 0.000000 0.000000 0.000000 0.000000 1.000000
0.966667 -0.023102 -0.254994 0.000000 -0.223790 0.407626 -0.885302 42.098999 0.124394 0.912856 0.388869 0.000000 0.000000 0.000000 0.000000 1.000000
0.961564 0.045092 -0.270853 0.000000 -0.266448 0.391539 -0.880740 42.098999 0.066336 0.919056 0.388504 -0.000000 0.000000 0.000000 0.000000 1.000000
0.970475 0.121305 -0.208480 0.000000 -0.239887 0.395219 -0.886711 42.098999 -0.025167 0.910542 0.412650 0.000000 0.000000 0.000000 0.000000 1.000000
0.977338 0.200299 -0.068492 -0.000000 -0.148000 0.415212 -0.897605 42.098999 -0.151350 0.887400 0.435447 -0.000000 0.000000 0.000000 0.000000 1.000000
0.961834 0.257506 0.092552 -0.000000 -0.024235 0.417072 -0.908550 42.098999 -0.272558 0.871631 0.407395 0.000000 0.000000 0.000000 0.000000 1.000000
0.938389 0.273331 0.211463 -0.000000 0.097405 0.377899 -0.920709 42.098999 -0.331570 0.884580 0.327993 0.000000 0.000000 0.000000 0.000000 1.000000
0.932753 0.241734 0.267463 0.000000 0.187831 0.307388 -0.932862 42.098999 -0.307720 0.920368 0.241312 0.000000 0.000000 0.000000 0.000000 1.000000
0.946391 0.169419 0.275031 0.000000 0.228999 0.248617 -0.941142 42.098999 -0.227824 0.953670 0.196492 -0.000000 0.000000 0.000000 0.000000 1.000000
0.965501 0.083697 0.246584 -0.000000 0.220795 0.238891 -0.945611 42.098999 -0.138052 0.967433 0.212170 -0.000000 0.000000 0.000000 0.000000 1.000000
0.980764 0.014066 0.194688 0.000000 0.181432 0.302194 -0.935821 42.098999 -0.071996 0.953143 0.293829 0.000000 0.000000 0.000000 0.000000 1.000000
0.986691 -0.029147 0.159974 0.000000 0.158965 0.379983 -0.911232 42.098999 -0.034228 0.924534 0.379559 0.000000 0.000000 0.000000 0.000000 1.000000
0.975937 -0.064726 0.208227 0.000000 0.216630 0.396781 -0.891984 42.098999 -0.024886 0.915628 0.401255 0.000000 0.000000 0.000000 0.000000 1.000000
0.951831 -0.081757 0.295522 0.000000 0.306074 0.310947 -0.899795 42.098999 -0.018327 0.946904 0.320993 0.000000 0.000000 0.000000 0.000000 1.000000
0.934888 -0.090202 0.343290 0.000000 0.354882 0.255499 -0.899321 42.098999 -0.006590 0.962592 0.270874 0.000000 0.000000 0.000000 0.000000 1.000000
0.938574 -0.087609 0.333771 0.000000 0.345038 0.223455 -0.911601 42.098999 0.005282 0.970769 0.239957 0.000000 0.000000 0.000000 0.000000 1.000000
0.949891 -0.084380 0.300977 0.000000 0.312290 0.214577 -0.925436 42.098999 0.013506 0.973055 0.230176 0.000000 0.000000 0.000000 0.000000 1.000000
0.958359 -0.085780 0.272378 -0.000000 0.285036 0.229266 -0.930694 42.098999 0.017388 0.969577 0.244170 -0.000000 0.000000 0.000000 0.000000 1.000000
0.962660 -0.089446 0.255508 0.000000 0.270203 0.259664 -0.927127 42.098999 0.016581 0.961548 0.274137 0.000000 0.000000 0.000000 0.000000 1.000000
0.967341 -0.090673 0.236706 0.000000 0.253045 0.290813 -0.922711 42.098999 0.014828 0.952474 0.304260 0.000000 0.000000 0.000000 0.000000 1.000000
0.971883 -0.092276 0.216631 -0.000000 0.234763 0.308745 -0.921717 42.098999 0.018169 0.946658 0.321727 -0.000000 0.000000 0.000000 0.000000 1.000000
0.972253 -0.099252 0.211834 0.000000 0.232520 0.310634 -0.921651 42.098999 0.025673 0.945334 0.325093 -0.000000 0.000000 0.000000 0.000000 1.000000
0.967533 -0.109900 0.227602 -0.000000 0.250671 0.302095 -0.919730 42.098999 0.032320 0.946922 0.319835 0.000000 0.000000 0.000000 0.000000 1.000000
0.963511 -0.113492 0.242417 -0.000000 0.265193 0.281864 -0.922077 42.098999 0.036320 0.952718 0.301677 0.000000 0.000000 0.000000 0.000000 1.000000
0.962857 -0.109273 0.246914 0.000000 0.267271 0.255707 -0.929075 42.098999 0.038386 0.960559 0.275415 -0.000000 0.000000 0.000000 0.000000 1.000000</float_array>
        <technique_common>
          <accessor source="#mixamorig_RightFoot-Matrix-animation-output-transform-array" count="51" stride="16">
            <param type="float4x4"/>
          </accessor>
        </technique_common>
      </source>
      <source id="mixamorig_RightFoot-Interpolations">
        <Name_array id="mixamorig_RightFoot-Interpolations-array" count="51">
 LINEAR LINEAR LINEAR LINEAR LINEAR LINEAR LINEAR LINEAR LINEAR LINEAR LINEAR
LINEAR LINEAR LINEAR LINEAR LINEAR LINEAR LINEAR LINEAR LINEAR LINEAR LINEAR LINEAR
LINEAR LINEAR LINEAR LINEAR LINEAR LINEAR LINEAR LINEAR LINEAR LINEAR LINEAR LINEAR
LINEAR LINEAR LINEAR LINEAR LINEAR LINEAR LINEAR LINEAR LINEAR LINEAR LINEAR LINEAR
LINEAR LINEAR LINEAR LINEAR</Name_array>
        <technique_common>
          <accessor source="#mixamorig_RightFoot-Interpolations-array" count="51">
            <param type="name"/>
          </accessor>
        </technique_common>
      </source>
      <sampler id="mixamorig_RightFoot-Matrix-animation-transform">
        <input semantic="INPUT" source="#mixamorig_RightFoot-Matrix-animation-input"/>
        <input semantic="OUTPUT" source="#mixamorig_RightFoot-Matrix-animation-output-transform"/>
        <input semantic="INTERPOLATION" source="#mixamorig_RightFoot-Interpolations"/>
      </sampler>
      <channel source="#mixamorig_RightFoot-Matrix-animation-transform" target="mixamorig_RightFoot/matrix"/>
    </animation>
    <animation id="mixamorig_RightToeBase-anim" name="mixamorig_RightToeBase">
      <source id="mixamorig_RightToeBase-Matrix-animation-input">
        <float_array id="mixamorig_RightToeBase-Matrix-animation-input-array" count="51">

0.000000 0.033333 0.066667 0.100000 0.133333 0.166667 0.200000 0.233333 0.266667 0.300000 0.333333 0.366667 0.400000 0.433333 0.466667 0.500000
0.533333 0.566667 0.600000 0.633333 0.666667 0.700000 0.733333 0.766667 0.800000 0.833333 0.866667 0.900000 0.933333 0.966667 1.000000 1.033333
1.066667 1.100000 1.133333 1.166667 1.200000 1.233333 1.266667 1.300000 1.333333 1.366667 1.400000 1.433333 1.466667 1.500000 1.533333 1.566667
1.600000 1.633333 1.666667</float_array>
        <technique_common>
          <accessor source="#mixamorig_RightToeBase-Matrix-animation-input-array" count="51">
            <param name="TIME" type="float"/>
          </accessor>
        </technique_common>
      </source>
      <source id="mixamorig_RightToeBase-Matrix-animation-output-transform">
        <float_array id="mixamorig_RightToeBase-Matrix-animation-output-transform-array" count="816">

0.997580 -0.007879 0.069086 0.000000 0.045459 0.825724 -0.562239 15.721600 -0.052616 0.564019 0.824084 0.000000 0.000000 0.000000 0.000000 1.000000
0.997549 -0.009776 0.069282 0.000000 0.045197 0.845904 -0.531416 15.721600 -0.053411 0.533245 0.844273 0.000000 0.000000 0.000000 0.000000 1.000000
0.997542 -0.010237 0.069319 0.000000 0.045130 0.850626 -0.523831 15.721600 -0.053602 0.525672 0.848997 0.000000 0.000000 0.000000 0.000000 1.000000
0.997551 -0.009693 0.069275 0.000000 0.045210 0.845045 -0.532780 15.721600 -0.053376 0.534607 0.843414 0.000000 0.000000 0.000000 0.000000 1.000000
0.997561 -0.009027 0.069213 -0.000000 0.045304 0.838080 -0.543664 15.721600 -0.053098 0.545473 0.836444 -0.000000 0.000000 0.000000 0.000000 1.000000
0.997569 -0.008537 0.069162 0.000000 0.045371 0.832871 -0.551604 15.721600 -0.052894 0.553401 0.831234 0.000000 0.000000 0.000000 0.000000 1.000000
0.997571 -0.008391 0.069146 0.000000 0.045391 0.831299 -0.553969 15.721600 -0.052832 0.555763 0.829661 -0.000000 0.000000 0.000000 0.000000 1.000000
0.997575 -0.008156 0.069119 0.000000 0.045422 0.828750 -0.557772 15.721600 -0.052734 0.559559 0.827111 -0.000000 0.000000 0.000000 0.000000 1.000000
0.997582 -0.007740 0.069069 -0.000000 0.045477 0.824198 -0.564473 15.721600 -0.052558 0.566249 0.822557 0.000000 0.000000 0.000000 0.000000 1.000000
0.997588 -0.007389 0.069024 0.000000 0.045521 0.820313 -0.570101 15.721600 -0.052409 0.571868 0.818670 0.000000 0.000000 0.000000 0.000000 1.000000
0.997595 -0.006943 0.068963 -0.000000 0.045577 0.815324 -0.577209 15.721600 -0.052220 0.578964 0.813679 0.000000 0.000000 0.000000 0.000000 1.000000
0.997600 -0.006645 0.068920 0.000000 0.045613 0.811947 -0.581947 15.721600 -0.052092 0.583694 0.810301 0.000000 0.000000 0.000000 0.000000 1.000000
0.997591 -0.007197 0.068999 0.000000 0.045546 0.818172 -0.573166 15.721600 -0.052327 0.574928 0.816529 -0.000000 0.000000 0.000000 0.000000 1.000000
0.997601 -0.006571 0.068909 -0.000000 0.045622 0.811101 -0.583124 15.721600 -0.052060 0.584870 0.809455 -0.000000 0.000000 0.000000 0.000000 1.000000
0.997637 -0.004517 0.068563 0.000000 0.045851 0.786948 -0.615314 15.721600 -0.051176 0.617003 0.785295 0.000000 0.000000 0.000000 0.000000 1.000000
0.997702 -0.000939 0.067753 -0.000000 0.046167 0.741319 -0.669563 15.721600 -0.049598 0.671152 0.739659 0.000000 0.000000 0.000000 0.000000 1.000000
0.997861 0.006856 0.065013 0.000000 0.046464 0.625182 -0.779095 15.721600 -0.045986 0.780449 0.623526 0.000000 0.000000 0.000000 0.000000 1.000000
0.997991 0.012429 0.062121 0.000000 0.046303 0.526131 -0.849142 15.721600 -0.043237 0.850313 0.524499 0.000000 0.000000 0.000000 0.000000 1.000000
0.998022 0.013631 0.061378 -0.000000 0.046221 0.502734 -0.863205 15.721600 -0.042623 0.864334 0.501109 0.000000 0.000000 0.000000 0.000000 1.000000
0.997921 0.009499 0.063748 -0.000000 0.046431 0.580035 -0.813267 15.721600 -0.044701 0.814536 0.578388 -0.000000 0.000000 0.000000 0.000000 1.000000
0.999047 0.002931 0.043544 0.000000 0.029815 0.682787 -0.730009 15.721600 -0.031871 0.730612 0.682049 0.000000 0.000000 0.000000 0.000000 1.000000
0.998937 -0.011101 -0.044730 0.000000 -0.022570 0.728363 -0.684820 15.721600 0.040182 0.685102 0.727339 -0.000000 0.000000 0.000000 0.000000 1.000000
0.993870 -0.031571 -0.105951 0.000000 -0.041111 0.784091 -0.619282 15.721600 0.102627 0.619842 0.777987 0.000000 0.000000 0.000000 0.000000 1.000000
0.991450 -0.041479 -0.123715 -0.000000 -0.035231 0.827817 -0.559891 15.721600 0.125637 0.559463 0.819278 0.000000 0.000000 0.000000 0.000000 1.000000
0.985829 -0.057651 -0.157534 -0.000000 -0.045230 0.812967 -0.580551 15.721600 0.161539 0.579450 0.798839 -0.000000 0.000000 0.000000 0.000000 1.000000
0.974662 -0.087654 -0.205793 0.000000 -0.077531 0.730604 -0.678386 15.721600 0.209816 0.677152 0.705296 0.000000 0.000000 0.000000 0.000000 1.000000
0.994509 -0.036571 -0.098048 -0.000000 -0.033982 0.773309 -0.633118 15.721600 0.098975 0.632974 0.767820 0.000000 0.000000 0.000000 0.000000 1.000000
0.997546 -0.009961 0.069297 -0.000000 0.045171 0.847812 -0.528370 15.721600 -0.053488 0.530204 0.846181 0.000000 0.000000 0.000000 0.000000 1.000000
0.997603 -0.006453 0.068892 0.000000 0.045636 0.809753 -0.584993 15.721600 -0.052010 0.586735 0.808107 0.000000 0.000000 0.000000 0.000000 1.000000
0.997621 -0.005432 0.068728 0.000000 0.045753 0.797890 -0.601064 15.721600 -0.051572 0.602779 0.796240 0.000000 0.000000 0.000000 0.000000 1.000000
0.997617 -0.005640 0.068763 0.000000 0.045730 0.800335 -0.597806 15.721600 -0.051662 0.599526 0.798686 0.000000 0.000000 0.000000 0.000000 1.000000
0.997608 -0.006147 0.068845 0.000000 0.045672 0.806232 -0.589834 15.721600 -0.051879 0.591567 0.804585 -0.000000 0.000000 0.000000 0.000000 1.000000
0.997590 -0.007267 0.069008 0.000000 0.045537 0.818958 -0.572045 15.721600 -0.052357 0.573808 0.817315 0.000000 0.000000 0.000000 0.000000 1.000000
0.997557 -0.009272 0.069237 0.000000 0.045270 0.840658 -0.539670 15.721600 -0.053201 0.541486 0.839024 -0.000000 0.000000 0.000000 0.000000 1.000000
0.997529 -0.011063 0.069375 0.000000 0.045005 0.858908 -0.510148 15.721600 -0.053943 0.512010 0.857284 0.000000 0.000000 0.000000 0.000000 1.000000
0.997517 -0.011905 0.069419 0.000000 0.044871 0.867126 -0.496064 15.721600 -0.054289 0.497947 0.865506 0.000000 0.000000 0.000000 0.000000 1.000000
0.997516 -0.011911 0.069419 -0.000000 0.044870 0.867178 -0.495973 15.721600 -0.054291 0.497856 0.865559 0.000000 0.000000 0.000000 0.000000 1.000000
0.997520 -0.011703 0.069409 0.000000 0.044904 0.865175 -0.499455 15.721600 -0.054206 0.501333 0.863555 0.000000 0.000000 0.000000 0.000000 1.000000
0.997511 -0.012265 0.069433 0.000000 0.044813 0.870554 -0.490027 15.721600 -0.054435 0.491919 0.868937 0.000000 0.000000 0.000000 0.000000 1.000000
0.997530 -0.011044 0.069374 0.000000 0.045007 0.858720 -0.510465 15.721600 -0.053935 0.512327 0.857095 0.000000 0.000000 0.000000 0.000000 1.000000
0.997525 -0.011358 0.069392 0.000000 0.044958 0.861816 -0.505225 15.721600 -0.054065 0.507094 0.860193 0.000000 0.000000 0.000000 0.000000 1.000000
0.997517 -0.011874 0.069417 0.000000 0.044876 0.866818 -0.496600 15.721600 -0.054276 0.498483 0.865199 -0.000000 0.000000 0.000000 0.000000 1.000000
0.997516 -0.011956 0.069420 0.000000 0.044863 0.867610 -0.495218 15.721600 -0.054309 0.497102 0.865991 -0.000000 0.000000 0.000000 0.000000 1.000000
0.997522 -0.011538 0.069401 0.000000 0.044930 0.863565 -0.502232 15.721600 -0.054138 0.504106 0.861943 0.000000 0.000000 0.000000 0.000000 1.000000
0.997523 -0.011491 0.069399 0.000000 0.044937 0.863117 -0.503000 15.721600 -0.054119 0.504873 0.861496 -0.000000 0.000000 0.000000 0.000000 1.000000
0.997518 -0.011799 0.069414 0.000000 0.044888 0.866097 -0.497856 15.721600 -0.054245 0.499736 0.864478 0.000000 0.000000 0.000000 0.000000 1.000000
0.997514 -0.012107 0.069427 0.000000 0.044838 0.869057 -0.492676 15.721600 -0.054371 0.494564 0.867439 0.000000 0.000000 0.000000 0.000000 1.000000
0.997507 -0.012577 0.069443 0.000000 0.044761 0.873505 -0.484753 15.721600 -0.054562 0.486653 0.871890 0.000000 0.000000 0.000000 0.000000 1.000000
0.997508 -0.012506 0.069441 -0.000000 0.044772 0.872841 -0.485947 15.721600 -0.054534 0.487845 0.871225 -0.000000 0.000000 0.000000 0.000000 1.000000
0.997512 -0.012239 0.069432 0.000000 0.044817 0.870313 -0.490456 15.721600 -0.054425 0.492348 0.868695 0.000000 0.000000 0.000000 0.000000 1.000000
0.997513 -0.012115 0.069427 0.000000 0.044837 0.869135 -0.492539 15.721600 -0.054374 0.494427 0.867517 0.000000 0.000000 0.000000 0.000000 1.000000</float_array>
        <technique_common>
          <accessor source="#mixamorig_RightToeBase-Matrix-animation-output-transform-array" count="51" stride="16">
            <param type="float4x4"/>
          </accessor>
        </technique_common>
      </source>
      <source id="mixamorig_RightToeBase-Interpolations">
        <Name_array id="mixamorig_RightToeBase-Interpolations-array" count="51">
 LINEAR LINEAR LINEAR LINEAR LINEAR LINEAR LINEAR LINEAR LINEAR LINEAR LINEAR
LINEAR LINEAR LINEAR LINEAR LINEAR LINEAR LINEAR LINEAR LINEAR LINEAR LINEAR LINEAR
LINEAR LINEAR LINEAR LINEAR LINEAR LINEAR LINEAR LINEAR LINEAR LINEAR LINEAR LINEAR
LINEAR LINEAR LINEAR LINEAR LINEAR LINEAR LINEAR LINEAR LINEAR LINEAR LINEAR LINEAR
LINEAR LINEAR LINEAR LINEAR</Name_array>
        <technique_common>
          <accessor source="#mixamorig_RightToeBase-Interpolations-array" count="51">
            <param type="name"/>
          </accessor>
        </technique_common>
      </source>
      <sampler id="mixamorig_RightToeBase-Matrix-animation-transform">
        <input semantic="INPUT" source="#mixamorig_RightToeBase-Matrix-animation-input"/>
        <input semantic="OUTPUT" source="#mixamorig_RightToeBase-Matrix-animation-output-transform"/>
        <input semantic="INTERPOLATION" source="#mixamorig_RightToeBase-Interpolations"/>
      </sampler>
      <channel source="#mixamorig_RightToeBase-Matrix-animation-transform" target="mixamorig_RightToeBase/matrix"/>
    </animation>
  </library_animations>
  <library_visual_scenes>
    <visual_scene id="RootNode" name="RootNode">
      <node id="mixamorig_Hips" name="mixamorig_Hips" sid="mixamorig_Hips" type="JOINT">
        <matrix sid="matrix">0.554833 -0.812677 0.178088 -0.770995 0.820495 0.499087 -0.278748 21.113476 0.137651 0.300779 0.943708 0.531111 0.000000 0.000000 0.000000 1.000000</matrix>
        <node id="mixamorig_Spine" name="mixamorig_Spine" sid="mixamorig_Spine" type="JOINT">
          <matrix sid="matrix">0.963550 -0.171162 -0.205608 0.000900 0.182348 0.982553 0.036603 9.923500 0.195756 -0.072761 0.977950 -1.227300 0.000000 0.000000 0.000000 1.000000</matrix>
          <node id="mixamorig_Spine1" name="mixamorig_Spine1" sid="mixamorig_Spine1" type="JOINT">
            <matrix sid="matrix">0.998720 0.019868 -0.046508 0.000000 -0.024155 0.995324 -0.093521 11.732000 0.044432 0.094524 0.994531 -0.000000 0.000000 0.000000 0.000000 1.000000</matrix>
            <node id="mixamorig_Spine2" name="mixamorig_Spine2" sid="mixamorig_Spine2" type="JOINT">
              <matrix sid="matrix">0.998931 0.007516 -0.045614 0.000000 -0.018386 0.969895 -0.242828 13.458800 0.042415 0.243407 0.968996 0.000000 0.000000 0.000000 0.000000 1.000000</matrix>
              <node id="mixamorig_Neck" name="mixamorig_Neck" sid="mixamorig_Neck" type="JOINT">
                <matrix sid="matrix">0.995528 0.085092 -0.041026 -0.000000 -0.090693 0.982437 -0.163072 15.027800 0.026430 0.166063 0.985761 0.877900 0.000000 0.000000 0.000000 1.000000</matrix>
                <node id="mixamorig_Head" name="mixamorig_Head" sid="mixamorig_Head" type="JOINT">
                  <matrix sid="matrix">0.844887 0.227590 -0.484116 -0.000000 -0.307991 0.946896 -0.092360 10.321800 0.437387 0.227137 0.870116 3.142400 0.000000 0.000000 0.000000 1.000000</matrix>
                  <node id="mixamorig_HeadTop_End" name="mixamorig_HeadTop_End" sid="mixamorig_HeadTop_End" type="JOINT">
                    <matrix sid="matrix">1.000000 0.000000 0.000000 0.000200 0.000000 1.000000 0.000000 18.474701 0.000000 -0.000000 1.000000 6.636400 0.000000 0.000000 0.000000 1.000000</matrix>
                  </node>
                </node>
              </node>
              <node id="mixamorig_LeftShoulder" name="mixamorig_LeftShoulder" sid="mixamorig_LeftShoulder" type="JOINT">
                <matrix sid="matrix">0.553426 0.832552 0.024024 6.105800 -0.046679 0.059802 -0.997118 9.106300 -0.831589 0.550710 0.071958 0.757100 0.000000 0.000000 0.000000 1.000000</matrix>
                <node id="mixamorig_LeftArm" name="mixamorig_LeftArm" sid="mixamorig_LeftArm" type="JOINT">
                  <matrix sid="matrix">0.092712 -0.994521 -0.048293 -0.000000 0.839853 0.104162 -0.532727 12.922300 0.534838 0.008831 0.844908 0.000000 0.000000 0.000000 0.000000 1.000000</matrix>
                  <node id="mixamorig_LeftForeArm" name="mixamorig_LeftForeArm" sid="mixamorig_LeftForeArm" type="JOINT">
                    <matrix sid="matrix">0.550678 -0.834718 -0.000000 -0.000000 0.834718 0.550678 -0.000000 27.404699 0.000000 -0.000000 1.000000 -0.000000 0.000000 0.000000 0.000000 1.000000</matrix>
                    <node id="mixamorig_LeftHand" name="mixamorig_LeftHand" sid="mixamorig_LeftHand" type="JOINT">
                      <matrix sid="matrix">0.780658 -0.141106 0.608820 0.000000 -0.401749 0.632911 0.661832 27.614500 -0.478717 -0.761257 0.437398 0.000000 0.000000 0.000000 0.000000 1.000000</matrix>
                      <node id="mixamorig_LeftHandThumb1" name="mixamorig_LeftHandThumb1" sid="mixamorig_LeftHandThumb1" type="JOINT">
                        <matrix sid="matrix">0.839629 -0.536491 -0.084856 -3.003000 0.529471 0.843271 -0.092484 3.788800 0.121174 0.032724 0.992092 2.167100 0.000000 0.000000 0.000000 1.000000</matrix>
                        <node id="mixamorig_LeftHandThumb2" name="mixamorig_LeftHandThumb2" sid="mixamorig_LeftHandThumb2" type="JOINT">
                          <matrix sid="matrix">0.963271 0.264339 0.047252 -0.000000 -0.267047 0.961471 0.065266 4.745000 -0.028179 -0.075487 0.996749 0.000000 0.000000 0.000000 0.000000 1.000000</matrix>
                          <node id="mixamorig_LeftHandThumb3" name="mixamorig_LeftHandThumb3" sid="mixamorig_LeftHandThumb3" type="JOINT">
                            <matrix sid="matrix">0.980119 -0.197641 -0.017448 0.000000 0.195471 0.946779 0.255736 4.382100 -0.034024 -0.254062 0.966589 -0.000000 0.000000 0.000000 0.000000 1.000000</matrix>
                            <node id="mixamorig_LeftHandThumb4" name="mixamorig_LeftHandThumb4" sid="mixamorig_LeftHandThumb4" type="JOINT">
                              <matrix sid="matrix">0.958041 -0.140321 0.249934 0.000000 0.144918 0.989444 0.000010 3.459100 -0.247297 0.036210 0.968263 -0.000000 0.000000 0.000000 0.000000 1.000000</matrix>
                            </node>
                          </node>
                        </node>
                      </node>
                      <node id="mixamorig_LeftHandIndex1" name="mixamorig_LeftHandIndex1" sid="mixamorig_LeftHandIndex1" type="JOINT">
                        <matrix sid="matrix">0.997245 -0.074007 0.005031 -2.822000 0.073904 0.997097 0.018320 12.266600 -0.006372 -0.017897 0.999820 0.231800 0.000000 0.000000 0.000000 1.000000</matrix>
                        <node id="mixamorig_LeftHandIndex2" name="mixamorig_LeftHandIndex2" sid="mixamorig_LeftHandIndex2" type="JOINT">
                          <matrix sid="matrix">0.999939 0.011032 -0.000596 0.000000 -0.011032 0.994127 -0.107655 3.892000 -0.000595 0.107655 0.994188 -0.000000 0.000000 0.000000 0.000000 1.000000</matrix>
                          <node id="mixamorig_LeftHandIndex3" name="mixamorig_LeftHandIndex3" sid="mixamorig_LeftHandIndex3" type="JOINT">
                            <matrix sid="matrix">0.999979 0.006497 -0.000206 0.000000 -0.006497 0.997967 -0.063404 3.415200 -0.000206 0.063404 0.997988 -0.000000 0.000000 0.000000 0.000000 1.000000</matrix>
                            <node id="mixamorig_LeftHandIndex4" name="mixamorig_LeftHandIndex4" sid="mixamorig_LeftHandIndex4" type="JOINT">
                              <matrix sid="matrix">0.999968 -0.000045 0.008004 -0.000000 0.000045 1.000000 -0.000001 3.078000 -0.008004 0.000002 0.999968 0.000000 0.000000 0.000000 0.000000 1.000000</matrix>
                            </node>
                          </node>
                        </node>
                      </node>
                      <node id="mixamorig_LeftHandMiddle1" name="mixamorig_LeftHandMiddle1" sid="mixamorig_LeftHandMiddle1" type="JOINT">
                        <matrix sid="matrix">0.999691 -0.024830 0.001471 -0.000000 0.024825 0.999686 0.003287 12.775500 -0.001552 -0.003249 0.999994 0.000000 0.000000 0.000000 0.000000 1.000000</matrix>
                        <node id="mixamorig_LeftHandMiddle2" name="mixamorig_LeftHandMiddle2" sid="mixamorig_LeftHandMiddle2" type="JOINT">
                          <matrix sid="matrix">0.999838 0.017923 -0.001580 0.000000 -0.017923 0.984423 -0.174899 3.614000 -0.001580 0.174899 0.984585 0.000000 0.000000 0.000000 0.000000 1.000000</matrix>
                          <node id="mixamorig_LeftHandMiddle3" name="mixamorig_LeftHandMiddle3" sid="mixamorig_LeftHandMiddle3" type="JOINT">
                            <matrix sid="matrix">0.999930 -0.011780 -0.000679 -0.000000 0.011780 0.993301 0.114953 3.459800 -0.000679 -0.114953 0.993371 0.000000 0.000000 0.000000 0.000000 1.000000</matrix>
                            <node id="mixamorig_LeftHandMiddle4" name="mixamorig_LeftHandMiddle4" sid="mixamorig_LeftHandMiddle4" type="JOINT">
                              <matrix sid="matrix">0.999957 0.001309 0.009159 0.000000 -0.001309 0.999999 -0.000003 3.680200 -0.009159 -0.000009 0.999958 0.000000 0.000000 0.000000 0.000000 1.000000</matrix>
                            </node>
                          </node>
                        </node>
                      </node>
                      <node id="mixamorig_LeftHandRing1" name="mixamorig_LeftHandRing1" sid="mixamorig_LeftHandRing1" type="JOINT">
                        <matrix sid="matrix">0.997877 0.065109 -0.001562 2.216600 -0.065083 0.996030 -0.060731 12.147000 -0.002398 0.060704 0.998153 -0.010000 0.000000 0.000000 0.000000 1.000000</matrix>
                        <node id="mixamorig_LeftHandRing2" name="mixamorig_LeftHandRing2" sid="mixamorig_LeftHandRing2" type="JOINT">
                          <matrix sid="matrix">0.999984 0.005592 -0.000153 -0.000000 -0.005592 0.998494 -0.054573 3.601200 -0.000153 0.054573 0.998510 0.000000 0.000000 0.000000 0.000000 1.000000</matrix>
                          <node id="mixamorig_LeftHandRing3" name="mixamorig_LeftHandRing3" sid="mixamorig_LeftHandRing3" type="JOINT">
                            <matrix sid="matrix">0.999998 -0.001946 -0.000018 -0.000000 0.001946 0.999818 0.018991 3.307300 -0.000019 -0.018991 0.999820 0.000000 0.000000 0.000000 0.000000 1.000000</matrix>
                            <node id="mixamorig_LeftHandRing4" name="mixamorig_LeftHandRing4" sid="mixamorig_LeftHandRing4" type="JOINT">
                              <matrix sid="matrix">0.999889 -0.001541 0.014793 0.000000 0.001541 0.999999 -0.000005 3.660100 -0.014793 0.000028 0.999891 -0.000000 0.000000 0.000000 0.000000 1.000000</matrix>
                            </node>
                          </node>
                        </node>
                      </node>
                      <node id="mixamorig_LeftHandPinky1" name="mixamorig_LeftHandPinky1" sid="mixamorig_LeftHandPinky1" type="JOINT">
                        <matrix sid="matrix">0.970363 0.241650 -0.000924 4.725800 -0.241272 0.968617 -0.059737 10.908200 -0.013541 0.058190 0.998214 0.226100 0.000000 0.000000 0.000000 1.000000</matrix>
                        <node id="mixamorig_LeftHandPinky2" name="mixamorig_LeftHandPinky2" sid="mixamorig_LeftHandPinky2" type="JOINT">
                          <matrix sid="matrix">0.999986 0.005222 -0.000133 0.000000 -0.005222 0.998687 -0.050960 4.136700 -0.000133 0.050960 0.998701 0.000000 0.000000 0.000000 0.000000 1.000000</matrix>
                          <node id="mixamorig_LeftHandPinky3" name="mixamorig_LeftHandPinky3" sid="mixamorig_LeftHandPinky3" type="JOINT">
                            <matrix sid="matrix">0.999986 0.005222 -0.000133 0.000000 -0.005222 0.998687 -0.050961 2.594800 -0.000133 0.050961 0.998701 0.000000 0.000000 0.000000 0.000000 1.000000</matrix>
                            <node id="mixamorig_LeftHandPinky4" name="mixamorig_LeftHandPinky4" sid="mixamorig_LeftHandPinky4" type="JOINT">
                              <matrix sid="matrix">0.999966 0.001150 0.008199 0.000000 -0.001150 0.999999 -0.000002 2.923900 -0.008199 -0.000007 0.999966 0.000000 0.000000 0.000000 0.000000 1.000000</matrix>
                            </node>
                          </node>
                        </node>
                      </node>
                    </node>
                  </node>
                </node>
              </node>
              <node id="mixamorig_RightShoulder" name="mixamorig_RightShoulder" sid="mixamorig_RightShoulder" type="JOINT">
                <matrix sid="matrix">0.179070 -0.983680 0.017511 -6.105700 -0.011040 -0.019806 -0.999743 9.106400 0.983774 0.178831 -0.014407 0.757100 0.000000 0.000000 0.000000 1.000000</matrix>
                <node id="mixamorig_RightArm" name="mixamorig_RightArm" sid="mixamorig_RightArm" type="JOINT">
                  <matrix sid="matrix">0.496047 -0.383969 0.778784 0.000000 0.707064 0.699216 -0.105626 12.922300 -0.503982 0.603046 0.618335 0.000000 0.000000 0.000000 0.000000 1.000000</matrix>
                  <node id="mixamorig_RightForeArm" name="mixamorig_RightForeArm" sid="mixamorig_RightForeArm" type="JOINT">
                    <matrix sid="matrix">-0.719073 0.694934 0.000000 -0.000000 -0.694934 -0.719073 0.000000 27.404699 0.000000 -0.000000 1.000000 0.000000 0.000000 0.000000 0.000000 1.000000</matrix>
                    <node id="mixamorig_RightHand" name="mixamorig_RightHand" sid="mixamorig_RightHand" type="JOINT">
                      <matrix sid="matrix">0.642295 -0.134904 -0.754492 -0.000000 0.489600 0.829590 0.268462 27.614500 0.589703 -0.541832 0.598890 -0.000000 0.000000 0.000000 0.000000 1.000000</matrix>
                      <node id="mixamorig_RightHandThumb1" name="mixamorig_RightHandThumb1" sid="mixamorig_RightHandThumb1" type="JOINT">
                        <matrix sid="matrix">0.871835 0.487388 -0.048543 3.003000 -0.467533 0.798562 -0.379093 3.788800 -0.146001 0.353202 0.924084 2.167100 0.000000 0.000000 0.000000 1.000000</matrix>
                        <node id="mixamorig_RightHandThumb2" name="mixamorig_RightHandThumb2" sid="mixamorig_RightHandThumb2" type="JOINT">
                          <matrix sid="matrix">0.954386 -0.294247 -0.050657 0.000000 0.297583 0.951248 0.081068 4.745000 0.024334 -0.092445 0.995420 -0.000000 0.000000 0.000000 0.000000 1.000000</matrix>
                          <node id="mixamorig_RightHandThumb3" name="mixamorig_RightHandThumb3" sid="mixamorig_RightHandThumb3" type="JOINT">
                            <matrix sid="matrix">0.995904 0.090263 0.005265 0.000000 -0.088062 0.955120 0.282828 4.382100 0.020500 -0.282133 0.959156 -0.000000 0.000000 0.000000 0.000000 1.000000</matrix>
                            <node id="mixamorig_RightHandThumb4" name="mixamorig_RightHandThumb4" sid="mixamorig_RightHandThumb4" type="JOINT">
                              <matrix sid="matrix">0.957214 0.140745 -0.252850 0.000000 -0.145440 0.989367 0.000124 3.459100 0.250179 0.036655 0.967505 0.000000 0.000000 0.000000 0.000000 1.000000</matrix>
                            </node>
                          </node>
                        </node>
                      </node>
                      <node id="mixamorig_RightHandIndex1" name="mixamorig_RightHandIndex1" sid="mixamorig_RightHandIndex1" type="JOINT">
                        <matrix sid="matrix">0.998218 0.059545 -0.004023 2.822000 -0.059288 0.997119 0.047321 12.266600 0.006829 -0.046998 0.998872 0.231800 0.000000 0.000000 0.000000 1.000000</matrix>
                        <node id="mixamorig_RightHandIndex2" name="mixamorig_RightHandIndex2" sid="mixamorig_RightHandIndex2" type="JOINT">
                          <matrix sid="matrix">0.999231 -0.038062 0.009443 -0.000000 0.038062 0.883314 -0.467234 3.892000 0.009442 0.467234 0.884083 0.000000 0.000000 0.000000 0.000000 1.000000</matrix>
                          <node id="mixamorig_RightHandIndex3" name="mixamorig_RightHandIndex3" sid="mixamorig_RightHandIndex3" type="JOINT">
                            <matrix sid="matrix">0.999231 -0.038062 0.009443 -0.000000 0.038062 0.883314 -0.467234 3.415200 0.009442 0.467234 0.884083 -0.000000 0.000000 0.000000 0.000000 1.000000</matrix>
                            <node id="mixamorig_RightHandIndex4" name="mixamorig_RightHandIndex4" sid="mixamorig_RightHandIndex4" type="JOINT">
                              <matrix sid="matrix">0.999906 -0.002748 -0.013418 -0.000000 0.002750 0.999996 0.000127 3.078000 0.013418 -0.000164 0.999910 0.000000 0.000000 0.000000 0.000000 1.000000</matrix>
                            </node>
                          </node>
                        </node>
                      </node>
                      <node id="mixamorig_RightHandMiddle1" name="mixamorig_RightHandMiddle1" sid="mixamorig_RightHandMiddle1" type="JOINT">
                        <matrix sid="matrix">0.999763 0.021760 0.001057 0.000000 -0.021682 0.998543 -0.049404 12.775500 -0.002130 0.049370 0.998778 0.000000 0.000000 0.000000 0.000000 1.000000</matrix>
                        <node id="mixamorig_RightHandMiddle2" name="mixamorig_RightHandMiddle2" sid="mixamorig_RightHandMiddle2" type="JOINT">
                          <matrix sid="matrix">0.999778 -0.020913 0.002731 0.000000 0.020913 0.966260 -0.256719 3.614000 0.002730 0.256719 0.966482 0.000000 0.000000 0.000000 0.000000 1.000000</matrix>
                          <node id="mixamorig_RightHandMiddle3" name="mixamorig_RightHandMiddle3" sid="mixamorig_RightHandMiddle3" type="JOINT">
                            <matrix sid="matrix">0.999997 0.002609 0.000042 0.000000 -0.002609 0.999483 0.032033 3.459800 0.000042 -0.032033 0.999487 0.000000 0.000000 0.000000 0.000000 1.000000</matrix>
                            <node id="mixamorig_RightHandMiddle4" name="mixamorig_RightHandMiddle4" sid="mixamorig_RightHandMiddle4" type="JOINT">
                              <matrix sid="matrix">0.999905 0.003417 -0.013389 -0.000000 -0.003415 0.999994 0.000126 3.680200 0.013390 -0.000080 0.999910 -0.000000 0.000000 0.000000 0.000000 1.000000</matrix>
                            </node>
                          </node>
                        </node>
                      </node>
                      <node id="mixamorig_RightHandRing1" name="mixamorig_RightHandRing1" sid="mixamorig_RightHandRing1" type="JOINT">
                        <matrix sid="matrix">0.997764 -0.066828 0.000290 -2.216600 0.066810 0.997369 -0.028127 12.147000 0.001590 0.028083 0.999604 -0.010000 0.000000 0.000000 0.000000 1.000000</matrix>
                        <node id="mixamorig_RightHandRing2" name="mixamorig_RightHandRing2" sid="mixamorig_RightHandRing2" type="JOINT">
                          <matrix sid="matrix">0.999969 -0.007821 0.000376 0.000000 0.007821 0.995350 -0.096008 3.601200 0.000376 0.096008 0.995380 0.000000 0.000000 0.000000 0.000000 1.000000</matrix>
                          <node id="mixamorig_RightHandRing3" name="mixamorig_RightHandRing3" sid="mixamorig_RightHandRing3" type="JOINT">
                            <matrix sid="matrix">0.999998 -0.001835 0.000021 -0.000000 0.001835 0.999745 -0.022518 3.307300 0.000021 0.022518 0.999746 0.000000 0.000000 0.000000 0.000000 1.000000</matrix>
                            <node id="mixamorig_RightHandRing4" name="mixamorig_RightHandRing4" sid="mixamorig_RightHandRing4" type="JOINT">
                              <matrix sid="matrix">0.999884 0.000602 -0.015226 0.000000 -0.000600 1.000000 0.000128 3.660100 0.015226 -0.000119 0.999884 0.000000 0.000000 0.000000 0.000000 1.000000</matrix>
                            </node>
                          </node>
                        </node>
                      </node>
                      <node id="mixamorig_RightHandPinky1" name="mixamorig_RightHandPinky1" sid="mixamorig_RightHandPinky1" type="JOINT">
                        <matrix sid="matrix">0.993357 -0.114973 0.004826 -4.725800 0.114903 0.993294 0.012855 10.908200 -0.006272 -0.012215 0.999906 0.226100 0.000000 0.000000 0.000000 1.000000</matrix>
                        <node id="mixamorig_RightHandPinky2" name="mixamorig_RightHandPinky2" sid="mixamorig_RightHandPinky2" type="JOINT">
                          <matrix sid="matrix">1.000000 0.000000 -0.000000 0.000000 -0.000000 1.000000 0.000000 4.136700 0.000000 -0.000000 1.000000 0.000000 0.000000 0.000000 0.000000 1.000000</matrix>
                          <node id="mixamorig_RightHandPinky3" name="mixamorig_RightHandPinky3" sid="mixamorig_RightHandPinky3" type="JOINT">
                            <matrix sid="matrix">1.000000 0.000148 0.000000 0.000000 -0.000148 0.999998 0.001810 2.594800 0.000000 -0.001810 0.999998 0.000000 0.000000 0.000000 0.000000 1.000000</matrix>
                            <node id="mixamorig_RightHandPinky4" name="mixamorig_RightHandPinky4" sid="mixamorig_RightHandPinky4" type="JOINT">
                              <matrix sid="matrix">0.999846 -0.004410 -0.016998 -0.000000 0.004413 0.999990 0.000127 2.923900 0.016997 -0.000202 0.999856 0.000000 0.000000 0.000000 0.000000 1.000000</matrix>
                            </node>
                          </node>
                        </node>
                      </node>
                    </node>
                  </node>
                </node>
              </node>
            </node>
          </node>
        </node>
        <node id="mixamorig_LeftUpLeg" name="mixamorig_LeftUpLeg" sid="mixamorig_LeftUpLeg" type="JOINT">
          <matrix sid="matrix">-0.959781 0.278530 -0.035241 9.123900 -0.145934 -0.387712 0.910155 -6.657200 0.239842 0.878692 0.412766 -0.055400 0.000000 0.000000 0.000000 1.000000</matrix>
          <node id="mixamorig_LeftLeg" name="mixamorig_LeftLeg" sid="mixamorig_LeftLeg" type="JOINT">
            <matrix sid="matrix">0.976915 -0.104277 -0.186451 0.000000 0.138328 -0.356336 0.924062 40.599400 -0.162798 -0.928521 -0.333686 0.000000 0.000000 0.000000 0.000000 1.000000</matrix>
            <node id="mixamorig_LeftFoot" name="mixamorig_LeftFoot" sid="mixamorig_LeftFoot" type="JOINT">
              <matrix sid="matrix">0.894964 0.086475 -0.437678 0.000000 -0.419941 0.494514 -0.760990 42.098999 0.150631 0.864857 0.478886 0.000000 0.000000 0.000000 0.000000 1.000000</matrix>
              <node id="mixamorig_LeftToeBase" name="mixamorig_LeftToeBase" sid="mixamorig_LeftToeBase" type="JOINT">
                <matrix sid="matrix">0.997521 0.007964 -0.069922 0.000000 -0.045940 0.826354 -0.561275 15.721600 0.053311 0.563095 0.824671 0.000000 0.000000 0.000000 0.000000 1.000000</matrix>
                <node id="mixamorig_LeftToe_End" name="mixamorig_LeftToe_End" sid="mixamorig_LeftToe_End" type="JOINT">
                  <matrix sid="matrix">1.000000 0.000000 0.000000 -0.000000 0.000000 1.000000 -0.000000 10.000000 0.000000 0.000000 1.000000 -0.000000 0.000000 0.000000 0.000000 1.000000</matrix>
                </node>
              </node>
            </node>
          </node>
        </node>
        <node id="mixamorig_RightUpLeg" name="mixamorig_RightUpLeg" sid="mixamorig_RightUpLeg" type="JOINT">
          <matrix sid="matrix">-0.912624 0.400625 -0.081339 -9.125000 -0.198052 -0.259242 0.945288 -6.655600 0.357620 0.878802 0.315935 -0.055400 0.000000 0.000000 0.000000 1.000000</matrix>
          <node id="mixamorig_RightLeg" name="mixamorig_RightLeg" sid="mixamorig_RightLeg" type="JOINT">
            <matrix sid="matrix">0.992390 -0.101195 -0.070150 -0.000000 -0.045046 -0.828593 0.558037 40.599400 -0.114596 -0.550630 -0.826846 -0.000000 0.000000 0.000000 0.000000 1.000000</matrix>
            <node id="mixamorig_RightFoot" name="mixamorig_RightFoot" sid="mixamorig_RightFoot" type="JOINT">
              <matrix sid="matrix">0.974360 -0.206821 -0.088591 0.000000 0.013814 0.447989 -0.893932 42.098999 0.224571 0.869788 0.439360 -0.000000 0.000000 0.000000 0.000000 1.000000</matrix>
              <node id="mixamorig_RightToeBase" name="mixamorig_RightToeBase" sid="mixamorig_RightToeBase" type="JOINT">
                <matrix sid="matrix">0.997580 -0.007879 0.069086 0.000000 0.045459 0.825724 -0.562239 15.721600 -0.052616 0.564019 0.824084 0.000000 0.000000 0.000000 0.000000 1.000000</matrix>
                <node id="mixamorig_RightToe_End" name="mixamorig_RightToe_End" sid="mixamorig_RightToe_End" type="JOINT">
                  <matrix sid="matrix">1.000000 -0.000000 0.000000 0.000000 -0.000000 1.000000 0.000000 10.000000 0.000000 0.000000 1.000000 0.000000 0.000000 0.000000 0.000000 1.000000</matrix>
                </node>
              </node>
            </node>
          </node>
        </node>
      </node>
    </visual_scene>
  </library_visual_scenes>
  <scene>
    <instance_visual_scene url="#RootNode"/>
  </scene>
</COLLADA>
